species	tree_tip	in_tree	life_expectancy_years	log_life_expectancy	log_life_expectancy_se	life_expectancy_lo95_years	life_expectancy_hi95_years	life_expectancy_definition	life_expectancy_setting	life_expectancy_source	max_longevity_years	max_longevity_source	body_mass_g	log_body_mass	log_body_mass_se	body_mass_source	brain_mass_g	log_brain_mass	log_brain_mass_se	clutch_size	incubation_days	fledging_age_days	age_first_repro_p05_years_raw
Agapornis canus	Agapornis_canus	True	5.369	1.680577937669935	0.056959688096815	4.802	6.003	mean life expectancy at birth; Gompertz bathtub survival model (BaSTA) fitted to ZIMS zoo records; sexes pooled	captive (ZIMS member institutions)	Smeele et al. 2022 (processed; raw records not public)	NA	not compiled (AnAge/ZIMS max records pending; kept separate from life expectancy)	30.23	3.4089363400648036	0.01262427896819596	Smeele et al. 2022 (ZIMS + literature)	1.152	0.1411437953713348	0.036986157232952295	3.975	23.1	43.0	16.0
Agapornis fischeri	Agapornis_fischeri	True	6.918	1.9341336069440533	0.03603104508022369	6.446	7.424	mean life expectancy at birth; Gompertz bathtub survival model (BaSTA) fitted to ZIMS zoo records; sexes pooled	captive (ZIMS member institutions)	Smeele et al. 2022 (processed; raw records not public)	NA	not compiled (AnAge/ZIMS max records pending; kept separate from life expectancy)	47.18	3.8540385289989425	0.0065649099911673095	Smeele et al. 2022 (ZIMS + literature)	1.948	0.6666576376681512	0.03561689641030891	5.325	22.85	38.4	67.0
Agapornis lilianae	Agapornis_lilianae	True	5.787	1.755530016501098	0.06199668673294325	5.124	6.534	mean life expectancy at birth; Gompertz bathtub survival model (BaSTA) fitted to ZIMS zoo records; sexes pooled	captive (ZIMS member institutions)	Smeele et al. 2022 (processed; raw records not public)	NA	not compiled (AnAge/ZIMS max records pending; kept separate from life expectancy)	37.67	3.6289040053489856	0.015687659035467382	Smeele et al. 2022 (ZIMS + literature)	1.537	0.42981707889748827	0.03473106369425475	5.7	NA	44.2	69.0
Agapornis nigrigenis	Agapornis_nigrigenis	True	5.366	1.6801000330620932	0.039416144238863575	4.967	5.797	mean life expectancy at birth; Gompertz bathtub survival model (BaSTA) fitted to ZIMS zoo records; sexes pooled	captive (ZIMS member institutions)	Smeele et al. 2022 (processed; raw records not public)	NA	not compiled (AnAge/ZIMS max records pending; kept separate from life expectancy)	41.48	3.725257146631536	0.005428953954290796	Smeele et al. 2022 (ZIMS + literature)	1.926	0.6555038876796367	0.09887196718611982	4.9	23.6	40.6	64.0
Agapornis personatus	Agapornis_personatus	True	5.384	1.6834208208540375	0.03945765190259209	4.983	5.817	mean life expectancy at birth; Gompertz bathtub survival model (BaSTA) fitted to ZIMS zoo records; sexes pooled	captive (ZIMS member institutions)	Smeele et al. 2022 (processed; raw records not public)	NA	not compiled (AnAge/ZIMS max records pending; kept separate from life expectancy)	46.69	3.8435028989243256	0.008504615914887282	Smeele et al. 2022 (ZIMS + literature)	1.873	0.6276959620991434	0.030546256532875266	5.2	23.0	44.3	NA
Agapornis pullarius	Agapornis_pullarius	True	NA	NA	NA	NA	NA				NA	not compiled (AnAge/ZIMS max records pending; kept separate from life expectancy)	36.73	3.603668152487715	0.06006693479124021	Smeele et al. 2022 (ZIMS + literature)	1.439	0.36414553401301747	0.03241573334852106	4.35	23.0	45.5	NA
Agapornis roseicollis	Agapornis_roseicollis	True	8.203	2.1045193039330035	0.04033790007962597	7.58	8.878	mean life expectancy at birth; Gompertz bathtub survival model (BaSTA) fitted to ZIMS zoo records; sexes pooled	captive (ZIMS member institutions)	Smeele et al. 2022 (processed; raw records not public)	NA	not compiled (AnAge/ZIMS max records pending; kept separate from life expectancy)	50.97	3.931147188268459	0.019183233532513538	Smeele et al. 2022 (ZIMS + literature)	1.857	0.618751699709954	0.03686676542464609	4.966666666666667	23.3	42.8	80.0
Agapornis swindernianus	Agapornis_swindernianus	True	NA	NA	NA	NA	NA				NA	not compiled (AnAge/ZIMS max records pending; kept separate from life expectancy)	40.03	3.6896147851607726	0.13069124410982852	Smeele et al. 2022 (ZIMS + literature)	1.539	0.4311686802297782	0.06672806851927512	NA	NA	NA	NA
Agapornis taranta	Agapornis_taranta	True	6.479	1.8686322530061656	0.057003404779679405	5.794	7.245	mean life expectancy at birth; Gompertz bathtub survival model (BaSTA) fitted to ZIMS zoo records; sexes pooled	captive (ZIMS member institutions)	Smeele et al. 2022 (processed; raw records not public)	NA	not compiled (AnAge/ZIMS max records pending; kept separate from life expectancy)	49.05	3.892893662183998	0.01088076118296095	Smeele et al. 2022 (ZIMS + literature)	1.978	0.6818456321327308	0.04713058962774426	5.0	25.5	49.3	NA
Alipiopsitta xanthops	Alipiopsitta_xanthops	True	21.723	3.078350686019458	0.06740115887084316	19.034	24.79	mean life expectancy at birth; Gompertz bathtub survival model (BaSTA) fitted to ZIMS zoo records; sexes pooled	captive (ZIMS member institutions)	Smeele et al. 2022 (processed; raw records not public)	NA	not compiled (AnAge/ZIMS max records pending; kept separate from life expectancy)	269.22	5.595544737620993	0.024534913067860223	Smeele et al. 2022 (ZIMS + literature)	6.593	1.8859575297454074	0.07071067811865475	NA	NA	NA	NA
Alisterus amboinensis	Alisterus_amboinensis	True	7.362	1.9963300765433998	0.11226750671809561	5.908	9.174	mean life expectancy at birth; Gompertz bathtub survival model (BaSTA) fitted to ZIMS zoo records; sexes pooled	captive (ZIMS member institutions)	Smeele et al. 2022 (processed; raw records not public)	NA	not compiled (AnAge/ZIMS max records pending; kept separate from life expectancy)	187.56	5.234089258307075	0.037017195722208185	Smeele et al. 2022 (ZIMS + literature)	NA	NA	NA	2.0	19.0	63.0	NA
Alisterus chloropterus	Alisterus_chloropterus	True	8.505	2.140627080768963	0.09654131148674501	7.039	10.276	mean life expectancy at birth; Gompertz bathtub survival model (BaSTA) fitted to ZIMS zoo records; sexes pooled	captive (ZIMS member institutions)	Smeele et al. 2022 (processed; raw records not public)	NA	not compiled (AnAge/ZIMS max records pending; kept separate from life expectancy)	144.31	4.971959131741272	0.0195793251895667	Smeele et al. 2022 (ZIMS + literature)	NA	NA	NA	3.0	NA	NA	NA
Alisterus scapularis	Alisterus_scapularis	True	NA	NA	NA	NA	NA				NA	not compiled (AnAge/ZIMS max records pending; kept separate from life expectancy)	200.77	5.302149311530199	0.009885577708023096	Smeele et al. 2022 (ZIMS + literature)	4.208	1.4369280989155717	0.031879067298399344	4.35	20.0	35.0	NA
Amazona aestiva	Amazona_aestiva	True	21.501	3.0681036951514056	0.030065778506898188	20.271	22.806	mean life expectancy at birth; Gompertz bathtub survival model (BaSTA) fitted to ZIMS zoo records; sexes pooled	captive (ZIMS member institutions)	Smeele et al. 2022 (processed; raw records not public)	NA	not compiled (AnAge/ZIMS max records pending; kept separate from life expectancy)	401.06	5.994099123587805	0.011420815856540027	Smeele et al. 2022 (ZIMS + literature)	7.589	2.026688434095189	0.03839921133090997	3.125	29.25	NA	73.0
Amazona agilis	Amazona_agilis	True	7.427	2.005058099004212	0.1169278779299516	5.905	9.339	mean life expectancy at birth; Gompertz bathtub survival model (BaSTA) fitted to ZIMS zoo records; sexes pooled	captive (ZIMS member institutions)	Smeele et al. 2022 (processed; raw records not public)	NA	not compiled (AnAge/ZIMS max records pending; kept separate from life expectancy)	208.58	5.340318593101096	0.03123162811111284	Smeele et al. 2022 (ZIMS + literature)	5.135	1.6361061595162616	0.1	2.9	28.0	56.0	NA
Amazona albifrons	Amazona_albifrons	True	18.274	2.9054975597698887	0.04886805742063742	16.605	20.111	mean life expectancy at birth; Gompertz bathtub survival model (BaSTA) fitted to ZIMS zoo records; sexes pooled	captive (ZIMS member institutions)	Smeele et al. 2022 (processed; raw records not public)	NA	not compiled (AnAge/ZIMS max records pending; kept separate from life expectancy)	207.45	5.334909969122041	0.014038013714400981	Smeele et al. 2022 (ZIMS + literature)	5.228	1.653996147150248	0.0373735514709105	3.95	24.0	NA	NA
Amazona amazonica	Amazona_amazonica	True	19.921	2.9917665054486022	0.03995093155736349	18.42	21.543	mean life expectancy at birth; Gompertz bathtub survival model (BaSTA) fitted to ZIMS zoo records; sexes pooled	captive (ZIMS member institutions)	Smeele et al. 2022 (processed; raw records not public)	NA	not compiled (AnAge/ZIMS max records pending; kept separate from life expectancy)	386.26	5.956515236373753	0.013615294840652483	Smeele et al. 2022 (ZIMS + literature)	8.296	2.115758685172379	0.028486012424742517	3.35	21.0	60.0	NA
Amazona arausiaca	Amazona_arausiaca	True	NA	NA	NA	NA	NA				NA	not compiled (AnAge/ZIMS max records pending; kept separate from life expectancy)	619.41	6.428773627570905	0.1290036180769192	Smeele et al. 2022 (ZIMS + literature)	8.891	2.1849998017731824	0.0646404727621353	2.0	NA	NA	NA
Amazona auropalliata	Amazona_auropalliata	True	NA	NA	NA	NA	NA				NA	not compiled (AnAge/ZIMS max records pending; kept separate from life expectancy)	504.23	6.223037368008825	0.014037151092948159	Smeele et al. 2022 (ZIMS + literature)	9.551	2.2566740776621868	0.04408938158913008	3.0	29.0	60.0	NA
Amazona autumnalis	Amazona_autumnalis	True	22.885	3.1304706084422684	0.044560261670636044	20.971	24.973	mean life expectancy at birth; Gompertz bathtub survival model (BaSTA) fitted to ZIMS zoo records; sexes pooled	captive (ZIMS member institutions)	Smeele et al. 2022 (processed; raw records not public)	NA	not compiled (AnAge/ZIMS max records pending; kept separate from life expectancy)	425.98	6.054400290410726	0.0225660751668927	Smeele et al. 2022 (ZIMS + literature)	7.868	2.06279177748021	0.042218672312702564	3.625	NA	NA	NA
Amazona barbadensis	Amazona_barbadensis	True	16.581	2.8082587365187255	0.050847779080078086	15.008	18.319	mean life expectancy at birth; Gompertz bathtub survival model (BaSTA) fitted to ZIMS zoo records; sexes pooled	captive (ZIMS member institutions)	Smeele et al. 2022 (processed; raw records not public)	NA	not compiled (AnAge/ZIMS max records pending; kept separate from life expectancy)	296.07	5.6906018788338235	0.011699541654831598	Smeele et al. 2022 (ZIMS + literature)	7.143	1.9661128563728327	0.1	3.1	NA	NA	17.0
Amazona brasiliensis	Amazona_brasiliensis	True	19.863	2.988842970305758	0.0537183287204907	17.878	22.068	mean life expectancy at birth; Gompertz bathtub survival model (BaSTA) fitted to ZIMS zoo records; sexes pooled	captive (ZIMS member institutions)	Smeele et al. 2022 (processed; raw records not public)	NA	not compiled (AnAge/ZIMS max records pending; kept separate from life expectancy)	466.1	6.14440550741174	0.014346155592128781	Smeele et al. 2022 (ZIMS + literature)	7.162	1.9688119133419977	0.05773502691896258	3.75	NA	NA	NA
Amazona collaria	Amazona_collaria	True	12.742	2.5449034410566718	0.05115259977405381	11.526	14.086	mean life expectancy at birth; Gompertz bathtub survival model (BaSTA) fitted to ZIMS zoo records; sexes pooled	captive (ZIMS member institutions)	Smeele et al. 2022 (processed; raw records not public)	NA	not compiled (AnAge/ZIMS max records pending; kept separate from life expectancy)	225.84	5.419830447658306	0.020961304295661093	Smeele et al. 2022 (ZIMS + literature)	NA	NA	NA	3.75	24.5	70.0	NA
Amazona dufresniana	Amazona_dufresniana	True	20.069	2.999171581867451	0.10501446940324101	16.336	24.655	mean life expectancy at birth; Gompertz bathtub survival model (BaSTA) fitted to ZIMS zoo records; sexes pooled	captive (ZIMS member institutions)	Smeele et al. 2022 (processed; raw records not public)	NA	not compiled (AnAge/ZIMS max records pending; kept separate from life expectancy)	518.59	6.251107565772422	0.06850527929753168	Smeele et al. 2022 (ZIMS + literature)	9.006	2.1978678710219612	0.1	3.0	24.5	NA	NA
Amazona farinosa	Amazona_farinosa	True	NA	NA	NA	NA	NA				NA	not compiled (AnAge/ZIMS max records pending; kept separate from life expectancy)	654.91	6.48449883034757	0.02618348801475712	Smeele et al. 2022 (ZIMS + literature)	10.089	2.311445362110122	0.029820551599951582	3.0	NA	NA	NA
Amazona festiva	Amazona_festiva	True	NA	NA	NA	NA	NA				NA	not compiled (AnAge/ZIMS max records pending; kept separate from life expectancy)	442.16	6.091675328848338	0.02720721846443813	Smeele et al. 2022 (ZIMS + literature)	7.587	2.026419462603824	0.05773502691896258	NA	NA	NA	NA
Amazona finschi	Amazona_finschi	True	25.018	3.2195934806326547	0.05693967463543843	22.376	27.972	mean life expectancy at birth; Gompertz bathtub survival model (BaSTA) fitted to ZIMS zoo records; sexes pooled	captive (ZIMS member institutions)	Smeele et al. 2022 (processed; raw records not public)	NA	not compiled (AnAge/ZIMS max records pending; kept separate from life expectancy)	320.97	5.771352803257222	0.0160664466284364	Smeele et al. 2022 (ZIMS + literature)	6.651	1.8947039411882758	0.1	2.0	NA	NA	NA
Amazona guildingii	Amazona_guildingii	True	23.954	3.1761505143166042	0.09803514273809603	19.767	29.029	mean life expectancy at birth; Gompertz bathtub survival model (BaSTA) fitted to ZIMS zoo records; sexes pooled	captive (ZIMS member institutions)	Smeele et al. 2022 (processed; raw records not public)	NA	not compiled (AnAge/ZIMS max records pending; kept separate from life expectancy)	730.62	6.593889124753488	0.03025035117642674	Smeele et al. 2022 (ZIMS + literature)	8.764	2.1707070487759106	0.1	2.0	24.0	68.0	NA
Amazona imperialis	Amazona_imperialis	True	NA	NA	NA	NA	NA				NA	not compiled (AnAge/ZIMS max records pending; kept separate from life expectancy)	899.39	6.801720354390292	0.13191858156938557	Smeele et al. 2022 (ZIMS + literature)	9.435	2.244419295411841	0.0654300064748141	2.0	NA	NA	NA
Amazona leucocephala	Amazona_leucocephala	True	18.003	2.890523444342406	0.03542991696032166	16.795	19.297	mean life expectancy at birth; Gompertz bathtub survival model (BaSTA) fitted to ZIMS zoo records; sexes pooled	captive (ZIMS member institutions)	Smeele et al. 2022 (processed; raw records not public)	NA	not compiled (AnAge/ZIMS max records pending; kept separate from life expectancy)	259.83	5.560037119362808	0.011670405021296678	Smeele et al. 2022 (ZIMS + literature)	5.493	1.703466511734263	0.03231176007102994	3.75	27.0	58.0	54.0
Amazona lilacina	Amazona_lilacina	True	16.888	2.826587811211171	0.05405964506139354	15.19	18.775	mean life expectancy at birth; Gompertz bathtub survival model (BaSTA) fitted to ZIMS zoo records; sexes pooled	captive (ZIMS member institutions)	Smeele et al. 2022 (processed; raw records not public)	NA	not compiled (AnAge/ZIMS max records pending; kept separate from life expectancy)	334.68	5.813163499511323	0.009459731407823737	Smeele et al. 2022 (ZIMS + literature)	NA	NA	NA	NA	NA	NA	86.0
Amazona mercenarius	Amazona_mercenarius	True	NA	NA	NA	NA	NA				NA	not compiled (AnAge/ZIMS max records pending; kept separate from life expectancy)	424.89	6.051824619491036	0.12242795642516932	Smeele et al. 2022 (ZIMS + literature)	7.22	1.9768656481490945	0.07071067811865475	NA	25.5	NA	NA
Amazona ochrocephala	Amazona_ochrocephala	True	24.226	3.187431253760586	0.03996820551174707	22.401	26.2	mean life expectancy at birth; Gompertz bathtub survival model (BaSTA) fitted to ZIMS zoo records; sexes pooled	captive (ZIMS member institutions)	Smeele et al. 2022 (processed; raw records not public)	NA	not compiled (AnAge/ZIMS max records pending; kept separate from life expectancy)	443.93	6.095675298641348	0.014962536519761763	Smeele et al. 2022 (ZIMS + literature)	8.743	2.1682951289306875	0.03674167404933451	2.7	29.0	60.0	75.0
Amazona oratrix	Amazona_oratrix	True	NA	NA	NA	NA	NA				NA	not compiled (AnAge/ZIMS max records pending; kept separate from life expectancy)	481.99	6.177919528565913	0.008629792456976256	Smeele et al. 2022 (ZIMS + literature)	8.616	2.153670866412588	0.036167551026308975	3.0	29.0	60.0	84.0
Amazona pretrei	Amazona_pretrei	True	11.851	2.472405451733704	0.07769639784252318	10.177	13.8	mean life expectancy at birth; Gompertz bathtub survival model (BaSTA) fitted to ZIMS zoo records; sexes pooled	captive (ZIMS member institutions)	Smeele et al. 2022 (processed; raw records not public)	NA	not compiled (AnAge/ZIMS max records pending; kept separate from life expectancy)	284.73	5.651534607099849	0.015082177929273494	Smeele et al. 2022 (ZIMS + literature)	5.521	1.708601661554415	0.05773502691896258	2.9	NA	NA	NA
Amazona rhodocorytha	Amazona_rhodocorytha	True	14.242	2.6562255752384747	0.06970432830595456	12.424	16.327	mean life expectancy at birth; Gompertz bathtub survival model (BaSTA) fitted to ZIMS zoo records; sexes pooled	captive (ZIMS member institutions)	Smeele et al. 2022 (processed; raw records not public)	NA	not compiled (AnAge/ZIMS max records pending; kept separate from life expectancy)	472.23	6.157456211151737	0.021060323272797655	Smeele et al. 2022 (ZIMS + literature)	7.799	2.0540247286957127	0.040824829046386304	4.0	NA	NA	46.0
Amazona tucumana	Amazona_tucumana	True	14.216	2.6543476589197947	0.07203437378873231	12.344	16.371	mean life expectancy at birth; Gompertz bathtub survival model (BaSTA) fitted to ZIMS zoo records; sexes pooled	captive (ZIMS member institutions)	Smeele et al. 2022 (processed; raw records not public)	NA	not compiled (AnAge/ZIMS max records pending; kept separate from life expectancy)	276.16	5.62097944206221	0.03578314411120624	Smeele et al. 2022 (ZIMS + literature)	6.207	1.8256073944122366	0.07071067811865475	3.75	NA	NA	NA
Amazona ventralis	Amazona_ventralis	True	17.93	2.8864633531388777	0.05443791375141083	16.115	19.949	mean life expectancy at birth; Gompertz bathtub survival model (BaSTA) fitted to ZIMS zoo records; sexes pooled	captive (ZIMS member institutions)	Smeele et al. 2022 (processed; raw records not public)	NA	not compiled (AnAge/ZIMS max records pending; kept separate from life expectancy)	265.78	5.58268510335995	0.006629940550923374	Smeele et al. 2022 (ZIMS + literature)	6.145	1.8156010681328103	0.03995883847062873	2.9	25.0	56.0	51.0
Amazona versicolor	Amazona_versicolor	True	NA	NA	NA	NA	NA				NA	not compiled (AnAge/ZIMS max records pending; kept separate from life expectancy)	480.37	6.174561387893225	0.041166588390435306	Smeele et al. 2022 (ZIMS + literature)	9.453	2.2463765201973773	0.09738461649805229	2.0	28.0	81.0	NA
Amazona vinacea	Amazona_vinacea	True	13.018	2.566360977518651	0.06157968069049124	11.538	14.688	mean life expectancy at birth; Gompertz bathtub survival model (BaSTA) fitted to ZIMS zoo records; sexes pooled	captive (ZIMS member institutions)	Smeele et al. 2022 (processed; raw records not public)	NA	not compiled (AnAge/ZIMS max records pending; kept separate from life expectancy)	356.58	5.876558705139611	0.014137236194768081	Smeele et al. 2022 (ZIMS + literature)	7.688	2.0396879972475905	0.053482026535714884	2.9	NA	NA	48.0
Amazona viridigenalis	Amazona_viridigenalis	True	NA	NA	NA	NA	NA				NA	not compiled (AnAge/ZIMS max records pending; kept separate from life expectancy)	344.5	5.842089133782546	0.01185234217940459	Smeele et al. 2022 (ZIMS + literature)	7.243	1.9799809061674305	0.038898637219326924	3.45	NA	NA	62.0
Amazona vittata	Amazona_vittata	True	22.332	3.1060419720684234	0.0636606277586905	19.713	25.3	mean life expectancy at birth; Gompertz bathtub survival model (BaSTA) fitted to ZIMS zoo records; sexes pooled	captive (ZIMS member institutions)	Smeele et al. 2022 (processed; raw records not public)	NA	not compiled (AnAge/ZIMS max records pending; kept separate from life expectancy)	263.87	5.575469488646157	0.010989646056267914	Smeele et al. 2022 (ZIMS + literature)	5.708	1.741893781098551	0.06782043858283845	2.9	26.0	63.0	NA
Amazona xantholora	Amazona_xantholora	True	15.657	2.7509476678517144	0.16817554340657923	11.261	21.771	mean life expectancy at birth; Gompertz bathtub survival model (BaSTA) fitted to ZIMS zoo records; sexes pooled	captive (ZIMS member institutions)	Smeele et al. 2022 (processed; raw records not public)	NA	not compiled (AnAge/ZIMS max records pending; kept separate from life expectancy)	191.41	5.254405248307463	0.023757340110954213	Smeele et al. 2022 (ZIMS + literature)	NA	NA	NA	4.0	22.5	NA	NA
Anodorhynchus glaucus	Anodorhynchus_glaucus	True	NA	NA	NA	NA	NA				NA	not compiled (AnAge/ZIMS max records pending; kept separate from life expectancy)	871.71	6.770452096367813	0.13239425171991134	Smeele et al. 2022 (ZIMS + literature)	NA	NA	NA	2.0	NA	NA	NA
Anodorhynchus hyacinthinus	Anodorhynchus_hyacinthinus	True	23.199	3.1441213456388866	0.025308165594104974	22.077	24.379	mean life expectancy at birth; Gompertz bathtub survival model (BaSTA) fitted to ZIMS zoo records; sexes pooled	captive (ZIMS member institutions)	Smeele et al. 2022 (processed; raw records not public)	NA	not compiled (AnAge/ZIMS max records pending; kept separate from life expectancy)	1311.32	7.178789999200546	0.005395800831813867	Smeele et al. 2022 (ZIMS + literature)	22.272	3.1033424508767267	0.09201380887639375	2.2	28.5	107.5	45.0
Anodorhynchus leari	Anodorhynchus_leari	True	30.81	3.4278279374424097	0.0879303284645408	25.932	36.605	mean life expectancy at birth; Gompertz bathtub survival model (BaSTA) fitted to ZIMS zoo records; sexes pooled	captive (ZIMS member institutions)	Smeele et al. 2022 (processed; raw records not public)	NA	not compiled (AnAge/ZIMS max records pending; kept separate from life expectancy)	797.44	6.681406118107543	0.013500389732019141	Smeele et al. 2022 (ZIMS + literature)	17.79	2.8786126278444404	0.07071067811865475	2.0	NA	NA	NA
Aprosmictus erythropterus	Aprosmictus_erythropterus	True	9.378	2.238415569214846	0.06011660810348292	8.336	10.551	mean life expectancy at birth; Gompertz bathtub survival model (BaSTA) fitted to ZIMS zoo records; sexes pooled	captive (ZIMS member institutions)	Smeele et al. 2022 (processed; raw records not public)	NA	not compiled (AnAge/ZIMS max records pending; kept separate from life expectancy)	148.52	5.000718144860867	0.013300671474359487	Smeele et al. 2022 (ZIMS + literature)	3.85	1.3480731482996928	0.03333333333333333	4.283333333333333	21.0	35.0	NA
Aprosmictus jonquillaceus	Aprosmictus_jonquillaceus	True	NA	NA	NA	NA	NA				NA	not compiled (AnAge/ZIMS max records pending; kept separate from life expectancy)	143.56	4.966735256221986	0.05573300199068151	Smeele et al. 2022 (ZIMS + literature)	NA	NA	NA	NA	NA	NA	NA
Ara ambiguus	Ara_ambiguus	True	25.63	3.2437676892018996	0.048051509000711014	23.326	28.161	mean life expectancy at birth; Gompertz bathtub survival model (BaSTA) fitted to ZIMS zoo records; sexes pooled	captive (ZIMS member institutions)	Smeele et al. 2022 (processed; raw records not public)	NA	not compiled (AnAge/ZIMS max records pending; kept separate from life expectancy)	1124.51	7.025099309398718	0.013413804368866529	Smeele et al. 2022 (ZIMS + literature)	17.078	2.83780830333345	0.09209206957475989	2.4	29.0	77.0	72.0
Ara ararauna	Ara_ararauna	True	24.261	3.188873737047205	0.014493662054282017	23.582	24.96	mean life expectancy at birth; Gompertz bathtub survival model (BaSTA) fitted to ZIMS zoo records; sexes pooled	captive (ZIMS member institutions)	Smeele et al. 2022 (processed; raw records not public)	NA	not compiled (AnAge/ZIMS max records pending; kept separate from life expectancy)	1025.3	6.932742736423126	0.0039974164791641105	Smeele et al. 2022 (ZIMS + literature)	17.78	2.878070616643265	0.030323533740182478	1.85	25.0	91.0	34.0
Ara chloropterus	Ara_chloropterus	True	29.803	3.394604036290051	0.02875599243039239	28.17	31.531	mean life expectancy at birth; Gompertz bathtub survival model (BaSTA) fitted to ZIMS zoo records; sexes pooled	captive (ZIMS member institutions)	Smeele et al. 2022 (processed; raw records not public)	NA	not compiled (AnAge/ZIMS max records pending; kept separate from life expectancy)	1166.66	7.061903186134033	0.0058136145536598705	Smeele et al. 2022 (ZIMS + literature)	21.075	3.048073898843671	0.04210459555176386	2.466666666666667	35.0	103.0	13.0
Ara glaucogularis	Ara_glaucogularis	True	NA	NA	NA	NA	NA				NA	not compiled (AnAge/ZIMS max records pending; kept separate from life expectancy)	741.09	6.60812067989757	0.0056005731487738285	Smeele et al. 2022 (ZIMS + literature)	NA	NA	NA	2.4	27.0	92.0	42.0
Ara macao	Ara_macao	True	35.474	3.5688096304856125	0.037608698245633995	32.953	38.188	mean life expectancy at birth; Gompertz bathtub survival model (BaSTA) fitted to ZIMS zoo records; sexes pooled	captive (ZIMS member institutions)	Smeele et al. 2022 (processed; raw records not public)	NA	not compiled (AnAge/ZIMS max records pending; kept separate from life expectancy)	1001.65	6.909403234548761	0.003906204817220882	Smeele et al. 2022 (ZIMS + literature)	17.938	2.8869208105661994	0.024009207604249603	1.75	26.0	98.0	24.0
Ara militaris	Ara_militaris	True	NA	NA	NA	NA	NA				NA	not compiled (AnAge/ZIMS max records pending; kept separate from life expectancy)	849.84	6.745045314591366	0.005109467069338833	Smeele et al. 2022 (ZIMS + literature)	18.637	2.9251687737975156	0.04694104029482037	2.7	NA	NA	23.0
Ara rubrogenys	Ara_rubrogenys	True	21.337	3.060437843157276	0.03279802514902128	20.008	22.754	mean life expectancy at birth; Gompertz bathtub survival model (BaSTA) fitted to ZIMS zoo records; sexes pooled	captive (ZIMS member institutions)	Smeele et al. 2022 (processed; raw records not public)	NA	not compiled (AnAge/ZIMS max records pending; kept separate from life expectancy)	470.9	6.154648423413445	0.007780837577948248	Smeele et al. 2022 (ZIMS + literature)	11.699	2.459489836803877	0.05	1.85	26.0	71.5	33.0
Ara severus	Ara_severus	True	NA	NA	NA	NA	NA				NA	not compiled (AnAge/ZIMS max records pending; kept separate from life expectancy)	357.42	5.878901418055029	0.012822787175807515	Smeele et al. 2022 (ZIMS + literature)	9.906	2.2931690255740964	0.09500738437169305	2.25	28.0	NA	NA
Ara tricolor	Ara_tricolor	True	NA	NA	NA	NA	NA				NA	not compiled (AnAge/ZIMS max records pending; kept separate from life expectancy)	NA	NA	NA		NA	NA	NA	NA	NA	NA	NA
Aratinga auricapillus	Aratinga_auricapillus	True	13.601	2.6101140386913904	0.08224729322240205	11.576	15.98	mean life expectancy at birth; Gompertz bathtub survival model (BaSTA) fitted to ZIMS zoo records; sexes pooled	captive (ZIMS member institutions)	Smeele et al. 2022 (processed; raw records not public)	NA	not compiled (AnAge/ZIMS max records pending; kept separate from life expectancy)	129.24	4.861676560310212	0.030552696101787985	Smeele et al. 2022 (ZIMS + literature)	4.276	1.453032440219753	0.07071067811865475	NA	NA	NA	NA
Aratinga jandaya	Aratinga_jandaya	True	11.875	2.474461231965949	0.05430617062616315	10.676	13.209	mean life expectancy at birth; Gompertz bathtub survival model (BaSTA) fitted to ZIMS zoo records; sexes pooled	captive (ZIMS member institutions)	Smeele et al. 2022 (processed; raw records not public)	NA	not compiled (AnAge/ZIMS max records pending; kept separate from life expectancy)	114.87	4.743820368364543	0.015329712523270651	Smeele et al. 2022 (ZIMS + literature)	3.804	1.33595562829928	0.09471017939091808	3.0	26.0	56.0	NA
Aratinga nenday	Aratinga_nenday	True	15.211	2.722013134230965	0.04645041050495496	13.887	16.661	mean life expectancy at birth; Gompertz bathtub survival model (BaSTA) fitted to ZIMS zoo records; sexes pooled	captive (ZIMS member institutions)	Smeele et al. 2022 (processed; raw records not public)	NA	not compiled (AnAge/ZIMS max records pending; kept separate from life expectancy)	140.03	4.941865596836562	0.0129898215464619	Smeele et al. 2022 (ZIMS + literature)	3.879	1.3554726577747542	0.09216390323716629	4.0	22.0	56.0	55.0
Aratinga solstitialis	Aratinga_solstitialis	True	9.798	2.2821437444002584	0.024879377781335837	9.331	10.287	mean life expectancy at birth; Gompertz bathtub survival model (BaSTA) fitted to ZIMS zoo records; sexes pooled	captive (ZIMS member institutions)	Smeele et al. 2022 (processed; raw records not public)	NA	not compiled (AnAge/ZIMS max records pending; kept separate from life expectancy)	109.18	4.69297300380505	0.002795983170192238	Smeele et al. 2022 (ZIMS + literature)	4.541	1.513098659358154	0.06820437943219805	4.0	27.5	56.0	21.0
Aratinga weddellii	Aratinga_weddellii	True	NA	NA	NA	NA	NA				NA	not compiled (AnAge/ZIMS max records pending; kept separate from life expectancy)	101.09	4.616025746963473	0.025792609309645425	Smeele et al. 2022 (ZIMS + literature)	4.007	1.3880148780028148	0.04649454263190139	3.75	23.0	50.0	NA
Barnardius zonarius	Barnardius_zonarius	True	8.847	2.1800831216973595	0.061496380191661856	7.842	9.98	mean life expectancy at birth; Gompertz bathtub survival model (BaSTA) fitted to ZIMS zoo records; sexes pooled	captive (ZIMS member institutions)	Smeele et al. 2022 (processed; raw records not public)	NA	not compiled (AnAge/ZIMS max records pending; kept separate from life expectancy)	133.46	4.893799024827667	0.022278619232968207	Smeele et al. 2022 (ZIMS + literature)	3.695	1.3069242392337628	0.02434772187848961	5.15	20.0	35.0	66.0
Bolbopsittacus lunulatus	Bolbopsittacus_lunulatus	True	NA	NA	NA	NA	NA				NA	not compiled (AnAge/ZIMS max records pending; kept separate from life expectancy)	67.14	4.20682734246815	0.13240222434624838	Smeele et al. 2022 (ZIMS + literature)	2.658	0.9775505036156176	0.06678314464736368	NA	NA	NA	NA
Bolborhynchus ferrugineifrons	Bolborhynchus_ferrugineifrons	True	NA	NA	NA	NA	NA				NA	not compiled (AnAge/ZIMS max records pending; kept separate from life expectancy)	61.47	4.118509858997717	0.1310442389939398	Smeele et al. 2022 (ZIMS + literature)	NA	NA	NA	NA	NA	NA	NA
Bolborhynchus lineola	Bolborhynchus_lineola	True	6.929	1.9356478412054388	0.10848344198245487	5.601	8.57	mean life expectancy at birth; Gompertz bathtub survival model (BaSTA) fitted to ZIMS zoo records; sexes pooled	captive (ZIMS member institutions)	Smeele et al. 2022 (processed; raw records not public)	NA	not compiled (AnAge/ZIMS max records pending; kept separate from life expectancy)	50.89	3.9297609236598703	0.026838181065649752	Smeele et al. 2022 (ZIMS + literature)	2.088	0.7363136320825482	0.06617832253267154	4.0	21.5	35.0	NA
Bolborhynchus orbygnesius	Bolborhynchus_orbygnesius	True	NA	NA	NA	NA	NA				NA	not compiled (AnAge/ZIMS max records pending; kept separate from life expectancy)	44.12	3.786996363901396	0.05981073023528829	Smeele et al. 2022 (ZIMS + literature)	NA	NA	NA	NA	NA	NA	NA
Brotogeris chiriri	Brotogeris_chiriri	True	NA	NA	NA	NA	NA				NA	not compiled (AnAge/ZIMS max records pending; kept separate from life expectancy)	61.49	4.118859575117267	0.13086152712847945	Smeele et al. 2022 (ZIMS + literature)	2.307	0.835926222106128	0.07071067811865475	5.05	26.0	56.0	NA
Brotogeris chrysoptera	Brotogeris_chrysoptera	True	13.015	2.566107389331988	0.1182059677746867	10.324	16.408	mean life expectancy at birth; Gompertz bathtub survival model (BaSTA) fitted to ZIMS zoo records; sexes pooled	captive (ZIMS member institutions)	Smeele et al. 2022 (processed; raw records not public)	NA	not compiled (AnAge/ZIMS max records pending; kept separate from life expectancy)	59.91	4.092891626238239	0.023772488894582982	Smeele et al. 2022 (ZIMS + literature)	2.056	0.7206263473770649	0.030474536795032262	3.625	NA	NA	NA
Brotogeris cyanoptera	Brotogeris_cyanoptera	True	7.402	2.001703474709925	0.07553186776210241	6.383	8.583	mean life expectancy at birth; Gompertz bathtub survival model (BaSTA) fitted to ZIMS zoo records; sexes pooled	captive (ZIMS member institutions)	Smeele et al. 2022 (processed; raw records not public)	NA	not compiled (AnAge/ZIMS max records pending; kept separate from life expectancy)	62.33	4.132448974628371	0.006483391550987575	Smeele et al. 2022 (ZIMS + literature)	NA	NA	NA	5.125	24.0	NA	20.0
Brotogeris jugularis	Brotogeris_jugularis	True	NA	NA	NA	NA	NA				NA	not compiled (AnAge/ZIMS max records pending; kept separate from life expectancy)	60.89	4.1090054192436245	0.09063913253908294	Smeele et al. 2022 (ZIMS + literature)	2.109	0.7463421477796922	0.03066715332275534	5.275	21.0	NA	NA
Brotogeris pyrrhoptera	Brotogeris_pyrrhoptera	True	5.593	1.7215557908707728	0.13300366702340413	4.31	7.259	mean life expectancy at birth; Gompertz bathtub survival model (BaSTA) fitted to ZIMS zoo records; sexes pooled	captive (ZIMS member institutions)	Smeele et al. 2022 (processed; raw records not public)	NA	not compiled (AnAge/ZIMS max records pending; kept separate from life expectancy)	57.29	4.048102906805473	0.017561478621464607	Smeele et al. 2022 (ZIMS + literature)	NA	NA	NA	5.15	NA	42.0	NA
Brotogeris sanctithomae	Brotogeris_sanctithomae	True	NA	NA	NA	NA	NA				NA	not compiled (AnAge/ZIMS max records pending; kept separate from life expectancy)	65.18	4.177103606513923	0.08641442475335398	Smeele et al. 2022 (ZIMS + literature)	1.766	0.5689488230160382	0.1	NA	NA	NA	NA
Brotogeris tirica	Brotogeris_tirica	True	7.508	2.01598984789816	0.11426131284253027	6.002	9.393	mean life expectancy at birth; Gompertz bathtub survival model (BaSTA) fitted to ZIMS zoo records; sexes pooled	captive (ZIMS member institutions)	Smeele et al. 2022 (processed; raw records not public)	NA	not compiled (AnAge/ZIMS max records pending; kept separate from life expectancy)	66.62	4.199078857432344	0.0210786834767601	Smeele et al. 2022 (ZIMS + literature)	2.711	0.997326248686093	0.09641890935965294	4.0	26.0	49.0	NA
Brotogeris versicolurus	Brotogeris_versicolurus	True	9.177	2.216748398972193	0.08374580445697932	7.788	10.815	mean life expectancy at birth; Gompertz bathtub survival model (BaSTA) fitted to ZIMS zoo records; sexes pooled	captive (ZIMS member institutions)	Smeele et al. 2022 (processed; raw records not public)	NA	not compiled (AnAge/ZIMS max records pending; kept separate from life expectancy)	62.86	4.140862037610702	0.01883218925431348	Smeele et al. 2022 (ZIMS + literature)	2.391	0.871559699034127	0.03196063077941693	4.833333333333333	25.5	56.0	NA
Cacatua alba	Cacatua_alba	True	21.599	3.072629957019233	0.036467004320615046	20.109	23.199	mean life expectancy at birth; Gompertz bathtub survival model (BaSTA) fitted to ZIMS zoo records; sexes pooled	captive (ZIMS member institutions)	Smeele et al. 2022 (processed; raw records not public)	NA	not compiled (AnAge/ZIMS max records pending; kept separate from life expectancy)	557.72	6.3238496246983775	0.011195267735586637	Smeele et al. 2022 (ZIMS + literature)	14.019	2.640439993282237	0.03979254393475762	2.1333333333333333	30.0	91.32	49.0
Cacatua ducorpsii	Cacatua_ducorpsii	True	14.078	2.6446323100582307	0.0771067235351845	12.104	16.375	mean life expectancy at birth; Gompertz bathtub survival model (BaSTA) fitted to ZIMS zoo records; sexes pooled	captive (ZIMS member institutions)	Smeele et al. 2022 (processed; raw records not public)	NA	not compiled (AnAge/ZIMS max records pending; kept separate from life expectancy)	310.63	5.738586784132356	0.016352439213964134	Smeele et al. 2022 (ZIMS + literature)	8.63	2.1552747457042707	0.0689701906638476	NA	NA	NA	NA
Cacatua galerita	Cacatua_galerita	True	25.171	3.225706315980686	0.03335130064209262	23.579	26.872	mean life expectancy at birth; Gompertz bathtub survival model (BaSTA) fitted to ZIMS zoo records; sexes pooled	captive (ZIMS member institutions)	Smeele et al. 2022 (processed; raw records not public)	NA	not compiled (AnAge/ZIMS max records pending; kept separate from life expectancy)	607.44	6.409253364414637	0.018322818612435177	Smeele et al. 2022 (ZIMS + literature)	13.438	2.5981039986113013	0.030799801785500514	2.323809523809524	27.0	70.0	NA
Cacatua goffiniana	Cacatua_goffiniana	True	NA	NA	NA	NA	NA				NA	not compiled (AnAge/ZIMS max records pending; kept separate from life expectancy)	278.16	5.6281959755344575	0.01744189595745813	Smeele et al. 2022 (ZIMS + literature)	NA	NA	NA	3.0	28.0	70.0	NA
Cacatua haematuropygia	Cacatua_haematuropygia	True	12.682	2.540148706883389	0.07457967209673182	10.957	14.678	mean life expectancy at birth; Gompertz bathtub survival model (BaSTA) fitted to ZIMS zoo records; sexes pooled	captive (ZIMS member institutions)	Smeele et al. 2022 (processed; raw records not public)	NA	not compiled (AnAge/ZIMS max records pending; kept separate from life expectancy)	299.27	5.701340575118803	0.012538472291682513	Smeele et al. 2022 (ZIMS + literature)	8.46	2.1353661643002106	0.06821901759660191	2.4	28.0	66.5	NA
Cacatua leadbeateri	Cacatua_leadbeateri	True	NA	NA	NA	NA	NA				NA	not compiled (AnAge/ZIMS max records pending; kept separate from life expectancy)	372.84	5.9211581075998385	0.008337629180137791	Smeele et al. 2022 (ZIMS + literature)	8.348	2.121977620455832	0.04086342632702731	3.1725000000000003	23.5	57.0	57.0
Cacatua moluccensis	Cacatua_moluccensis	True	18.168	2.899638058777614	0.028333764592633304	17.186	19.205	mean life expectancy at birth; Gompertz bathtub survival model (BaSTA) fitted to ZIMS zoo records; sexes pooled	captive (ZIMS member institutions)	Smeele et al. 2022 (processed; raw records not public)	NA	not compiled (AnAge/ZIMS max records pending; kept separate from life expectancy)	800.72	6.685506513572549	0.009684222517052478	Smeele et al. 2022 (ZIMS + literature)	15.59	2.746602674400509	0.04164331175276033	2.0	30.0	98.0	63.0
Cacatua ophthalmica	Cacatua_ophthalmica	True	19.883	2.989855830863884	0.06659674498179934	17.45	22.655	mean life expectancy at birth; Gompertz bathtub survival model (BaSTA) fitted to ZIMS zoo records; sexes pooled	captive (ZIMS member institutions)	Smeele et al. 2022 (processed; raw records not public)	NA	not compiled (AnAge/ZIMS max records pending; kept separate from life expectancy)	607.28	6.408985476094522	0.018143883055548538	Smeele et al. 2022 (ZIMS + literature)	14.687	2.6869781138223647	0.09702047190923033	2.0	29.0	87.5	NA
Cacatua pastinator	Cacatua_pastinator	True	NA	NA	NA	NA	NA				NA	not compiled (AnAge/ZIMS max records pending; kept separate from life expectancy)	616.17	6.423515339622778	0.08525307094671354	Smeele et al. 2022 (ZIMS + literature)	10.285	2.330714802007748	0.04819146258510148	2.505	24.0	60.0	NA
Cacatua sanguinea	Cacatua_sanguinea	True	28.591	3.3530927098437466	0.06679731188086582	25.082	32.59	mean life expectancy at birth; Gompertz bathtub survival model (BaSTA) fitted to ZIMS zoo records; sexes pooled	captive (ZIMS member institutions)	Smeele et al. 2022 (processed; raw records not public)	NA	not compiled (AnAge/ZIMS max records pending; kept separate from life expectancy)	340.56	5.830580978645525	0.02787032068141188	Smeele et al. 2022 (ZIMS + literature)	8.889	2.1848307450675417	0.029792135690777946	2.5999999999999996	25.5	56.0	NA
Cacatua sulphurea	Cacatua_sulphurea	True	19.785	2.984908699791573	0.038513952439641785	18.346	21.336	mean life expectancy at birth; Gompertz bathtub survival model (BaSTA) fitted to ZIMS zoo records; sexes pooled	captive (ZIMS member institutions)	Smeele et al. 2022 (processed; raw records not public)	NA	not compiled (AnAge/ZIMS max records pending; kept separate from life expectancy)	362.02	5.8916960039750395	0.015572555970301577	Smeele et al. 2022 (ZIMS + literature)	9.896	2.2921341655451073	0.039907871233832944	2.7	24.0	70.0	76.0
Cacatua tenuirostris	Cacatua_tenuirostris	True	22.071	3.0942812684797993	0.05721736927703667	19.73	24.691	mean life expectancy at birth; Gompertz bathtub survival model (BaSTA) fitted to ZIMS zoo records; sexes pooled	captive (ZIMS member institutions)	Smeele et al. 2022 (processed; raw records not public)	NA	not compiled (AnAge/ZIMS max records pending; kept separate from life expectancy)	536.37	6.284819922640569	0.024903954923489215	Smeele et al. 2022 (ZIMS + literature)	10.598	2.360686133263482	0.02926070870447141	2.5999999999999996	25.0	59.0	NA
Callocephalon fimbriatum	Callocephalon_fimbriatum	True	NA	NA	NA	NA	NA				NA	not compiled (AnAge/ZIMS max records pending; kept separate from life expectancy)	269.36	5.596033832494855	0.01235803226629149	Smeele et al. 2022 (ZIMS + literature)	7.471	2.0110281980234483	0.0307154183679689	2.0	29.0	56.0	NA
Calyptorhynchus banksii	Calyptorhynchus_banksii	True	NA	NA	NA	NA	NA				NA	not compiled (AnAge/ZIMS max records pending; kept separate from life expectancy)	595.92	6.39010284062434	0.009920748630332933	Smeele et al. 2022 (ZIMS + literature)	11.906	2.4770820900022663	0.041536884313425594	1.1	29.0	80.0	11.0
Calyptorhynchus lathami	Calyptorhynchus_lathami	True	22.882	3.1303356962973217	0.13001396813019542	17.734	29.523	mean life expectancy at birth; Gompertz bathtub survival model (BaSTA) fitted to ZIMS zoo records; sexes pooled	captive (ZIMS member institutions)	Smeele et al. 2022 (processed; raw records not public)	NA	not compiled (AnAge/ZIMS max records pending; kept separate from life expectancy)	374.79	5.926368029352466	0.01918949008620864	Smeele et al. 2022 (ZIMS + literature)	9.726	2.2748186605508036	0.050461316828673934	1.0	29.0	60.0	NA
Chalcopsitta atra	Chalcopsitta_atra	True	10.197	2.322134605297932	0.09702755599541554	8.431	12.333	mean life expectancy at birth; Gompertz bathtub survival model (BaSTA) fitted to ZIMS zoo records; sexes pooled	captive (ZIMS member institutions)	Smeele et al. 2022 (processed; raw records not public)	NA	not compiled (AnAge/ZIMS max records pending; kept separate from life expectancy)	220.59	5.396286282081646	0.022396798759660566	Smeele et al. 2022 (ZIMS + literature)	5.4	1.6863989535702288	0.1	2.0	25.0	75.0	NA
Chalcopsitta cardinalis	Chalcopsitta_cardinalis	True	12.591	2.532950231565214	0.12992181631781913	9.76	16.242	mean life expectancy at birth; Gompertz bathtub survival model (BaSTA) fitted to ZIMS zoo records; sexes pooled	captive (ZIMS member institutions)	Smeele et al. 2022 (processed; raw records not public)	NA	not compiled (AnAge/ZIMS max records pending; kept separate from life expectancy)	196.52	5.280763194990078	0.034528201250489186	Smeele et al. 2022 (ZIMS + literature)	5.25	1.6582280766035324	0.1	NA	NA	NA	NA
Chalcopsitta duivenbodei	Chalcopsitta_duivenbodei	True	9.885	2.291025826825534	0.07008048513340394	8.616	11.341	mean life expectancy at birth; Gompertz bathtub survival model (BaSTA) fitted to ZIMS zoo records; sexes pooled	captive (ZIMS member institutions)	Smeele et al. 2022 (processed; raw records not public)	NA	not compiled (AnAge/ZIMS max records pending; kept separate from life expectancy)	209.23	5.343436571157225	0.02142603670461574	Smeele et al. 2022 (ZIMS + literature)	NA	NA	NA	2.0	24.0	NA	NA
Chalcopsitta scintillata	Chalcopsitta_scintillata	True	13.739	2.6202079347637346	0.06498768890171384	12.095	15.605	mean life expectancy at birth; Gompertz bathtub survival model (BaSTA) fitted to ZIMS zoo records; sexes pooled	captive (ZIMS member institutions)	Smeele et al. 2022 (processed; raw records not public)	NA	not compiled (AnAge/ZIMS max records pending; kept separate from life expectancy)	200.14	5.299007614095044	0.015571374027536425	Smeele et al. 2022 (ZIMS + literature)	NA	NA	NA	NA	NA	NA	NA
Charmosyna amabilis	Charmosyna_amabilis	True	NA	NA	NA	NA	NA				NA	not compiled (AnAge/ZIMS max records pending; kept separate from life expectancy)	38.38	3.6476261263898615	0.13178748106583923	Smeele et al. 2022 (ZIMS + literature)	NA	NA	NA	NA	NA	NA	NA
Charmosyna diadema	Charmosyna_diadema	True	NA	NA	NA	NA	NA				NA	not compiled (AnAge/ZIMS max records pending; kept separate from life expectancy)	41.14	3.7169912551126987	0.1348017988770091	Smeele et al. 2022 (ZIMS + literature)	NA	NA	NA	NA	NA	NA	NA
Charmosyna josefinae	Charmosyna_josefinae	True	5.777	1.7538076242853515	0.12125570093587171	4.555	7.326	mean life expectancy at birth; Gompertz bathtub survival model (BaSTA) fitted to ZIMS zoo records; sexes pooled	captive (ZIMS member institutions)	Smeele et al. 2022 (processed; raw records not public)	NA	not compiled (AnAge/ZIMS max records pending; kept separate from life expectancy)	67.13	4.206628891468449	0.02849058717901899	Smeele et al. 2022 (ZIMS + literature)	NA	NA	NA	NA	NA	NA	NA
Charmosyna margarethae	Charmosyna_margarethae	True	NA	NA	NA	NA	NA				NA	not compiled (AnAge/ZIMS max records pending; kept separate from life expectancy)	49.98	3.911598523907532	0.1309249928599119	Smeele et al. 2022 (ZIMS + literature)	NA	NA	NA	NA	NA	NA	NA
Charmosyna meeki	Charmosyna_meeki	True	NA	NA	NA	NA	NA				NA	not compiled (AnAge/ZIMS max records pending; kept separate from life expectancy)	23.87	3.172779647830182	0.12971639717360017	Smeele et al. 2022 (ZIMS + literature)	NA	NA	NA	NA	NA	NA	NA
Charmosyna multistriata	Charmosyna_multistriata	True	NA	NA	NA	NA	NA				NA	not compiled (AnAge/ZIMS max records pending; kept separate from life expectancy)	40.04	3.689818143747978	0.1324868477607525	Smeele et al. 2022 (ZIMS + literature)	NA	NA	NA	NA	NA	NA	NA
Charmosyna palmarum	Charmosyna_palmarum	True	NA	NA	NA	NA	NA				NA	not compiled (AnAge/ZIMS max records pending; kept separate from life expectancy)	35.11	3.5586240509244065	0.1310405525870863	Smeele et al. 2022 (ZIMS + literature)	NA	NA	NA	NA	NA	NA	NA
Charmosyna papou	Charmosyna_papou	True	6.779	1.913799666363679	0.08424362567063176	5.747	7.996	mean life expectancy at birth; Gompertz bathtub survival model (BaSTA) fitted to ZIMS zoo records; sexes pooled	captive (ZIMS member institutions)	Smeele et al. 2022 (processed; raw records not public)	NA	not compiled (AnAge/ZIMS max records pending; kept separate from life expectancy)	85.34	4.446648702248368	0.016686647129308257	Smeele et al. 2022 (ZIMS + literature)	3.366	1.2137542653137063	0.03997411581891131	2.0	21.0	49.0	85.0
Charmosyna placentis	Charmosyna_placentis	True	5.331	1.673517414580972	0.07218412043016745	4.628	6.141	mean life expectancy at birth; Gompertz bathtub survival model (BaSTA) fitted to ZIMS zoo records; sexes pooled	captive (ZIMS member institutions)	Smeele et al. 2022 (processed; raw records not public)	NA	not compiled (AnAge/ZIMS max records pending; kept separate from life expectancy)	35.81	3.578096753589126	0.011775315928011936	Smeele et al. 2022 (ZIMS + literature)	NA	NA	NA	2.0	NA	NA	58.0
Charmosyna pulchella	Charmosyna_pulchella	True	3.018	1.1045031178532734	0.14086093444622885	2.29	3.977	mean life expectancy at birth; Gompertz bathtub survival model (BaSTA) fitted to ZIMS zoo records; sexes pooled	captive (ZIMS member institutions)	Smeele et al. 2022 (processed; raw records not public)	NA	not compiled (AnAge/ZIMS max records pending; kept separate from life expectancy)	34.82	3.5503023294435145	0.05298843568270802	Smeele et al. 2022 (ZIMS + literature)	1.354	0.3033016802961329	0.05577503219301774	2.0	25.0	60.0	NA
Charmosyna rubrigularis	Charmosyna_rubrigularis	True	NA	NA	NA	NA	NA				NA	not compiled (AnAge/ZIMS max records pending; kept separate from life expectancy)	37.01	3.6111918722946865	0.12882630340074827	Smeele et al. 2022 (ZIMS + literature)	NA	NA	NA	NA	NA	NA	NA
Charmosyna rubronotata	Charmosyna_rubronotata	True	NA	NA	NA	NA	NA				NA	not compiled (AnAge/ZIMS max records pending; kept separate from life expectancy)	26.09	3.2616017379336406	0.08688541756439083	Smeele et al. 2022 (ZIMS + literature)	NA	NA	NA	NA	NA	NA	NA
Charmosyna stellae	Charmosyna_stellae	True	4.161	1.4256986573764692	0.06611056352783977	3.655	4.736	mean life expectancy at birth; Gompertz bathtub survival model (BaSTA) fitted to ZIMS zoo records; sexes pooled	captive (ZIMS member institutions)	Smeele et al. 2022 (processed; raw records not public)	NA	not compiled (AnAge/ZIMS max records pending; kept separate from life expectancy)	91.54	4.516744186441769	0.009012144715150917	Smeele et al. 2022 (ZIMS + literature)	NA	NA	NA	NA	NA	NA	31.0
Charmosyna toxopei	Charmosyna_toxopei	True	NA	NA	NA	NA	NA				NA	not compiled (AnAge/ZIMS max records pending; kept separate from life expectancy)	32.67	3.48648609932437	0.13438141229113454	Smeele et al. 2022 (ZIMS + literature)	NA	NA	NA	NA	NA	NA	NA
Charmosyna wilhelminae	Charmosyna_wilhelminae	True	NA	NA	NA	NA	NA				NA	not compiled (AnAge/ZIMS max records pending; kept separate from life expectancy)	20.04	2.9979352987386316	0.1317575097466629	Smeele et al. 2022 (ZIMS + literature)	NA	NA	NA	NA	NA	NA	NA
Conuropsis carolinensis	Conuropsis_carolinensis	True	NA	NA	NA	NA	NA				NA	not compiled (AnAge/ZIMS max records pending; kept separate from life expectancy)	145.24	4.978377372748585	0.13384300251275194	Smeele et al. 2022 (ZIMS + literature)	4.469	1.497259596629248	0.05492535356282877	2.6875	22.0	NA	NA
Coracopsis nigra	Coracopsis_nigra	True	17.57	2.8661761555314524	0.06552221038695902	15.452	19.977	mean life expectancy at birth; Gompertz bathtub survival model (BaSTA) fitted to ZIMS zoo records; sexes pooled	captive (ZIMS member institutions)	Smeele et al. 2022 (processed; raw records not public)	NA	not compiled (AnAge/ZIMS max records pending; kept separate from life expectancy)	253.84	5.536698280750338	0.01668593338438615	Smeele et al. 2022 (ZIMS + literature)	5.525	1.709243950690845	0.09899102096380996	2.7	18.0	42.0	NA
Coracopsis vasa	Coracopsis_vasa	True	21.415	3.0641139828388146	0.04450410885968771	19.627	23.367	mean life expectancy at birth; Gompertz bathtub survival model (BaSTA) fitted to ZIMS zoo records; sexes pooled	captive (ZIMS member institutions)	Smeele et al. 2022 (processed; raw records not public)	NA	not compiled (AnAge/ZIMS max records pending; kept separate from life expectancy)	450.51	6.11037948659458	0.014572337105078333	Smeele et al. 2022 (ZIMS + literature)	8.552	2.146208785598807	0.06586558698707651	3.0	17.0	47.0	NA
Cyanoliseus patagonus	Cyanoliseus_patagonus	True	15.266	2.7256069598864694	0.033145285739088176	14.305	16.29	mean life expectancy at birth; Gompertz bathtub survival model (BaSTA) fitted to ZIMS zoo records; sexes pooled	captive (ZIMS member institutions)	Smeele et al. 2022 (processed; raw records not public)	NA	not compiled (AnAge/ZIMS max records pending; kept separate from life expectancy)	255.84	5.544534433880817	0.00871433878237735	Smeele et al. 2022 (ZIMS + literature)	7.446	2.007657194487311	0.05483805565930246	2.9	24.5	56.0	22.0
Cyanopsitta spixii	Cyanopsitta_spixii	True	NA	NA	NA	NA	NA				NA	not compiled (AnAge/ZIMS max records pending; kept separate from life expectancy)	300.03	5.703873335156377	0.007516578757110641	Smeele et al. 2022 (ZIMS + literature)	7.187	1.9722169462588182	0.09669348550444894	2.7	NA	NA	NA
Cyanoramphus auriceps	Cyanoramphus_auriceps	True	5.868	1.7695947138994546	0.07608854535384704	5.055	6.812	mean life expectancy at birth; Gompertz bathtub survival model (BaSTA) fitted to ZIMS zoo records; sexes pooled	captive (ZIMS member institutions)	Smeele et al. 2022 (processed; raw records not public)	NA	not compiled (AnAge/ZIMS max records pending; kept separate from life expectancy)	55.89	4.023433196297349	0.01783884031167342	Smeele et al. 2022 (ZIMS + literature)	2.765	1.01716009047596	0.06945506890462849	6.25	NA	NA	74.0
Cyanoramphus malherbi	Cyanoramphus_malherbi	True	4.006	1.3878582400023034	0.20527145048416476	2.679	5.991	mean life expectancy at birth; Gompertz bathtub survival model (BaSTA) fitted to ZIMS zoo records; sexes pooled	captive (ZIMS member institutions)	Smeele et al. 2022 (processed; raw records not public)	NA	not compiled (AnAge/ZIMS max records pending; kept separate from life expectancy)	39.92	3.6868285171775335	0.017222455908538804	Smeele et al. 2022 (ZIMS + literature)	NA	NA	NA	3.0	NA	NA	NA
Cyanoramphus novaezelandiae	Cyanoramphus_novaezelandiae	True	5.42	1.6900311678761282	0.05309913662956538	4.884	6.014	mean life expectancy at birth; Gompertz bathtub survival model (BaSTA) fitted to ZIMS zoo records; sexes pooled	captive (ZIMS member institutions)	Smeele et al. 2022 (processed; raw records not public)	NA	not compiled (AnAge/ZIMS max records pending; kept separate from life expectancy)	69.8	4.245603963398815	0.009792610378989944	Smeele et al. 2022 (ZIMS + literature)	2.272	0.8208118817818326	0.09607760448595835	7.0	20.0	38.5	43.0
Cyanoramphus ulietanus	Cyanoramphus_ulietanus	True	NA	NA	NA	NA	NA				NA	not compiled (AnAge/ZIMS max records pending; kept separate from life expectancy)	NA	NA	NA		NA	NA	NA	NA	NA	NA	NA
Cyanoramphus unicolor	Cyanoramphus_unicolor	True	5.101	1.629354981195381	0.06608114875267827	4.481	5.806	mean life expectancy at birth; Gompertz bathtub survival model (BaSTA) fitted to ZIMS zoo records; sexes pooled	captive (ZIMS member institutions)	Smeele et al. 2022 (processed; raw records not public)	NA	not compiled (AnAge/ZIMS max records pending; kept separate from life expectancy)	135.76	4.9108842661385514	0.014778971425381524	Smeele et al. 2022 (ZIMS + literature)	3.998	1.385785186717889	0.047811236277674654	5.3	NA	NA	NA
Cyanoramphus zealandicus	Cyanoramphus_zealandicus	True	NA	NA	NA	NA	NA				NA	not compiled (AnAge/ZIMS max records pending; kept separate from life expectancy)	NA	NA	NA		NA	NA	NA	NA	NA	NA	NA
Cyclopsitta diophthalma	Cyclopsitta_diophthalma	True	5.308	1.6692919944203504	0.052399945071649606	4.79	5.883	mean life expectancy at birth; Gompertz bathtub survival model (BaSTA) fitted to ZIMS zoo records; sexes pooled	captive (ZIMS member institutions)	Smeele et al. 2022 (processed; raw records not public)	NA	not compiled (AnAge/ZIMS max records pending; kept separate from life expectancy)	39.71	3.6817200661296714	0.005370727314902589	Smeele et al. 2022 (ZIMS + literature)	1.727	0.5463271082574173	0.0936474880554519	2.083333333333333	18.0	52.0	27.0
Cyclopsitta gulielmitertii	Cyclopsitta_gulielmitertii	True	NA	NA	NA	NA	NA				NA	not compiled (AnAge/ZIMS max records pending; kept separate from life expectancy)	48.02	3.87162900172952	0.12921579837177802	Smeele et al. 2022 (ZIMS + literature)	1.53	0.4252677354043441	0.07071067811865475	NA	NA	NA	NA
Deroptyus accipitrinus	Deroptyus_accipitrinus	True	14.656	2.68486584617653	0.043903596176151714	13.448	15.973	mean life expectancy at birth; Gompertz bathtub survival model (BaSTA) fitted to ZIMS zoo records; sexes pooled	captive (ZIMS member institutions)	Smeele et al. 2022 (processed; raw records not public)	NA	not compiled (AnAge/ZIMS max records pending; kept separate from life expectancy)	252.69	5.532174797992969	0.009012202292136895	Smeele et al. 2022 (ZIMS + literature)	7.709	2.042352976477569	0.0490926411367028	2.2	28.0	63.0	68.0
Diopsittaca cumanensis	Diopsittaca_cumanensis	True	12.128	2.4955236786465402	0.17363956104910458	8.63	17.045	mean life expectancy at birth; Gompertz bathtub survival model (BaSTA) fitted to ZIMS zoo records; sexes pooled	captive (ZIMS member institutions)	Smeele et al. 2022 (processed; raw records not public)	NA	not compiled (AnAge/ZIMS max records pending; kept separate from life expectancy)	176.35	5.172496654792991	0.06968891667703012	Smeele et al. 2022 (ZIMS + literature)	NA	NA	NA	NA	NA	NA	NA
Diopsittaca nobilis	Diopsittaca_nobilis	True	14.0	2.63902669830669	0.04257151701016786	12.879	15.218	mean life expectancy at birth; Gompertz bathtub survival model (BaSTA) fitted to ZIMS zoo records; sexes pooled	captive (ZIMS member institutions)	Smeele et al. 2022 (processed; raw records not public)	NA	not compiled (AnAge/ZIMS max records pending; kept separate from life expectancy)	153.63	5.0345440714827205	0.012165299229890025	Smeele et al. 2022 (ZIMS + literature)	5.829	1.762880318265396	0.05416232748883316	4.0	24.0	60.0	25.0
Eclectus roratus	Eclectus_roratus	True	14.078	2.644612075646407	0.02163224517880251	13.494	14.688	mean life expectancy at birth; Gompertz bathtub survival model (BaSTA) fitted to ZIMS zoo records; sexes pooled	captive (ZIMS member institutions)	Smeele et al. 2022 (processed; raw records not public)	NA	not compiled (AnAge/ZIMS max records pending; kept separate from life expectancy)	405.24	6.0044750150286665	0.005716864325819627	Smeele et al. 2022 (ZIMS + literature)	7.162	1.9687754666547905	0.031248319931852613	2.0	28.25	84.0	29.0
Enicognathus ferrugineus	Enicognathus_ferrugineus	True	NA	NA	NA	NA	NA				NA	not compiled (AnAge/ZIMS max records pending; kept separate from life expectancy)	141.09	4.949373547303464	0.08211989928983453	Smeele et al. 2022 (ZIMS + literature)	5.163	1.6414251697255047	0.04637489407322069	5.725	26.0	NA	NA
Enicognathus leptorhynchus	Enicognathus_leptorhynchus	True	9.922	2.294749988472481	0.08600717285461636	8.383	11.744	mean life expectancy at birth; Gompertz bathtub survival model (BaSTA) fitted to ZIMS zoo records; sexes pooled	captive (ZIMS member institutions)	Smeele et al. 2022 (processed; raw records not public)	NA	not compiled (AnAge/ZIMS max records pending; kept separate from life expectancy)	228.67	5.432282073067409	0.024364578202048088	Smeele et al. 2022 (ZIMS + literature)	7.519	2.017487492454677	0.09584018069056115	4.0	NA	NA	NA
Eolophus roseicapilla	Eolophus_roseicapilla	True	16.014	2.7734875796115817	0.028957449132490144	15.131	16.95	mean life expectancy at birth; Gompertz bathtub survival model (BaSTA) fitted to ZIMS zoo records; sexes pooled	captive (ZIMS member institutions)	Smeele et al. 2022 (processed; raw records not public)	NA	not compiled (AnAge/ZIMS max records pending; kept separate from life expectancy)	322.59	5.776368751628162	0.009085905326481526	Smeele et al. 2022 (ZIMS + literature)	6.323	1.8442167385439527	0.02976349493318554	3.3666666666666667	25.5	56.0	10.0
Eos bornea	Eos_bornea	True	10.227	2.3250370334172104	0.04359100957832281	9.39	11.139	mean life expectancy at birth; Gompertz bathtub survival model (BaSTA) fitted to ZIMS zoo records; sexes pooled	captive (ZIMS member institutions)	Smeele et al. 2022 (processed; raw records not public)	NA	not compiled (AnAge/ZIMS max records pending; kept separate from life expectancy)	166.55	5.115304495066103	0.009437008770644087	Smeele et al. 2022 (ZIMS + literature)	4.802	1.5689768270473274	0.04777943732544611	NA	NA	NA	70.0
Eos cyanogenia	Eos_cyanogenia	True	5.544	1.7127806694076912	0.1390425506682425	4.222	7.281	mean life expectancy at birth; Gompertz bathtub survival model (BaSTA) fitted to ZIMS zoo records; sexes pooled	captive (ZIMS member institutions)	Smeele et al. 2022 (processed; raw records not public)	NA	not compiled (AnAge/ZIMS max records pending; kept separate from life expectancy)	141.26	4.950601236956517	0.025982677270924123	Smeele et al. 2022 (ZIMS + literature)	4.629	1.5324423731945593	0.055412430283821895	2.0	26.0	81.0	NA
Eos histrio	Eos_histrio	True	9.305	2.230586122381927	0.09565432123037687	7.715	11.224	mean life expectancy at birth; Gompertz bathtub survival model (BaSTA) fitted to ZIMS zoo records; sexes pooled	captive (ZIMS member institutions)	Smeele et al. 2022 (processed; raw records not public)	NA	not compiled (AnAge/ZIMS max records pending; kept separate from life expectancy)	167.5	5.12100609851174	0.03485603232300927	Smeele et al. 2022 (ZIMS + literature)	NA	NA	NA	2.0	NA	NA	NA
Eos reticulata	Eos_reticulata	True	9.312	2.2312953291545017	0.06986041901962532	8.12	10.678	mean life expectancy at birth; Gompertz bathtub survival model (BaSTA) fitted to ZIMS zoo records; sexes pooled	captive (ZIMS member institutions)	Smeele et al. 2022 (processed; raw records not public)	NA	not compiled (AnAge/ZIMS max records pending; kept separate from life expectancy)	154.39	5.039455060085024	0.016787037077394127	Smeele et al. 2022 (ZIMS + literature)	NA	NA	NA	2.0	NA	NA	NA
Eos semilarvata	Eos_semilarvata	True	NA	NA	NA	NA	NA				NA	not compiled (AnAge/ZIMS max records pending; kept separate from life expectancy)	99.47	4.599879459019595	0.024115144825297773	Smeele et al. 2022 (ZIMS + literature)	NA	NA	NA	NA	NA	NA	NA
Eos squamata	Eos_squamata	True	6.036	1.7976839302384369	0.09757591142684245	4.985	7.308	mean life expectancy at birth; Gompertz bathtub survival model (BaSTA) fitted to ZIMS zoo records; sexes pooled	captive (ZIMS member institutions)	Smeele et al. 2022 (processed; raw records not public)	NA	not compiled (AnAge/ZIMS max records pending; kept separate from life expectancy)	106.15	4.66489520031347	0.017678208397741074	Smeele et al. 2022 (ZIMS + literature)	3.79	1.332354585173787	0.03856129970601297	2.0	27.0	80.0	NA
Eunymphicus cornutus	Eunymphicus_cornutus	True	8.96	2.1927345785783845	0.09418124906065545	7.449	10.776	mean life expectancy at birth; Gompertz bathtub survival model (BaSTA) fitted to ZIMS zoo records; sexes pooled	captive (ZIMS member institutions)	Smeele et al. 2022 (processed; raw records not public)	NA	not compiled (AnAge/ZIMS max records pending; kept separate from life expectancy)	119.13	4.780221470374236	0.024613604941137224	Smeele et al. 2022 (ZIMS + literature)	3.32	1.1999947706323653	0.06617091502961617	3.0	21.5	38.5	NA
Eunymphicus uvaeensis	Eunymphicus_uvaeensis	True	NA	NA	NA	NA	NA				NA	not compiled (AnAge/ZIMS max records pending; kept separate from life expectancy)	129.86	4.866438486877275	0.13277388684434324	Smeele et al. 2022 (ZIMS + literature)	3.33	1.2029723039923526	0.07071067811865475	3.0	NA	NA	NA
Eupsittula aurea	Eupsittula_aurea	True	NA	NA	NA	NA	NA				NA	not compiled (AnAge/ZIMS max records pending; kept separate from life expectancy)	78.45	4.362515213500384	0.013564658950699205	Smeele et al. 2022 (ZIMS + literature)	3.225	1.1708802025868124	0.04695547358755152	2.9	23.0	48.0	NA
Eupsittula cactorum	Eupsittula_cactorum	True	NA	NA	NA	NA	NA				NA	not compiled (AnAge/ZIMS max records pending; kept separate from life expectancy)	76.17	4.3329364321714	0.04813498979017564	Smeele et al. 2022 (ZIMS + literature)	2.625	0.9652647364706146	0.07071067811865475	6.0	NA	42.0	NA
Eupsittula canicularis	Eupsittula_canicularis	True	9.102	2.2084648506884244	0.11081311889911259	7.325	11.31	mean life expectancy at birth; Gompertz bathtub survival model (BaSTA) fitted to ZIMS zoo records; sexes pooled	captive (ZIMS member institutions)	Smeele et al. 2022 (processed; raw records not public)	NA	not compiled (AnAge/ZIMS max records pending; kept separate from life expectancy)	73.84	4.301955445103767	0.02323130786680025	Smeele et al. 2022 (ZIMS + literature)	3.276	1.186710882754699	0.05356318443763389	3.95	30.0	42.0	NA
Eupsittula nana	Eupsittula_nana	True	12.12	2.494881802303998	0.11060209409613249	9.758	15.054	mean life expectancy at birth; Gompertz bathtub survival model (BaSTA) fitted to ZIMS zoo records; sexes pooled	captive (ZIMS member institutions)	Smeele et al. 2022 (processed; raw records not public)	NA	not compiled (AnAge/ZIMS max records pending; kept separate from life expectancy)	84.33	4.434727122385636	0.03069027181659692	Smeele et al. 2022 (ZIMS + literature)	4.007	1.3879887017361476	0.03047344567581635	3.825	NA	NA	NA
Eupsittula pertinax	Eupsittula_pertinax	True	11.678	2.457690654307703	0.07129497415437609	10.155	13.429	mean life expectancy at birth; Gompertz bathtub survival model (BaSTA) fitted to ZIMS zoo records; sexes pooled	captive (ZIMS member institutions)	Smeele et al. 2022 (processed; raw records not public)	NA	not compiled (AnAge/ZIMS max records pending; kept separate from life expectancy)	86.44	4.4594312475293885	0.01718583129384041	Smeele et al. 2022 (ZIMS + literature)	3.461	1.2414485061145701	0.043506805760982384	4.475	23.0	42.0	NA
Forpus coelestis	Forpus_coelestis	True	3.926	1.36771824742137	0.0710362811696148	3.416	4.513	mean life expectancy at birth; Gompertz bathtub survival model (BaSTA) fitted to ZIMS zoo records; sexes pooled	captive (ZIMS member institutions)	Smeele et al. 2022 (processed; raw records not public)	NA	not compiled (AnAge/ZIMS max records pending; kept separate from life expectancy)	29.85	3.3962167503244935	0.019898109937489316	Smeele et al. 2022 (ZIMS + literature)	1.331	0.2856142925512538	0.0314684047537967	4.95	17.0	30.0	NA
Forpus conspicillatus	Forpus_conspicillatus	True	NA	NA	NA	NA	NA				NA	not compiled (AnAge/ZIMS max records pending; kept separate from life expectancy)	27.04	3.297478246064144	0.023729980319576044	Smeele et al. 2022 (ZIMS + literature)	1.225	0.20321800931037687	0.09027956161893386	3.7	NA	NA	NA
Forpus cyanopygius	Forpus_cyanopygius	True	6.206	1.8254865649880778	0.09195395710969301	5.182	7.431	mean life expectancy at birth; Gompertz bathtub survival model (BaSTA) fitted to ZIMS zoo records; sexes pooled	captive (ZIMS member institutions)	Smeele et al. 2022 (processed; raw records not public)	NA	not compiled (AnAge/ZIMS max records pending; kept separate from life expectancy)	33.74	3.5186461885659317	0.03013896049166177	Smeele et al. 2022 (ZIMS + literature)	1.276	0.24387670784808219	0.06850080772728477	3.0	NA	35.0	NA
Forpus modestus	Forpus_modestus	True	NA	NA	NA	NA	NA				NA	not compiled (AnAge/ZIMS max records pending; kept separate from life expectancy)	27.26	3.3053524626014212	0.13118323263839415	Smeele et al. 2022 (ZIMS + literature)	1.168	0.1552532157713584	0.1	NA	NA	NA	NA
Forpus passerinus	Forpus_passerinus	True	4.144	1.4217694573935185	0.08534572009881015	3.506	4.899	mean life expectancy at birth; Gompertz bathtub survival model (BaSTA) fitted to ZIMS zoo records; sexes pooled	captive (ZIMS member institutions)	Smeele et al. 2022 (processed; raw records not public)	NA	not compiled (AnAge/ZIMS max records pending; kept separate from life expectancy)	22.54	3.115363649276516	0.029136927299806936	Smeele et al. 2022 (ZIMS + literature)	1.133	0.12448325972410638	0.039132973603021544	5.583333333333334	18.0	35.0	NA
Forpus spengeli	Forpus_spengeli	True	7.514	2.016750464817344	0.09439364697254513	6.245	9.041	mean life expectancy at birth; Gompertz bathtub survival model (BaSTA) fitted to ZIMS zoo records; sexes pooled	captive (ZIMS member institutions)	Smeele et al. 2022 (processed; raw records not public)	NA	not compiled (AnAge/ZIMS max records pending; kept separate from life expectancy)	22.87	3.1299024035799716	0.025429025240189505	Smeele et al. 2022 (ZIMS + literature)	NA	NA	NA	NA	NA	NA	NA
Forpus xanthops	Forpus_xanthops	True	NA	NA	NA	NA	NA				NA	not compiled (AnAge/ZIMS max records pending; kept separate from life expectancy)	35.15	3.5596962015229017	0.046228737843845416	Smeele et al. 2022 (ZIMS + literature)	NA	NA	NA	4.6	21.5	35.5	NA
Forpus xanthopterygius	Forpus_xanthopterygius	True	NA	NA	NA	NA	NA				NA	not compiled (AnAge/ZIMS max records pending; kept separate from life expectancy)	26.25	3.2677220544042895	0.03207159171135201	Smeele et al. 2022 (ZIMS + literature)	1.207	0.18777640747691837	0.05773502691896258	5.5875	18.0	35.0	NA
Geoffroyus geoffroyi	Geoffroyus_geoffroyi	True	NA	NA	NA	NA	NA				NA	not compiled (AnAge/ZIMS max records pending; kept separate from life expectancy)	163.9	5.099274927302266	0.12889850672777592	Smeele et al. 2022 (ZIMS + literature)	4.26	1.449269160281279	0.03333333333333333	3.0	NA	NA	NA
Geoffroyus heteroclitus	Geoffroyus_heteroclitus	True	NA	NA	NA	NA	NA				NA	not compiled (AnAge/ZIMS max records pending; kept separate from life expectancy)	169.97	5.1356141616013735	0.1301401717170968	Smeele et al. 2022 (ZIMS + literature)	NA	NA	NA	NA	NA	NA	NA
Geoffroyus simplex	Geoffroyus_simplex	True	NA	NA	NA	NA	NA				NA	not compiled (AnAge/ZIMS max records pending; kept separate from life expectancy)	194.75	5.2717087409676475	0.1306284271387224	Smeele et al. 2022 (ZIMS + literature)	NA	NA	NA	NA	NA	NA	NA
Glossopsitta concinna	Glossopsitta_concinna	True	8.145	2.0974575890936826	0.05415855519195049	7.325	9.058	mean life expectancy at birth; Gompertz bathtub survival model (BaSTA) fitted to ZIMS zoo records; sexes pooled	captive (ZIMS member institutions)	Smeele et al. 2022 (processed; raw records not public)	NA	not compiled (AnAge/ZIMS max records pending; kept separate from life expectancy)	79.86	4.38028696657953	0.007843058938053364	Smeele et al. 2022 (ZIMS + literature)	2.903	1.0659084013689433	0.030711654311087883	2.166666666666667	NA	47.5	18.0
Glossopsitta porphyrocephala	Glossopsitta_porphyrocephala	True	4.02	1.39134038024168	0.056531422393147734	3.599	4.491	mean life expectancy at birth; Gompertz bathtub survival model (BaSTA) fitted to ZIMS zoo records; sexes pooled	captive (ZIMS member institutions)	Smeele et al. 2022 (processed; raw records not public)	NA	not compiled (AnAge/ZIMS max records pending; kept separate from life expectancy)	43.75	3.7785052901239586	0.007696847621672169	Smeele et al. 2022 (ZIMS + literature)	1.883	0.6330110909124287	0.031489929492998926	3.625	18.0	42.0	78.0
Glossopsitta pusilla	Glossopsitta_pusilla	True	5.755	1.7499869792775709	0.06322751843778608	5.084	6.514	mean life expectancy at birth; Gompertz bathtub survival model (BaSTA) fitted to ZIMS zoo records; sexes pooled	captive (ZIMS member institutions)	Smeele et al. 2022 (processed; raw records not public)	NA	not compiled (AnAge/ZIMS max records pending; kept separate from life expectancy)	36.79	3.6052995518607114	0.006400015815610505	Smeele et al. 2022 (ZIMS + literature)	1.6	0.4702949347423732	0.04882544966073234	3.8666666666666667	18.0	42.0	NA
Graydidascalus brachyurus	Graydidascalus_brachyurus	True	NA	NA	NA	NA	NA				NA	not compiled (AnAge/ZIMS max records pending; kept separate from life expectancy)	174.48	5.1618048536419225	0.023770169795414825	Smeele et al. 2022 (ZIMS + literature)	5.288	1.6654250729974707	0.09651243813919165	NA	NA	NA	NA
Guaruba guarouba	Guaruba_guarouba	True	14.416	2.66833707497016	0.035808922542392325	13.439	15.464	mean life expectancy at birth; Gompertz bathtub survival model (BaSTA) fitted to ZIMS zoo records; sexes pooled	captive (ZIMS member institutions)	Smeele et al. 2022 (processed; raw records not public)	NA	not compiled (AnAge/ZIMS max records pending; kept separate from life expectancy)	243.63	5.495654111920421	0.0056354796111628865	Smeele et al. 2022 (ZIMS + literature)	7.5	2.0149030205422647	0.025819888974716113	2.7	30.0	NA	32.0
Hapalopsittaca amazonina	Hapalopsittaca_amazonina	True	NA	NA	NA	NA	NA				NA	not compiled (AnAge/ZIMS max records pending; kept separate from life expectancy)	96.88	4.5734225999127505	0.13313771722192108	Smeele et al. 2022 (ZIMS + literature)	NA	NA	NA	NA	NA	NA	NA
Hapalopsittaca melanotis	Hapalopsittaca_melanotis	True	NA	NA	NA	NA	NA				NA	not compiled (AnAge/ZIMS max records pending; kept separate from life expectancy)	101.41	4.619139197574389	0.13334788756406027	Smeele et al. 2022 (ZIMS + literature)	NA	NA	NA	NA	NA	NA	NA
Lathamus discolor	Lathamus_discolor	True	3.747	1.320841849069749	0.04802778636546251	3.41	4.116	mean life expectancy at birth; Gompertz bathtub survival model (BaSTA) fitted to ZIMS zoo records; sexes pooled	captive (ZIMS member institutions)	Smeele et al. 2022 (processed; raw records not public)	NA	not compiled (AnAge/ZIMS max records pending; kept separate from life expectancy)	68.0	4.219515397971575	0.006550500912831098	Smeele et al. 2022 (ZIMS + literature)	2.37	0.8628899551470398	0.03333333333333333	4.108333333333333	20.0	42.0	30.0
Leptosittaca branickii	Leptosittaca_branickii	True	NA	NA	NA	NA	NA				NA	not compiled (AnAge/ZIMS max records pending; kept separate from life expectancy)	158.33	5.064688231881029	0.1313122742673871	Smeele et al. 2022 (ZIMS + literature)	6.223	1.8282967354667083	0.06710550983083417	NA	NA	NA	NA
Lophopsittacus mauritianus	Lophopsittacus_mauritianus	True	NA	NA	NA	NA	NA				NA	not compiled (AnAge/ZIMS max records pending; kept separate from life expectancy)	NA	NA	NA		NA	NA	NA	NA	NA	NA	NA
Loriculus amabilis	Loriculus_amabilis	True	NA	NA	NA	NA	NA				NA	not compiled (AnAge/ZIMS max records pending; kept separate from life expectancy)	20.02	2.996641732090137	0.1312206520463456	Smeele et al. 2022 (ZIMS + literature)	1.144	0.13444449686326454	0.04746142608340323	NA	NA	NA	NA
Loriculus aurantiifrons	Loriculus_aurantiifrons	True	NA	NA	NA	NA	NA				NA	not compiled (AnAge/ZIMS max records pending; kept separate from life expectancy)	15.52	2.742048261941464	0.12912808178925128	Smeele et al. 2022 (ZIMS + literature)	NA	NA	NA	4.0	NA	NA	NA
Loriculus beryllinus	Loriculus_beryllinus	True	NA	NA	NA	NA	NA				NA	not compiled (AnAge/ZIMS max records pending; kept separate from life expectancy)	30.34	3.4123076022161842	0.13443103714438454	Smeele et al. 2022 (ZIMS + literature)	NA	NA	NA	2.7	NA	NA	NA
Loriculus exilis	Loriculus_exilis	True	NA	NA	NA	NA	NA				NA	not compiled (AnAge/ZIMS max records pending; kept separate from life expectancy)	19.86	2.9885561649438386	0.13239654439281284	Smeele et al. 2022 (ZIMS + literature)	NA	NA	NA	NA	NA	NA	NA
Loriculus flosculus	Loriculus_flosculus	True	NA	NA	NA	NA	NA				NA	not compiled (AnAge/ZIMS max records pending; kept separate from life expectancy)	25.13	3.224244630826097	0.13062697948174262	Smeele et al. 2022 (ZIMS + literature)	NA	NA	NA	NA	NA	NA	NA
Loriculus galgulus	Loriculus_galgulus	True	4.732	1.554293300890778	0.03007584992723696	4.461	5.019	mean life expectancy at birth; Gompertz bathtub survival model (BaSTA) fitted to ZIMS zoo records; sexes pooled	captive (ZIMS member institutions)	Smeele et al. 2022 (processed; raw records not public)	NA	not compiled (AnAge/ZIMS max records pending; kept separate from life expectancy)	29.96	3.3997657311415117	0.004168253920719117	Smeele et al. 2022 (ZIMS + literature)	1.502	0.40653898355799667	0.03600132258256007	3.5	NA	35.0	14.0
Loriculus philippensis	Loriculus_philippensis	True	7.233	1.978702080504135	0.1343295158710617	5.559	9.412	mean life expectancy at birth; Gompertz bathtub survival model (BaSTA) fitted to ZIMS zoo records; sexes pooled	captive (ZIMS member institutions)	Smeele et al. 2022 (processed; raw records not public)	NA	not compiled (AnAge/ZIMS max records pending; kept separate from life expectancy)	35.53	3.570488720915134	0.03880597123951545	Smeele et al. 2022 (ZIMS + literature)	1.49	0.3987210332415667	0.06642311466153696	3.0	NA	35.0	NA
Loriculus pusillus	Loriculus_pusillus	True	NA	NA	NA	NA	NA				NA	not compiled (AnAge/ZIMS max records pending; kept separate from life expectancy)	27.59	3.3174916836468364	0.132404512594667	Smeele et al. 2022 (ZIMS + literature)	NA	NA	NA	2.0	NA	NA	NA
Loriculus stigmatus	Loriculus_stigmatus	True	NA	NA	NA	NA	NA				NA	not compiled (AnAge/ZIMS max records pending; kept separate from life expectancy)	31.55	3.4515223775565103	0.13172777931174862	Smeele et al. 2022 (ZIMS + literature)	NA	NA	NA	NA	NA	NA	NA
Loriculus vernalis	Loriculus_vernalis	True	7.684	2.039200920278131	0.09916715905152496	6.327	9.333	mean life expectancy at birth; Gompertz bathtub survival model (BaSTA) fitted to ZIMS zoo records; sexes pooled	captive (ZIMS member institutions)	Smeele et al. 2022 (processed; raw records not public)	NA	not compiled (AnAge/ZIMS max records pending; kept separate from life expectancy)	31.11	3.437567432424189	0.05335641992190791	Smeele et al. 2022 (ZIMS + literature)	1.433	0.3597041740298527	0.06759578277535307	2.9	22.0	35.0	NA
Lorius albidinucha	Lorius_albidinucha	True	NA	NA	NA	NA	NA				NA	not compiled (AnAge/ZIMS max records pending; kept separate from life expectancy)	158.43	5.065287829835753	0.13062543286886388	Smeele et al. 2022 (ZIMS + literature)	NA	NA	NA	NA	NA	NA	NA
Lorius chlorocercus	Lorius_chlorocercus	True	12.275	2.5075254372073696	0.09292200014836281	10.231	14.727	mean life expectancy at birth; Gompertz bathtub survival model (BaSTA) fitted to ZIMS zoo records; sexes pooled	captive (ZIMS member institutions)	Smeele et al. 2022 (processed; raw records not public)	NA	not compiled (AnAge/ZIMS max records pending; kept separate from life expectancy)	153.43	5.033228467848322	0.0199085378662205	Smeele et al. 2022 (ZIMS + literature)	NA	NA	NA	NA	NA	NA	NA
Lorius domicella	Lorius_domicella	True	10.54	2.355167872228183	0.072621612944154	9.142	12.152	mean life expectancy at birth; Gompertz bathtub survival model (BaSTA) fitted to ZIMS zoo records; sexes pooled	captive (ZIMS member institutions)	Smeele et al. 2022 (processed; raw records not public)	NA	not compiled (AnAge/ZIMS max records pending; kept separate from life expectancy)	196.39	5.280127838580695	0.018961078943521576	Smeele et al. 2022 (ZIMS + literature)	NA	NA	NA	2.0	24.0	90.0	NA
Lorius garrulus	Lorius_garrulus	True	8.906	2.1867524603943354	0.04866795135226979	8.096	9.798	mean life expectancy at birth; Gompertz bathtub survival model (BaSTA) fitted to ZIMS zoo records; sexes pooled	captive (ZIMS member institutions)	Smeele et al. 2022 (processed; raw records not public)	NA	not compiled (AnAge/ZIMS max records pending; kept separate from life expectancy)	198.6	5.2913164305482345	0.015810145524793574	Smeele et al. 2022 (ZIMS + literature)	5.17	1.6428370277111737	0.03709543671656095	2.0	NA	76.0	71.0
Lorius hypoinochrous	Lorius_hypoinochrous	True	NA	NA	NA	NA	NA				NA	not compiled (AnAge/ZIMS max records pending; kept separate from life expectancy)	196.84	5.282376487855572	0.014247394824146394	Smeele et al. 2022 (ZIMS + literature)	NA	NA	NA	NA	NA	NA	NA
Lorius lory	Lorius_lory	True	11.82	2.469831846053003	0.05321902554844914	10.65	13.12	mean life expectancy at birth; Gompertz bathtub survival model (BaSTA) fitted to ZIMS zoo records; sexes pooled	captive (ZIMS member institutions)	Smeele et al. 2022 (processed; raw records not public)	NA	not compiled (AnAge/ZIMS max records pending; kept separate from life expectancy)	199.49	5.295763004864929	0.012413268323331127	Smeele et al. 2022 (ZIMS + literature)	5.126	1.6343965703028158	0.028425682232327394	2.0	24.0	60.0	1.0
Mascarinus mascarin	Mascarinus_mascarin	True	NA	NA	NA	NA	NA				NA	not compiled (AnAge/ZIMS max records pending; kept separate from life expectancy)	NA	NA	NA		NA	NA	NA	NA	NA	NA	NA
Melopsittacus undulatus	Melopsittacus_undulatus	True	4.567	1.5187517423830235	0.009825483791573551	4.479	4.655	mean life expectancy at birth; Gompertz bathtub survival model (BaSTA) fitted to ZIMS zoo records; sexes pooled	captive (ZIMS member institutions)	Smeele et al. 2022 (processed; raw records not public)	NA	not compiled (AnAge/ZIMS max records pending; kept separate from life expectancy)	37.82	3.632933620204301	0.003953661514955952	Smeele et al. 2022 (ZIMS + literature)	1.139	0.12978832679436142	0.05798069844035245	5.214333333333333	18.0	35.25	9.0
Micropsitta bruijnii	Micropsitta_bruijnii	True	NA	NA	NA	NA	NA				NA	not compiled (AnAge/ZIMS max records pending; kept separate from life expectancy)	14.05	2.642482314815342	0.13204955713999553	Smeele et al. 2022 (ZIMS + literature)	NA	NA	NA	2.0	NA	NA	NA
Micropsitta finschii	Micropsitta_finschii	True	NA	NA	NA	NA	NA				NA	not compiled (AnAge/ZIMS max records pending; kept separate from life expectancy)	14.82	2.6957714458432465	0.13121696003999903	Smeele et al. 2022 (ZIMS + literature)	NA	NA	NA	2.0	NA	NA	NA
Micropsitta geelvinkiana	Micropsitta_geelvinkiana	True	NA	NA	NA	NA	NA				NA	not compiled (AnAge/ZIMS max records pending; kept separate from life expectancy)	12.22	2.5029957180477282	0.13130097877018448	Smeele et al. 2022 (ZIMS + literature)	NA	NA	NA	NA	NA	NA	NA
Micropsitta keiensis	Micropsitta_keiensis	True	NA	NA	NA	NA	NA				NA	not compiled (AnAge/ZIMS max records pending; kept separate from life expectancy)	12.13	2.495331139779613	0.13217609556505408	Smeele et al. 2022 (ZIMS + literature)	NA	NA	NA	2.0	NA	NA	NA
Micropsitta meeki	Micropsitta_meeki	True	NA	NA	NA	NA	NA				NA	not compiled (AnAge/ZIMS max records pending; kept separate from life expectancy)	13.8	2.6244501018138413	0.13312306085672954	Smeele et al. 2022 (ZIMS + literature)	NA	NA	NA	NA	NA	NA	NA
Micropsitta pusio	Micropsitta_pusio	True	NA	NA	NA	NA	NA				NA	not compiled (AnAge/ZIMS max records pending; kept separate from life expectancy)	14.55	2.677905868898578	0.13219163749029966	Smeele et al. 2022 (ZIMS + literature)	1.0	-0.00029563541840406333	0.09188138737705624	2.5	NA	NA	NA
Myiopsitta monachus	Myiopsitta_monachus	True	7.117	1.9624586936872042	0.04366366332365222	6.533	7.753	mean life expectancy at birth; Gompertz bathtub survival model (BaSTA) fitted to ZIMS zoo records; sexes pooled	captive (ZIMS member institutions)	Smeele et al. 2022 (processed; raw records not public)	NA	not compiled (AnAge/ZIMS max records pending; kept separate from life expectancy)	108.24	4.68431685204183	0.010470405869543191	Smeele et al. 2022 (ZIMS + literature)	3.909	1.3634024505497249	0.03543974579415125	6.55	31.0	42.0	83.0
Nannopsittaca dachilleae	Nannopsittaca_dachilleae	True	NA	NA	NA	NA	NA				NA	not compiled (AnAge/ZIMS max records pending; kept separate from life expectancy)	41.52	3.7261280354051673	0.13108875168780817	Smeele et al. 2022 (ZIMS + literature)	1.4	0.33619641259519173	0.07071067811865475	NA	NA	NA	NA
Nannopsittaca panychlora	Nannopsittaca_panychlora	True	NA	NA	NA	NA	NA				NA	not compiled (AnAge/ZIMS max records pending; kept separate from life expectancy)	38.88	3.660462618850855	0.13137226750878828	Smeele et al. 2022 (ZIMS + literature)	1.45	0.371563556432483	0.07071067811865475	NA	NA	NA	NA
Necropsittacus rodricanus	Necropsittacus_rodricanus	True	NA	NA	NA	NA	NA				NA	not compiled (AnAge/ZIMS max records pending; kept separate from life expectancy)	NA	NA	NA		NA	NA	NA	NA	NA	NA	NA
Neophema chrysogaster	Neophema_chrysogaster	True	5.139	1.6369520992917947	0.023569948150083623	4.907	5.382	mean life expectancy at birth; Gompertz bathtub survival model (BaSTA) fitted to ZIMS zoo records; sexes pooled	captive (ZIMS member institutions)	Smeele et al. 2022 (processed; raw records not public)	NA	not compiled (AnAge/ZIMS max records pending; kept separate from life expectancy)	44.24	3.7896912971462604	0.0019833837490496747	Smeele et al. 2022 (ZIMS + literature)	NA	NA	NA	4.475	21.0	35.0	4.0
Neophema chrysostoma	Neophema_chrysostoma	True	4.125	1.4169528808484098	0.08157005181094643	3.515	4.84	mean life expectancy at birth; Gompertz bathtub survival model (BaSTA) fitted to ZIMS zoo records; sexes pooled	captive (ZIMS member institutions)	Smeele et al. 2022 (processed; raw records not public)	NA	not compiled (AnAge/ZIMS max records pending; kept separate from life expectancy)	44.05	3.785426739929205	0.017807951479398915	Smeele et al. 2022 (ZIMS + literature)	1.54	0.4320028568417007	0.06733623741347503	4.95	18.0	30.0	NA
Neophema elegans	Neophema_elegans	True	4.87	1.5830281364385896	0.060274437690490956	4.327	5.48	mean life expectancy at birth; Gompertz bathtub survival model (BaSTA) fitted to ZIMS zoo records; sexes pooled	captive (ZIMS member institutions)	Smeele et al. 2022 (processed; raw records not public)	NA	not compiled (AnAge/ZIMS max records pending; kept separate from life expectancy)	44.88	3.8039027081279513	0.010373031659186792	Smeele et al. 2022 (ZIMS + literature)	1.299	0.2617839604835401	0.04348612606090431	4.75	18.0	30.0	89.0
Neophema petrophila	Neophema_petrophila	True	NA	NA	NA	NA	NA				NA	not compiled (AnAge/ZIMS max records pending; kept separate from life expectancy)	47.56	3.862096888807005	0.027473146600694213	Smeele et al. 2022 (ZIMS + literature)	1.727	0.5466665583922472	0.09379173385979561	4.5	18.0	30.0	NA
Neophema pulchella	Neophema_pulchella	True	4.238	1.4440991847338944	0.03902824301698472	3.926	4.575	mean life expectancy at birth; Gompertz bathtub survival model (BaSTA) fitted to ZIMS zoo records; sexes pooled	captive (ZIMS member institutions)	Smeele et al. 2022 (processed; raw records not public)	NA	not compiled (AnAge/ZIMS max records pending; kept separate from life expectancy)	38.45	3.6494347729229806	0.007371372052784997	Smeele et al. 2022 (ZIMS + literature)	1.316	0.2745603165322751	0.03417233240282215	4.63	20.0	28.0	7.0
Neophema splendida	Neophema_splendida	True	3.234	1.173675256970957	0.03229934971049558	3.035	3.445	mean life expectancy at birth; Gompertz bathtub survival model (BaSTA) fitted to ZIMS zoo records; sexes pooled	captive (ZIMS member institutions)	Smeele et al. 2022 (processed; raw records not public)	NA	not compiled (AnAge/ZIMS max records pending; kept separate from life expectancy)	39.55	3.67750596626315	0.005546755839715929	Smeele et al. 2022 (ZIMS + literature)	1.286	0.2511634293615028	0.032577719378464515	4.116666666666666	18.0	30.0	38.0
Neopsephotus bourkii	Neopsephotus_bourkii	True	5.886	1.772603542254005	0.04457862723417258	5.394	6.424	mean life expectancy at birth; Gompertz bathtub survival model (BaSTA) fitted to ZIMS zoo records; sexes pooled	captive (ZIMS member institutions)	Smeele et al. 2022 (processed; raw records not public)	NA	not compiled (AnAge/ZIMS max records pending; kept separate from life expectancy)	43.12	3.76390087811342	0.008478712823602724	Smeele et al. 2022 (ZIMS + literature)	1.239	0.21404091469273856	0.033932181571317374	4.266666666666667	18.0	27.0	88.0
Neopsittacus musschenbroekii	Neopsittacus_musschenbroekii	True	6.21	1.8262345653837566	0.2077457665265063	4.133	9.332	mean life expectancy at birth; Gompertz bathtub survival model (BaSTA) fitted to ZIMS zoo records; sexes pooled	captive (ZIMS member institutions)	Smeele et al. 2022 (processed; raw records not public)	NA	not compiled (AnAge/ZIMS max records pending; kept separate from life expectancy)	43.89	3.781577189764146	0.05821027926277101	Smeele et al. 2022 (ZIMS + literature)	2.466	0.9024332358984564	0.09787358493278403	2.0	NA	NA	NA
Neopsittacus pullicauda	Neopsittacus_pullicauda	True	6.975	1.9423565817843356	0.14715166222370282	5.228	9.307	mean life expectancy at birth; Gompertz bathtub survival model (BaSTA) fitted to ZIMS zoo records; sexes pooled	captive (ZIMS member institutions)	Smeele et al. 2022 (processed; raw records not public)	NA	not compiled (AnAge/ZIMS max records pending; kept separate from life expectancy)	35.38	3.5661794375909355	0.07919889233976768	Smeele et al. 2022 (ZIMS + literature)	1.974	0.6801438711497635	0.09131922447761238	2.0	NA	NA	NA
Nestor meridionalis	Nestor_meridionalis	True	12.391	2.5169972979616064	0.09016181959656928	10.384	14.786	mean life expectancy at birth; Gompertz bathtub survival model (BaSTA) fitted to ZIMS zoo records; sexes pooled	captive (ZIMS member institutions)	Smeele et al. 2022 (processed; raw records not public)	NA	not compiled (AnAge/ZIMS max records pending; kept separate from life expectancy)	438.19	6.0826635163060985	0.01009098679155126	Smeele et al. 2022 (ZIMS + literature)	12.962	2.562015233053217	0.06844399678700364	4.5	21.0	66.5	NA
Nestor notabilis	Nestor_notabilis	True	13.682	2.616085312474658	0.036478483960593514	12.738	14.696	mean life expectancy at birth; Gompertz bathtub survival model (BaSTA) fitted to ZIMS zoo records; sexes pooled	captive (ZIMS member institutions)	Smeele et al. 2022 (processed; raw records not public)	NA	not compiled (AnAge/ZIMS max records pending; kept separate from life expectancy)	792.63	6.675361459941766	0.008140924902364895	Smeele et al. 2022 (ZIMS + literature)	15.667	2.7515344334290206	0.03913125981221301	2.75	24.5	91.0	26.0
Nestor productus	Nestor_productus	False	NA	NA	NA	NA	NA				NA	not compiled (AnAge/ZIMS max records pending; kept separate from life expectancy)	NA	NA	NA		NA	NA	NA	NA	NA	NA	NA
Northiella haematogaster	Northiella_haematogaster	True	6.435	1.8617931360492368	0.09201892806153848	5.373	7.707	mean life expectancy at birth; Gompertz bathtub survival model (BaSTA) fitted to ZIMS zoo records; sexes pooled	captive (ZIMS member institutions)	Smeele et al. 2022 (processed; raw records not public)	NA	not compiled (AnAge/ZIMS max records pending; kept separate from life expectancy)	71.23	4.265900394300418	0.026530577386159764	Smeele et al. 2022 (ZIMS + literature)	2.377	0.8658687932288468	0.031991762758049984	5.15	22.0	30.0	NA
Nymphicus hollandicus	Nymphicus_hollandicus	True	8.268	2.112341026214289	0.021950783000272582	7.919	8.631	mean life expectancy at birth; Gompertz bathtub survival model (BaSTA) fitted to ZIMS zoo records; sexes pooled	captive (ZIMS member institutions)	Smeele et al. 2022 (processed; raw records not public)	NA	not compiled (AnAge/ZIMS max records pending; kept separate from life expectancy)	90.9	4.509809539773002	0.004833728100465444	Smeele et al. 2022 (ZIMS + literature)	2.39	0.8712933659434193	0.021320071635561044	4.787222222222222	20.5	31.5	19.0
Ognorhynchus icterotis	Ognorhynchus_icterotis	True	NA	NA	NA	NA	NA				NA	not compiled (AnAge/ZIMS max records pending; kept separate from life expectancy)	284.88	5.652051941164292	0.12980807086630627	Smeele et al. 2022 (ZIMS + literature)	8.781	2.1726464253136277	0.06761397761140538	4.0	NA	NA	NA
Oreopsittacus arfaki	Oreopsittacus_arfaki	True	6.868	1.9268675382335736	0.09375029980136139	5.715	8.253	mean life expectancy at birth; Gompertz bathtub survival model (BaSTA) fitted to ZIMS zoo records; sexes pooled	captive (ZIMS member institutions)	Smeele et al. 2022 (processed; raw records not public)	NA	not compiled (AnAge/ZIMS max records pending; kept separate from life expectancy)	17.99	2.8896931865938527	0.051661924995409315	Smeele et al. 2022 (ZIMS + literature)	1.163	0.15137050382558004	0.07112082965296261	NA	NA	NA	NA
Orthopsittaca manilatus	Orthopsittaca_manilatus	True	7.298	1.9875874035674732	0.1253515519203626	5.708	9.33	mean life expectancy at birth; Gompertz bathtub survival model (BaSTA) fitted to ZIMS zoo records; sexes pooled	captive (ZIMS member institutions)	Smeele et al. 2022 (processed; raw records not public)	NA	not compiled (AnAge/ZIMS max records pending; kept separate from life expectancy)	331.77	5.804440217867248	0.034824510681236175	Smeele et al. 2022 (ZIMS + literature)	7.789	2.0527333383389585	0.06548125487379337	2.0	25.0	75.0	NA
Pezoporus occidentalis	Pezoporus_occidentalis	True	NA	NA	NA	NA	NA				NA	not compiled (AnAge/ZIMS max records pending; kept separate from life expectancy)	56.61	4.0361909752079255	0.13181275055621522	Smeele et al. 2022 (ZIMS + literature)	NA	NA	NA	4.5	NA	NA	NA
Pezoporus wallicus	Pezoporus_wallicus	True	NA	NA	NA	NA	NA				NA	not compiled (AnAge/ZIMS max records pending; kept separate from life expectancy)	71.24	4.266001113244482	0.13212902914079766	Smeele et al. 2022 (ZIMS + literature)	2.659	0.9780498511640354	0.04940495631753442	3.533333333333333	21.0	NA	NA
Phigys solitarius	Phigys_solitarius	True	10.547	2.3558027697465853	0.06847846114115194	9.222	12.062	mean life expectancy at birth; Gompertz bathtub survival model (BaSTA) fitted to ZIMS zoo records; sexes pooled	captive (ZIMS member institutions)	Smeele et al. 2022 (processed; raw records not public)	NA	not compiled (AnAge/ZIMS max records pending; kept separate from life expectancy)	93.2	4.534785780593719	0.012200223468402889	Smeele et al. 2022 (ZIMS + literature)	2.75	1.0116009116784799	0.1	2.0	30.0	63.0	NA
Pionites leucogaster	Pionites_leucogaster	True	13.709	2.61805803310098	0.0521279872912471	12.378	15.184	mean life expectancy at birth; Gompertz bathtub survival model (BaSTA) fitted to ZIMS zoo records; sexes pooled	captive (ZIMS member institutions)	Smeele et al. 2022 (processed; raw records not public)	NA	not compiled (AnAge/ZIMS max records pending; kept separate from life expectancy)	158.16	5.063614361245419	0.0084996990503987	Smeele et al. 2022 (ZIMS + literature)	5.185	1.6457239097611438	0.039550438737575515	2.0	NA	NA	53.0
Pionites melanocephalus	Pionites_melanocephalus	True	14.353	2.663986490995228	0.06554373319869504	12.623	16.321	mean life expectancy at birth; Gompertz bathtub survival model (BaSTA) fitted to ZIMS zoo records; sexes pooled	captive (ZIMS member institutions)	Smeele et al. 2022 (processed; raw records not public)	NA	not compiled (AnAge/ZIMS max records pending; kept separate from life expectancy)	156.39	5.052375123905098	0.011381539700205558	Smeele et al. 2022 (ZIMS + literature)	5.138	1.6365920568731207	0.03290820795035209	2.5	27.0	73.0	NA
Pionopsitta pileata	Pionopsitta_pileata	True	11.798	2.4679145283708706	0.08204349476436235	10.045	13.856	mean life expectancy at birth; Gompertz bathtub survival model (BaSTA) fitted to ZIMS zoo records; sexes pooled	captive (ZIMS member institutions)	Smeele et al. 2022 (processed; raw records not public)	NA	not compiled (AnAge/ZIMS max records pending; kept separate from life expectancy)	105.67	4.6603381014127425	0.014791861553982254	Smeele et al. 2022 (ZIMS + literature)	2.687	0.9885366154456549	0.09278143459154382	2.0	24.0	53.0	NA
Pionus chalcopterus	Pionus_chalcopterus	True	NA	NA	NA	NA	NA				NA	not compiled (AnAge/ZIMS max records pending; kept separate from life expectancy)	220.9	5.397691962613538	0.01981903419256718	Smeele et al. 2022 (ZIMS + literature)	5.811	1.7597201154834383	0.07071067811865475	2.0	26.0	60.0	NA
Pionus fuscus	Pionus_fuscus	True	6.746	1.90892015175563	0.12617779584384015	5.268	8.638	mean life expectancy at birth; Gompertz bathtub survival model (BaSTA) fitted to ZIMS zoo records; sexes pooled	captive (ZIMS member institutions)	Smeele et al. 2022 (processed; raw records not public)	NA	not compiled (AnAge/ZIMS max records pending; kept separate from life expectancy)	200.13	5.2989548688628805	0.031257633999120585	Smeele et al. 2022 (ZIMS + literature)	4.932	1.5958322603783217	0.07071067811865475	4.0	NA	NA	NA
Pionus maximiliani	Pionus_maximiliani	True	14.931	2.703432770394532	0.10023804026643554	12.268	18.172	mean life expectancy at birth; Gompertz bathtub survival model (BaSTA) fitted to ZIMS zoo records; sexes pooled	captive (ZIMS member institutions)	Smeele et al. 2022 (processed; raw records not public)	NA	not compiled (AnAge/ZIMS max records pending; kept separate from life expectancy)	243.64	5.49570064857835	0.02629530732304512	Smeele et al. 2022 (ZIMS + literature)	5.315	1.670553958548349	0.06689160928679157	4.0	NA	63.0	NA
Pionus menstruus	Pionus_menstruus	True	12.689	2.540717791422018	0.06326736583259968	11.209	14.364	mean life expectancy at birth; Gompertz bathtub survival model (BaSTA) fitted to ZIMS zoo records; sexes pooled	captive (ZIMS member institutions)	Smeele et al. 2022 (processed; raw records not public)	NA	not compiled (AnAge/ZIMS max records pending; kept separate from life expectancy)	236.14	5.4644439181854025	0.01397895677615284	Smeele et al. 2022 (ZIMS + literature)	5.716	1.7432179957760467	0.03336002266096912	3.5	26.5	57.5	NA
Pionus senilis	Pionus_senilis	True	12.26	2.5063482028133692	0.09102409870747952	10.257	14.655	mean life expectancy at birth; Gompertz bathtub survival model (BaSTA) fitted to ZIMS zoo records; sexes pooled	captive (ZIMS member institutions)	Smeele et al. 2022 (processed; raw records not public)	NA	not compiled (AnAge/ZIMS max records pending; kept separate from life expectancy)	214.82	5.36978020178063	0.022383227568629788	Smeele et al. 2022 (ZIMS + literature)	5.502	1.7050990310032133	0.1	4.5	27.0	61.0	NA
Pionus seniloides	Pionus_seniloides	True	8.3	2.1162814534193433	0.10132377172042908	6.805	10.124	mean life expectancy at birth; Gompertz bathtub survival model (BaSTA) fitted to ZIMS zoo records; sexes pooled	captive (ZIMS member institutions)	Smeele et al. 2022 (processed; raw records not public)	NA	not compiled (AnAge/ZIMS max records pending; kept separate from life expectancy)	244.51	5.4992717528041455	0.015966090659555975	Smeele et al. 2022 (ZIMS + literature)	NA	NA	NA	NA	NA	NA	NA
Pionus sordidus	Pionus_sordidus	True	NA	NA	NA	NA	NA				NA	not compiled (AnAge/ZIMS max records pending; kept separate from life expectancy)	447.19	6.102973140890891	0.13199034651743188	Smeele et al. 2022 (ZIMS + literature)	NA	NA	NA	3.0	27.0	84.0	NA
Pionus tumultuosus	Pionus_tumultuosus	True	NA	NA	NA	NA	NA				NA	not compiled (AnAge/ZIMS max records pending; kept separate from life expectancy)	188.17	5.237338801067059	0.046751941101233804	Smeele et al. 2022 (ZIMS + literature)	NA	NA	NA	4.0	26.0	NA	NA
Platycercus adscitus	Platycercus_adscitus	True	7.465	2.010184865531362	0.08169408504189458	6.36	8.761	mean life expectancy at birth; Gompertz bathtub survival model (BaSTA) fitted to ZIMS zoo records; sexes pooled	captive (ZIMS member institutions)	Smeele et al. 2022 (processed; raw records not public)	NA	not compiled (AnAge/ZIMS max records pending; kept separate from life expectancy)	103.04	4.63516570011285	0.02206541945082975	Smeele et al. 2022 (ZIMS + literature)	3.061	1.1186863544120258	0.0384962955984365	4.366666666666666	20.0	35.0	NA
Platycercus caledonicus	Platycercus_caledonicus	True	NA	NA	NA	NA	NA				NA	not compiled (AnAge/ZIMS max records pending; kept separate from life expectancy)	118.69	4.776504034511097	0.052486383777541674	Smeele et al. 2022 (ZIMS + literature)	3.64	1.2920985356099206	0.035336933934164004	5.033333333333333	21.0	35.0	NA
Platycercus elegans	Platycercus_elegans	True	NA	NA	NA	NA	NA				NA	not compiled (AnAge/ZIMS max records pending; kept separate from life expectancy)	130.83	4.873887486995673	0.01629034324751797	Smeele et al. 2022 (ZIMS + literature)	3.457	1.2402768538075908	0.023734357648741652	5.273571428571429	21.0	35.0	NA
Platycercus eximius	Platycercus_eximius	True	6.672	1.8979134996996365	0.04490081465322778	6.11	7.286	mean life expectancy at birth; Gompertz bathtub survival model (BaSTA) fitted to ZIMS zoo records; sexes pooled	captive (ZIMS member institutions)	Smeele et al. 2022 (processed; raw records not public)	NA	not compiled (AnAge/ZIMS max records pending; kept separate from life expectancy)	102.97	4.634447485840515	0.009507372871376275	Smeele et al. 2022 (ZIMS + literature)	2.829	1.040091140319038	0.036319008159783416	5.808333333333334	19.5	35.0	35.0
Platycercus icterotis	Platycercus_icterotis	True	5.922	1.7786642772186276	0.07474018499555217	5.115	6.856	mean life expectancy at birth; Gompertz bathtub survival model (BaSTA) fitted to ZIMS zoo records; sexes pooled	captive (ZIMS member institutions)	Smeele et al. 2022 (processed; raw records not public)	NA	not compiled (AnAge/ZIMS max records pending; kept separate from life expectancy)	61.24	4.114774925504971	0.019518398041924685	Smeele et al. 2022 (ZIMS + literature)	2.422	0.8845012082250725	0.04085465529043632	5.066666666666666	19.0	30.0	NA
Platycercus venustus	Platycercus_venustus	True	7.85	2.060559701026176	0.0918006302002656	6.558	9.398	mean life expectancy at birth; Gompertz bathtub survival model (BaSTA) fitted to ZIMS zoo records; sexes pooled	captive (ZIMS member institutions)	Smeele et al. 2022 (processed; raw records not public)	NA	not compiled (AnAge/ZIMS max records pending; kept separate from life expectancy)	90.22	4.502234354199677	0.021213887851564375	Smeele et al. 2022 (ZIMS + literature)	2.479	0.9080022494754629	0.054870209716883965	3.15	20.0	49.0	NA
Poicephalus crassus	Poicephalus_crassus	True	NA	NA	NA	NA	NA				NA	not compiled (AnAge/ZIMS max records pending; kept separate from life expectancy)	176.14	5.171291397971435	0.13234877063796457	Smeele et al. 2022 (ZIMS + literature)	NA	NA	NA	2.8333333333333335	NA	NA	NA
Poicephalus cryptoxanthus	Poicephalus_cryptoxanthus	True	11.717	2.4610174821341286	0.11237983901604406	9.4	14.604	mean life expectancy at birth; Gompertz bathtub survival model (BaSTA) fitted to ZIMS zoo records; sexes pooled	captive (ZIMS member institutions)	Smeele et al. 2022 (processed; raw records not public)	NA	not compiled (AnAge/ZIMS max records pending; kept separate from life expectancy)	130.13	4.868564444896885	0.02939718892220891	Smeele et al. 2022 (ZIMS + literature)	4.643	1.5354008328265634	0.09606624005661822	2.6166666666666667	28.0	84.0	NA
Poicephalus flavifrons	Poicephalus_flavifrons	True	NA	NA	NA	NA	NA				NA	not compiled (AnAge/ZIMS max records pending; kept separate from life expectancy)	173.98	5.158913126386575	0.13267453071732443	Smeele et al. 2022 (ZIMS + literature)	NA	NA	NA	NA	NA	NA	NA
Poicephalus gulielmi	Poicephalus_gulielmi	True	14.286	2.6593134819345776	0.061324056730302924	12.668	16.111	mean life expectancy at birth; Gompertz bathtub survival model (BaSTA) fitted to ZIMS zoo records; sexes pooled	captive (ZIMS member institutions)	Smeele et al. 2022 (processed; raw records not public)	NA	not compiled (AnAge/ZIMS max records pending; kept separate from life expectancy)	234.7	5.4583147475809195	0.018581409403884544	Smeele et al. 2022 (ZIMS + literature)	6.999	1.9457766395774052	0.06488501601308849	2.9	27.0	NA	NA
Poicephalus meyeri	Poicephalus_meyeri	True	15.755	2.757139889985206	0.06499443455694541	13.87	17.895	mean life expectancy at birth; Gompertz bathtub survival model (BaSTA) fitted to ZIMS zoo records; sexes pooled	captive (ZIMS member institutions)	Smeele et al. 2022 (processed; raw records not public)	NA	not compiled (AnAge/ZIMS max records pending; kept separate from life expectancy)	116.81	4.760517754732727	0.01956166971095037	Smeele et al. 2022 (ZIMS + literature)	4.338	1.4673880603922844	0.03934028993157453	3.0666666666666664	30.0	56.0	NA
Poicephalus robustus	Poicephalus_robustus	True	13.421	2.5968228518993586	0.049980034755034125	12.169	14.802	mean life expectancy at birth; Gompertz bathtub survival model (BaSTA) fitted to ZIMS zoo records; sexes pooled	captive (ZIMS member institutions)	Smeele et al. 2022 (processed; raw records not public)	NA	not compiled (AnAge/ZIMS max records pending; kept separate from life expectancy)	298.79	5.699752117100247	0.012978396432545369	Smeele et al. 2022 (ZIMS + literature)	7.882	2.0646440104792783	0.04331887757166664	3.5	26.0	67.0	40.0
Poicephalus rueppellii	Poicephalus_rueppellii	True	10.204	2.322750440094775	0.1277289685591914	7.944	13.106	mean life expectancy at birth; Gompertz bathtub survival model (BaSTA) fitted to ZIMS zoo records; sexes pooled	captive (ZIMS member institutions)	Smeele et al. 2022 (processed; raw records not public)	NA	not compiled (AnAge/ZIMS max records pending; kept separate from life expectancy)	117.64	4.767665657968196	0.03587205545358623	Smeele et al. 2022 (ZIMS + literature)	NA	NA	NA	3.6166666666666667	NA	120.0	NA
Poicephalus rufiventris	Poicephalus_rufiventris	True	14.2	2.653245321611922	0.062147091650205995	12.572	16.039	mean life expectancy at birth; Gompertz bathtub survival model (BaSTA) fitted to ZIMS zoo records; sexes pooled	captive (ZIMS member institutions)	Smeele et al. 2022 (processed; raw records not public)	NA	not compiled (AnAge/ZIMS max records pending; kept separate from life expectancy)	129.7	4.865256363934435	0.014658995449092117	Smeele et al. 2022 (ZIMS + literature)	NA	NA	NA	1.75	NA	NA	NA
Poicephalus senegalus	Poicephalus_senegalus	True	16.41	2.797872039714775	0.03520233444195792	15.316	17.582	mean life expectancy at birth; Gompertz bathtub survival model (BaSTA) fitted to ZIMS zoo records; sexes pooled	captive (ZIMS member institutions)	Smeele et al. 2022 (processed; raw records not public)	NA	not compiled (AnAge/ZIMS max records pending; kept separate from life expectancy)	140.59	4.9458787186399995	0.011357431212630198	Smeele et al. 2022 (ZIMS + literature)	4.723	1.5525297899468384	0.0322760785143633	2.9	25.0	63.0	79.0
Polytelis alexandrae	Polytelis_alexandrae	True	7.809	2.0553335066329566	0.04844656554528231	7.102	8.587	mean life expectancy at birth; Gompertz bathtub survival model (BaSTA) fitted to ZIMS zoo records; sexes pooled	captive (ZIMS member institutions)	Smeele et al. 2022 (processed; raw records not public)	NA	not compiled (AnAge/ZIMS max records pending; kept separate from life expectancy)	110.43	4.704353616197066	0.007905011852388757	Smeele et al. 2022 (ZIMS + literature)	2.575	0.9458789594935971	0.041291922191405976	4.825	21.0	NA	15.0
Polytelis anthopeplus	Polytelis_anthopeplus	True	7.847	2.060134680020132	0.060973038488006066	6.963	8.843	mean life expectancy at birth; Gompertz bathtub survival model (BaSTA) fitted to ZIMS zoo records; sexes pooled	captive (ZIMS member institutions)	Smeele et al. 2022 (processed; raw records not public)	NA	not compiled (AnAge/ZIMS max records pending; kept separate from life expectancy)	171.19	5.142800349490131	0.012229014567289061	Smeele et al. 2022 (ZIMS + literature)	3.814	1.3387073416009385	0.03216554220995767	4.733333333333333	21.0	42.0	NA
Polytelis swainsonii	Polytelis_swainsonii	True	7.213	1.975918044387113	0.04886774772420406	6.554	7.938	mean life expectancy at birth; Gompertz bathtub survival model (BaSTA) fitted to ZIMS zoo records; sexes pooled	captive (ZIMS member institutions)	Smeele et al. 2022 (processed; raw records not public)	NA	not compiled (AnAge/ZIMS max records pending; kept separate from life expectancy)	137.8	4.925826025471422	0.008741667425034117	Smeele et al. 2022 (ZIMS + literature)	3.495	1.2514620704677637	0.03729062003515842	5.057142857142857	20.0	37.5	NA
Primolius auricollis	Primolius_auricollis	True	17.662	2.8713892641029277	0.05561442277851768	15.838	19.696	mean life expectancy at birth; Gompertz bathtub survival model (BaSTA) fitted to ZIMS zoo records; sexes pooled	captive (ZIMS member institutions)	Smeele et al. 2022 (processed; raw records not public)	NA	not compiled (AnAge/ZIMS max records pending; kept separate from life expectancy)	246.42	5.507027889794098	0.013411697025167929	Smeele et al. 2022 (ZIMS + literature)	7.496	2.0143028874502678	0.04718121304999962	3.25	NA	NA	NA
Primolius couloni	Primolius_couloni	True	15.295	2.7275298258645457	0.04513069610165865	14.0	16.71	mean life expectancy at birth; Gompertz bathtub survival model (BaSTA) fitted to ZIMS zoo records; sexes pooled	captive (ZIMS member institutions)	Smeele et al. 2022 (processed; raw records not public)	NA	not compiled (AnAge/ZIMS max records pending; kept separate from life expectancy)	278.81	5.630522900382073	0.006998381125732646	Smeele et al. 2022 (ZIMS + literature)	NA	NA	NA	NA	NA	NA	44.0
Primolius maracana	Primolius_maracana	True	17.925	2.8862200771621995	0.043059262368119036	16.475	19.504	mean life expectancy at birth; Gompertz bathtub survival model (BaSTA) fitted to ZIMS zoo records; sexes pooled	captive (ZIMS member institutions)	Smeele et al. 2022 (processed; raw records not public)	NA	not compiled (AnAge/ZIMS max records pending; kept separate from life expectancy)	242.78	5.492167729026342	0.009945400431419636	Smeele et al. 2022 (ZIMS + literature)	7.2	1.9740553456144183	0.06658587619195057	3.0	NA	NA	28.0
Prioniturus discurus	Prioniturus_discurus	True	NA	NA	NA	NA	NA				NA	not compiled (AnAge/ZIMS max records pending; kept separate from life expectancy)	152.11	5.0245738862240765	0.13088601090604204	Smeele et al. 2022 (ZIMS + literature)	NA	NA	NA	3.0	NA	NA	NA
Prioniturus flavicans	Prioniturus_flavicans	True	NA	NA	NA	NA	NA				NA	not compiled (AnAge/ZIMS max records pending; kept separate from life expectancy)	219.31	5.39047737837471	0.13159231629964135	Smeele et al. 2022 (ZIMS + literature)	NA	NA	NA	NA	NA	NA	NA
Prioniturus luconensis	Prioniturus_luconensis	True	NA	NA	NA	NA	NA				NA	not compiled (AnAge/ZIMS max records pending; kept separate from life expectancy)	108.1	4.683041532768542	0.13152481075031347	Smeele et al. 2022 (ZIMS + literature)	NA	NA	NA	NA	NA	NA	NA
Prioniturus mada	Prioniturus_mada	True	NA	NA	NA	NA	NA				NA	not compiled (AnAge/ZIMS max records pending; kept separate from life expectancy)	197.73	5.286909815560269	0.13116547773339413	Smeele et al. 2022 (ZIMS + literature)	NA	NA	NA	NA	NA	NA	NA
Prioniturus montanus	Prioniturus_montanus	True	NA	NA	NA	NA	NA				NA	not compiled (AnAge/ZIMS max records pending; kept separate from life expectancy)	118.85	4.7778481253480605	0.1297661321169323	Smeele et al. 2022 (ZIMS + literature)	3.705	1.309664650453348	0.0871551966200403	NA	NA	NA	NA
Prioniturus platurus	Prioniturus_platurus	True	NA	NA	NA	NA	NA				NA	not compiled (AnAge/ZIMS max records pending; kept separate from life expectancy)	66.3	4.19418978824195	0.13345980308331995	Smeele et al. 2022 (ZIMS + literature)	4.609	1.527972399276765	0.05602597143860353	NA	NA	NA	NA
Probosciger aterrimus	Probosciger_aterrimus	True	16.636	2.81158772319086	0.04882054034640913	15.118	18.307	mean life expectancy at birth; Gompertz bathtub survival model (BaSTA) fitted to ZIMS zoo records; sexes pooled	captive (ZIMS member institutions)	Smeele et al. 2022 (processed; raw records not public)	NA	not compiled (AnAge/ZIMS max records pending; kept separate from life expectancy)	631.28	6.447744992840893	0.018417031200893993	Smeele et al. 2022 (ZIMS + literature)	19.248	2.957430015825056	0.04796572278519683	1.0	33.0	105.0	NA
Prosopeia personata	Prosopeia_personata	True	NA	NA	NA	NA	NA				NA	not compiled (AnAge/ZIMS max records pending; kept separate from life expectancy)	321.52	5.773051244593551	0.1323309863477648	Smeele et al. 2022 (ZIMS + literature)	7.03	1.9501622049668015	0.0969116727901785	2.0	NA	NA	NA
Prosopeia splendens	Prosopeia_splendens	True	NA	NA	NA	NA	NA				NA	not compiled (AnAge/ZIMS max records pending; kept separate from life expectancy)	237.04	5.468224670547586	0.1311065300489612	Smeele et al. 2022 (ZIMS + literature)	5.907	1.776108828992478	0.06735238939475058	3.0	NA	NA	NA
Prosopeia tabuensis	Prosopeia_tabuensis	True	NA	NA	NA	NA	NA				NA	not compiled (AnAge/ZIMS max records pending; kept separate from life expectancy)	280.38	5.636152828402776	0.13073470581079738	Smeele et al. 2022 (ZIMS + literature)	5.291	1.665930802671571	0.09661843515947625	3.0	24.0	49.0	NA
Psephotellus chrysopterygius	Psephotellus_chrysopterygius	True	7.005	1.9466539850580562	0.04778940313263703	6.379	7.693	mean life expectancy at birth; Gompertz bathtub survival model (BaSTA) fitted to ZIMS zoo records; sexes pooled	captive (ZIMS member institutions)	Smeele et al. 2022 (processed; raw records not public)	NA	not compiled (AnAge/ZIMS max records pending; kept separate from life expectancy)	44.38	3.792760824988618	0.011733652118659604	Smeele et al. 2022 (ZIMS + literature)	1.409	0.342923575978508	0.06530027095611513	4.858333333333333	19.0	28.0	50.0
Psephotellus dissimilis	Psephotellus_dissimilis	True	6.736	1.9074648232638465	0.04892737018800155	6.12	7.414	mean life expectancy at birth; Gompertz bathtub survival model (BaSTA) fitted to ZIMS zoo records; sexes pooled	captive (ZIMS member institutions)	Smeele et al. 2022 (processed; raw records not public)	NA	not compiled (AnAge/ZIMS max records pending; kept separate from life expectancy)	49.66	3.9051055710923634	0.007576127140897277	Smeele et al. 2022 (ZIMS + literature)	1.724	0.5448426220441948	0.05587051690845638	4.484999999999999	19.0	28.0	37.0
Psephotellus pulcherrimus	Psephotellus_pulcherrimus	True	NA	NA	NA	NA	NA				NA	not compiled (AnAge/ZIMS max records pending; kept separate from life expectancy)	NA	NA	NA		NA	NA	NA	3.0	NA	NA	NA
Psephotellus varius	Psephotellus_varius	True	5.318	1.6710490239808267	0.10519628971691032	4.327	6.535	mean life expectancy at birth; Gompertz bathtub survival model (BaSTA) fitted to ZIMS zoo records; sexes pooled	captive (ZIMS member institutions)	Smeele et al. 2022 (processed; raw records not public)	NA	not compiled (AnAge/ZIMS max records pending; kept separate from life expectancy)	54.94	4.006233707972787	0.016672469546284728	Smeele et al. 2022 (ZIMS + literature)	1.798	0.5864674336331254	0.03128488891362769	5.4	20.0	28.0	NA
Psephotus haematonotus	Psephotus_haematonotus	True	6.243	1.8315045633488112	0.03769977837602197	5.799	6.722	mean life expectancy at birth; Gompertz bathtub survival model (BaSTA) fitted to ZIMS zoo records; sexes pooled	captive (ZIMS member institutions)	Smeele et al. 2022 (processed; raw records not public)	NA	not compiled (AnAge/ZIMS max records pending; kept separate from life expectancy)	63.09	4.144494012720124	0.012741679755830617	Smeele et al. 2022 (ZIMS + literature)	1.962	0.6741075085078649	0.02608584811465212	5.621428571428572	18.75	31.0	87.0
Pseudeos fuscata	Pseudeos_fuscata	True	9.257	2.225348007492836	0.05100107321806215	8.376	10.23	mean life expectancy at birth; Gompertz bathtub survival model (BaSTA) fitted to ZIMS zoo records; sexes pooled	captive (ZIMS member institutions)	Smeele et al. 2022 (processed; raw records not public)	NA	not compiled (AnAge/ZIMS max records pending; kept separate from life expectancy)	152.55	5.027464739903051	0.008477550276786237	Smeele et al. 2022 (ZIMS + literature)	4.203	1.4358136548676776	0.09885115987972493	2.0	24.0	70.0	6.0
Psilopsiagon aurifrons	Psilopsiagon_aurifrons	True	4.976	1.604637780383867	0.09609369595064178	4.122	6.007	mean life expectancy at birth; Gompertz bathtub survival model (BaSTA) fitted to ZIMS zoo records; sexes pooled	captive (ZIMS member institutions)	Smeele et al. 2022 (processed; raw records not public)	NA	not compiled (AnAge/ZIMS max records pending; kept separate from life expectancy)	33.9	3.523389058808962	0.04364571628637253	Smeele et al. 2022 (ZIMS + literature)	1.351	0.3011050927839216	0.1	4.2	23.0	56.0	NA
Psilopsiagon aymara	Psilopsiagon_aymara	True	4.081	1.4064268625626342	0.10951867815418403	3.293	5.059	mean life expectancy at birth; Gompertz bathtub survival model (BaSTA) fitted to ZIMS zoo records; sexes pooled	captive (ZIMS member institutions)	Smeele et al. 2022 (processed; raw records not public)	NA	not compiled (AnAge/ZIMS max records pending; kept separate from life expectancy)	31.36	3.4456577784622326	0.028989338230031175	Smeele et al. 2022 (ZIMS + literature)	1.361	0.30822256055278546	0.05773502691896258	4.95	28.0	45.5	NA
Psittacara acuticaudatus	Psittacara_acuticaudatus	True	16.809	2.8219099285879103	0.06739009910465084	14.729	19.182	mean life expectancy at birth; Gompertz bathtub survival model (BaSTA) fitted to ZIMS zoo records; sexes pooled	captive (ZIMS member institutions)	Smeele et al. 2022 (processed; raw records not public)	NA	not compiled (AnAge/ZIMS max records pending; kept separate from life expectancy)	166.02	5.112108637276657	0.01797504577216192	Smeele et al. 2022 (ZIMS + literature)	5.24	1.6564042016318508	0.09510944624394807	2.0	23.0	50.0	NA
Psittacara chloropterus	Psittacara_chloropterus	True	NA	NA	NA	NA	NA				NA	not compiled (AnAge/ZIMS max records pending; kept separate from life expectancy)	159.97	5.0749915200411255	0.06588723256199251	Smeele et al. 2022 (ZIMS + literature)	5.443	1.694339012645321	0.0651247499949357	4.0	NA	NA	NA
Psittacara erythrogenys	Psittacara_erythrogenys	True	15.661	2.7511450266318747	0.09173572805681683	13.083	18.745	mean life expectancy at birth; Gompertz bathtub survival model (BaSTA) fitted to ZIMS zoo records; sexes pooled	captive (ZIMS member institutions)	Smeele et al. 2022 (processed; raw records not public)	NA	not compiled (AnAge/ZIMS max records pending; kept separate from life expectancy)	178.34	5.183675738260048	0.04407202340250355	Smeele et al. 2022 (ZIMS + literature)	NA	NA	NA	2.9	23.0	NA	NA
Psittacara euops	Psittacara_euops	True	NA	NA	NA	NA	NA				NA	not compiled (AnAge/ZIMS max records pending; kept separate from life expectancy)	90.22	4.5022156612394095	0.13126139610864543	Smeele et al. 2022 (ZIMS + literature)	NA	NA	NA	3.1	22.5	47.5	NA
Psittacara finschi	Psittacara_finschi	True	20.241	3.007719736191322	0.08721978908235177	17.061	24.015	mean life expectancy at birth; Gompertz bathtub survival model (BaSTA) fitted to ZIMS zoo records; sexes pooled	captive (ZIMS member institutions)	Smeele et al. 2022 (processed; raw records not public)	NA	not compiled (AnAge/ZIMS max records pending; kept separate from life expectancy)	153.31	5.032460442575904	0.04721455666379803	Smeele et al. 2022 (ZIMS + literature)	5.265	1.6610134301171289	0.047040383972512236	2.9	NA	NA	NA
Psittacara frontatus	Psittacara_frontatus	True	NA	NA	NA	NA	NA				NA	not compiled (AnAge/ZIMS max records pending; kept separate from life expectancy)	201.12	5.303889710561958	0.07114496455983338	Smeele et al. 2022 (ZIMS + literature)	NA	NA	NA	NA	NA	NA	NA
Psittacara holochlorus	Psittacara_holochlorus	True	15.014	2.7089662856067473	0.07765369277796923	12.894	17.482	mean life expectancy at birth; Gompertz bathtub survival model (BaSTA) fitted to ZIMS zoo records; sexes pooled	captive (ZIMS member institutions)	Smeele et al. 2022 (processed; raw records not public)	NA	not compiled (AnAge/ZIMS max records pending; kept separate from life expectancy)	157.22	5.0576433863225585	0.01629908927333072	Smeele et al. 2022 (ZIMS + literature)	5.286	1.6650508374138124	0.05427610198999411	4.0	23.0	50.0	NA
Psittacara labati	Psittacara_labati	True	NA	NA	NA	NA	NA				NA	not compiled (AnAge/ZIMS max records pending; kept separate from life expectancy)	NA	NA	NA		NA	NA	NA	NA	NA	NA	NA
Psittacara leucophthalmus	Psittacara_leucophthalmus	True	16.999	2.83315631391417	0.12934657752945417	13.192	21.904	mean life expectancy at birth; Gompertz bathtub survival model (BaSTA) fitted to ZIMS zoo records; sexes pooled	captive (ZIMS member institutions)	Smeele et al. 2022 (processed; raw records not public)	NA	not compiled (AnAge/ZIMS max records pending; kept separate from life expectancy)	157.49	5.059350020411082	0.04330250248257311	Smeele et al. 2022 (ZIMS + literature)	4.863	1.5817452317890315	0.04187509247319149	3.5	28.0	63.0	NA
Psittacara mitratus	Psittacara_mitratus	True	16.297	2.7909798806817103	0.11713074654250491	12.954	20.503	mean life expectancy at birth; Gompertz bathtub survival model (BaSTA) fitted to ZIMS zoo records; sexes pooled	captive (ZIMS member institutions)	Smeele et al. 2022 (processed; raw records not public)	NA	not compiled (AnAge/ZIMS max records pending; kept separate from life expectancy)	216.25	5.376445648640592	0.05452907055264614	Smeele et al. 2022 (ZIMS + literature)	NA	NA	NA	2.4	NA	NA	NA
Psittacara rubritorquis	Psittacara_rubritorquis	True	19.865	2.9889545605509324	0.09794637236520556	16.395	24.069	mean life expectancy at birth; Gompertz bathtub survival model (BaSTA) fitted to ZIMS zoo records; sexes pooled	captive (ZIMS member institutions)	Smeele et al. 2022 (processed; raw records not public)	NA	not compiled (AnAge/ZIMS max records pending; kept separate from life expectancy)	133.9	4.897094751580679	0.03212456272928716	Smeele et al. 2022 (ZIMS + literature)	NA	NA	NA	4.0	NA	NA	NA
Psittacara wagleri	Psittacara_wagleri	True	16.431	2.799189502998392	0.1004940021056243	13.494	20.009	mean life expectancy at birth; Gompertz bathtub survival model (BaSTA) fitted to ZIMS zoo records; sexes pooled	captive (ZIMS member institutions)	Smeele et al. 2022 (processed; raw records not public)	NA	not compiled (AnAge/ZIMS max records pending; kept separate from life expectancy)	232.79	5.450139925213171	0.08231971292455657	Smeele et al. 2022 (ZIMS + literature)	NA	NA	NA	NA	NA	NA	NA
Psittacella brehmii	Psittacella_brehmii	True	NA	NA	NA	NA	NA				NA	not compiled (AnAge/ZIMS max records pending; kept separate from life expectancy)	107.42	4.676758149394351	0.1330951423420063	Smeele et al. 2022 (ZIMS + literature)	3.057	1.1173752897065095	0.09669056556036887	NA	NA	NA	NA
Psittacella madaraszi	Psittacella_madaraszi	True	NA	NA	NA	NA	NA				NA	not compiled (AnAge/ZIMS max records pending; kept separate from life expectancy)	39.01	3.6638355395594004	0.13221238450536235	Smeele et al. 2022 (ZIMS + literature)	2.025	0.7055453539312551	0.09724042375577151	NA	NA	NA	NA
Psittacella modesta	Psittacella_modesta	True	NA	NA	NA	NA	NA				NA	not compiled (AnAge/ZIMS max records pending; kept separate from life expectancy)	42.01	3.737863526609561	0.13017247383364278	Smeele et al. 2022 (ZIMS + literature)	NA	NA	NA	NA	NA	NA	NA
Psittacella picta	Psittacella_picta	True	NA	NA	NA	NA	NA				NA	not compiled (AnAge/ZIMS max records pending; kept separate from life expectancy)	58.04	4.061118297978492	0.12969458187914723	Smeele et al. 2022 (ZIMS + literature)	2.381	0.867559859646599	0.06643327178287971	NA	NA	NA	NA
Psittacula alexandri	Psittacula_alexandri	True	11.722	2.461433212903871	0.05178780533854148	10.59	12.974	mean life expectancy at birth; Gompertz bathtub survival model (BaSTA) fitted to ZIMS zoo records; sexes pooled	captive (ZIMS member institutions)	Smeele et al. 2022 (processed; raw records not public)	NA	not compiled (AnAge/ZIMS max records pending; kept separate from life expectancy)	122.27	4.806223899682739	0.011503013202318496	Smeele et al. 2022 (ZIMS + literature)	4.321	1.4635631531546827	0.052486946842196555	3.25	28.0	50.0	61.0
Psittacula calthrapae	Psittacula_calthrapae	True	NA	NA	NA	NA	NA				NA	not compiled (AnAge/ZIMS max records pending; kept separate from life expectancy)	139.95	4.9412619557183035	0.13194856260891855	Smeele et al. 2022 (ZIMS + literature)	NA	NA	NA	2.9	21.0	49.0	NA
Psittacula caniceps	Psittacula_caniceps	True	NA	NA	NA	NA	NA				NA	not compiled (AnAge/ZIMS max records pending; kept separate from life expectancy)	268.6	5.593228522780275	0.13460619527600487	Smeele et al. 2022 (ZIMS + literature)	NA	NA	NA	NA	NA	NA	NA
Psittacula columboides	Psittacula_columboides	True	10.712	2.371348538589417	0.10563770962313104	8.708	13.176	mean life expectancy at birth; Gompertz bathtub survival model (BaSTA) fitted to ZIMS zoo records; sexes pooled	captive (ZIMS member institutions)	Smeele et al. 2022 (processed; raw records not public)	NA	not compiled (AnAge/ZIMS max records pending; kept separate from life expectancy)	86.59	4.46118673871173	0.01841545343414905	Smeele et al. 2022 (ZIMS + literature)	3.428	1.232016070173073	0.06674146831743628	4.25	23.0	32.0	NA
Psittacula cyanocephala	Psittacula_cyanocephala	True	9.911	2.293694480854695	0.04390998092037553	9.094	10.802	mean life expectancy at birth; Gompertz bathtub survival model (BaSTA) fitted to ZIMS zoo records; sexes pooled	captive (ZIMS member institutions)	Smeele et al. 2022 (processed; raw records not public)	NA	not compiled (AnAge/ZIMS max records pending; kept separate from life expectancy)	70.36	4.253656501599173	0.008837472765502605	Smeele et al. 2022 (ZIMS + literature)	2.686	0.9880926051514117	0.06685181985919679	4.708333333333334	24.0	42.0	8.0
Psittacula derbiana	Psittacula_derbiana	True	9.654	2.2674014620351923	0.05025210280896596	8.749	10.654	mean life expectancy at birth; Gompertz bathtub survival model (BaSTA) fitted to ZIMS zoo records; sexes pooled	captive (ZIMS member institutions)	Smeele et al. 2022 (processed; raw records not public)	NA	not compiled (AnAge/ZIMS max records pending; kept separate from life expectancy)	256.09	5.545530431896024	0.007692129017696329	Smeele et al. 2022 (ZIMS + literature)	6.063	1.8022061511470817	0.0938590262624328	NA	NA	NA	39.0
Psittacula eques	Psittacula_eques	True	NA	NA	NA	NA	NA				NA	not compiled (AnAge/ZIMS max records pending; kept separate from life expectancy)	172.14	5.148286869065888	0.0538345685286236	Smeele et al. 2022 (ZIMS + literature)	NA	NA	NA	3.4178571428571427	23.0	45.5	NA
Psittacula eupatria	Psittacula_eupatria	True	17.829	2.880817595952932	0.03688640926590673	16.585	19.166	mean life expectancy at birth; Gompertz bathtub survival model (BaSTA) fitted to ZIMS zoo records; sexes pooled	captive (ZIMS member institutions)	Smeele et al. 2022 (processed; raw records not public)	NA	not compiled (AnAge/ZIMS max records pending; kept separate from life expectancy)	223.58	5.409772154812828	0.01544511746473354	Smeele et al. 2022 (ZIMS + literature)	5.849	1.7663536673834666	0.0434882045404102	3.25	21.0	49.0	2.0
Psittacula exsul	Psittacula_exsul	True	NA	NA	NA	NA	NA				NA	not compiled (AnAge/ZIMS max records pending; kept separate from life expectancy)	NA	NA	NA		NA	NA	NA	NA	NA	NA	NA
Psittacula finschii	Psittacula_finschii	True	NA	NA	NA	NA	NA				NA	not compiled (AnAge/ZIMS max records pending; kept separate from life expectancy)	101.04	4.615541250774306	0.12201817074586445	Smeele et al. 2022 (ZIMS + literature)	NA	NA	NA	4.0	NA	NA	NA
Psittacula himalayana	Psittacula_himalayana	True	11.418	2.435184517229683	0.12694157325881603	8.903	14.643	mean life expectancy at birth; Gompertz bathtub survival model (BaSTA) fitted to ZIMS zoo records; sexes pooled	captive (ZIMS member institutions)	Smeele et al. 2022 (processed; raw records not public)	NA	not compiled (AnAge/ZIMS max records pending; kept separate from life expectancy)	112.35	4.72159063562649	0.03626432531552235	Smeele et al. 2022 (ZIMS + literature)	NA	NA	NA	3.95	24.0	40.0	NA
Psittacula krameri	Psittacula_krameri	True	12.146	2.4969623331508153	0.026823283108495116	11.524	12.801	mean life expectancy at birth; Gompertz bathtub survival model (BaSTA) fitted to ZIMS zoo records; sexes pooled	captive (ZIMS member institutions)	Smeele et al. 2022 (processed; raw records not public)	NA	not compiled (AnAge/ZIMS max records pending; kept separate from life expectancy)	124.42	4.823682078090075	0.010684077324621231	Smeele et al. 2022 (ZIMS + literature)	3.795	1.3337703558401544	0.0364224381178066	3.6538461538461537	23.0	45.5	52.0
Psittacula longicauda	Psittacula_longicauda	True	4.021	1.3914437811900586	0.1628349796018901	2.922	5.532	mean life expectancy at birth; Gompertz bathtub survival model (BaSTA) fitted to ZIMS zoo records; sexes pooled	captive (ZIMS member institutions)	Smeele et al. 2022 (processed; raw records not public)	NA	not compiled (AnAge/ZIMS max records pending; kept separate from life expectancy)	110.78	4.7075441901877495	0.0178690013144601	Smeele et al. 2022 (ZIMS + literature)	3.751	1.322110271080946	0.06608712019212509	2.7	24.0	NA	NA
Psittacula roseata	Psittacula_roseata	True	16.669	2.8135782599358135	0.1439250372440714	12.572	22.102	mean life expectancy at birth; Gompertz bathtub survival model (BaSTA) fitted to ZIMS zoo records; sexes pooled	captive (ZIMS member institutions)	Smeele et al. 2022 (processed; raw records not public)	NA	not compiled (AnAge/ZIMS max records pending; kept separate from life expectancy)	87.58	4.47250296182671	0.13201743591684464	Smeele et al. 2022 (ZIMS + literature)	NA	NA	NA	4.928571428571429	24.0	42.0	NA
Psittacula wardi	Psittacula_wardi	True	NA	NA	NA	NA	NA				NA	not compiled (AnAge/ZIMS max records pending; kept separate from life expectancy)	238.7	5.475191539052735	0.13068062310878725	Smeele et al. 2022 (ZIMS + literature)	NA	NA	NA	3.0	21.0	49.0	NA
Psittaculirostris desmarestii	Psittaculirostris_desmarestii	True	1.977	0.6814022575949347	0.20060711201502623	1.334	2.929	mean life expectancy at birth; Gompertz bathtub survival model (BaSTA) fitted to ZIMS zoo records; sexes pooled	captive (ZIMS member institutions)	Smeele et al. 2022 (processed; raw records not public)	NA	not compiled (AnAge/ZIMS max records pending; kept separate from life expectancy)	89.86	4.498258425592002	0.03563839702627471	Smeele et al. 2022 (ZIMS + literature)	NA	NA	NA	NA	NA	NA	NA
Psittaculirostris edwardsii	Psittaculirostris_edwardsii	True	5.131	1.6353932663387392	0.10533887204966297	4.174	6.308	mean life expectancy at birth; Gompertz bathtub survival model (BaSTA) fitted to ZIMS zoo records; sexes pooled	captive (ZIMS member institutions)	Smeele et al. 2022 (processed; raw records not public)	NA	not compiled (AnAge/ZIMS max records pending; kept separate from life expectancy)	100.62	4.611377445378859	0.025459996272252917	Smeele et al. 2022 (ZIMS + literature)	3.264	1.1828123987086385	0.048342340597741125	NA	NA	NA	NA
Psittaculirostris salvadorii	Psittaculirostris_salvadorii	True	6.9	1.9314522743865623	0.16317407634773262	5.011	9.5	mean life expectancy at birth; Gompertz bathtub survival model (BaSTA) fitted to ZIMS zoo records; sexes pooled	captive (ZIMS member institutions)	Smeele et al. 2022 (processed; raw records not public)	NA	not compiled (AnAge/ZIMS max records pending; kept separate from life expectancy)	113.89	4.735197617873502	0.12944347567775707	Smeele et al. 2022 (ZIMS + literature)	NA	NA	NA	NA	NA	NA	NA
Psittacus erithacus	Psittacus_erithacus	True	18.602	2.9232841903446656	0.019439288998030553	17.907	19.325	mean life expectancy at birth; Gompertz bathtub survival model (BaSTA) fitted to ZIMS zoo records; sexes pooled	captive (ZIMS member institutions)	Smeele et al. 2022 (processed; raw records not public)	NA	not compiled (AnAge/ZIMS max records pending; kept separate from life expectancy)	460.93	6.133243085041951	0.00598724140671359	Smeele et al. 2022 (ZIMS + literature)	9.012	2.198548599971945	0.028925873942523352	2.783333333333333	30.0	70.0	59.0
Psittacus timneh	Psittacus_timneh	True	14.258	2.6572858464826563	0.049895447470263324	12.929	15.722	mean life expectancy at birth; Gompertz bathtub survival model (BaSTA) fitted to ZIMS zoo records; sexes pooled	captive (ZIMS member institutions)	Smeele et al. 2022 (processed; raw records not public)	NA	not compiled (AnAge/ZIMS max records pending; kept separate from life expectancy)	303.17	5.714292660573003	0.013868099314414711	Smeele et al. 2022 (ZIMS + literature)	NA	NA	NA	NA	NA	NA	NA
Psitteuteles goldiei	Psitteuteles_goldiei	True	5.765	1.751878274965888	0.0456647665153973	5.272	6.305	mean life expectancy at birth; Gompertz bathtub survival model (BaSTA) fitted to ZIMS zoo records; sexes pooled	captive (ZIMS member institutions)	Smeele et al. 2022 (processed; raw records not public)	NA	not compiled (AnAge/ZIMS max records pending; kept separate from life expectancy)	50.94	3.9307313168055	0.006243746233148751	Smeele et al. 2022 (ZIMS + literature)	NA	NA	NA	2.0	23.0	60.0	77.0
Psitteuteles iris	Psitteuteles_iris	True	9.631	2.2649399624196467	0.08618608918023479	8.134	11.403	mean life expectancy at birth; Gompertz bathtub survival model (BaSTA) fitted to ZIMS zoo records; sexes pooled	captive (ZIMS member institutions)	Smeele et al. 2022 (processed; raw records not public)	NA	not compiled (AnAge/ZIMS max records pending; kept separate from life expectancy)	63.42	4.1497641415749715	0.013922418028869203	Smeele et al. 2022 (ZIMS + literature)	NA	NA	NA	2.0	23.0	67.0	NA
Psitteuteles versicolor	Psitteuteles_versicolor	True	4.911	1.591536471924531	0.0812960166730022	4.188	5.76	mean life expectancy at birth; Gompertz bathtub survival model (BaSTA) fitted to ZIMS zoo records; sexes pooled	captive (ZIMS member institutions)	Smeele et al. 2022 (processed; raw records not public)	NA	not compiled (AnAge/ZIMS max records pending; kept separate from life expectancy)	56.37	4.031946391445473	0.016055605678330476	Smeele et al. 2022 (ZIMS + literature)	1.956	0.6707928762090551	0.057394767943284186	3.35	21.5	40.0	NA
Psittinus cyanurus	Psittinus_cyanurus	True	5.42	1.6901118309471705	0.17222436840144345	3.867	7.596	mean life expectancy at birth; Gompertz bathtub survival model (BaSTA) fitted to ZIMS zoo records; sexes pooled	captive (ZIMS member institutions)	Smeele et al. 2022 (processed; raw records not public)	NA	not compiled (AnAge/ZIMS max records pending; kept separate from life expectancy)	78.95	4.36883937366334	0.04176992696562486	Smeele et al. 2022 (ZIMS + literature)	NA	NA	NA	3.0	NA	NA	NA
Psittrichas fulgidus	Psittrichas_fulgidus	True	10.821	2.381444241171285	0.07176359160817357	9.401	12.455	mean life expectancy at birth; Gompertz bathtub survival model (BaSTA) fitted to ZIMS zoo records; sexes pooled	captive (ZIMS member institutions)	Smeele et al. 2022 (processed; raw records not public)	NA	not compiled (AnAge/ZIMS max records pending; kept separate from life expectancy)	705.48	6.558880014142516	0.017006817660071474	Smeele et al. 2022 (ZIMS + literature)	7.708	2.0422977024183795	0.09978593749149596	2.0	29.0	NA	NA
Purpureicephalus spurius	Purpureicephalus_spurius	True	5.7	1.7404151305976776	0.0934584430182954	4.746	6.846	mean life expectancy at birth; Gompertz bathtub survival model (BaSTA) fitted to ZIMS zoo records; sexes pooled	captive (ZIMS member institutions)	Smeele et al. 2022 (processed; raw records not public)	NA	not compiled (AnAge/ZIMS max records pending; kept separate from life expectancy)	105.04	4.654351648020518	0.018852321359476714	Smeele et al. 2022 (ZIMS + literature)	3.481	1.2472516993308878	0.048031048489722505	5.199999999999999	20.0	35.0	NA
Pyrilia barrabandi	Pyrilia_barrabandi	True	NA	NA	NA	NA	NA				NA	not compiled (AnAge/ZIMS max records pending; kept separate from life expectancy)	140.02	4.941757892151623	0.13269535066195093	Smeele et al. 2022 (ZIMS + literature)	4.007	1.3880775809090107	0.09737894914831138	NA	NA	NA	NA
Pyrilia caica	Pyrilia_caica	True	NA	NA	NA	NA	NA				NA	not compiled (AnAge/ZIMS max records pending; kept separate from life expectancy)	136.02	4.9128296022397375	0.12862285996165107	Smeele et al. 2022 (ZIMS + literature)	3.358	1.2112109599052145	0.06634075278961514	NA	NA	NA	NA
Pyrilia haematotis	Pyrilia_haematotis	True	NA	NA	NA	NA	NA				NA	not compiled (AnAge/ZIMS max records pending; kept separate from life expectancy)	149.04	5.004214172999958	0.13086576214532997	Smeele et al. 2022 (ZIMS + literature)	3.917	1.3652224871959417	0.05365707501055038	NA	NA	NA	NA
Pyrilia pulchra	Pyrilia_pulchra	True	NA	NA	NA	NA	NA				NA	not compiled (AnAge/ZIMS max records pending; kept separate from life expectancy)	149.93	5.010155530370263	0.13115068359140267	Smeele et al. 2022 (ZIMS + literature)	NA	NA	NA	NA	NA	NA	NA
Pyrilia pyrilia	Pyrilia_pyrilia	True	NA	NA	NA	NA	NA				NA	not compiled (AnAge/ZIMS max records pending; kept separate from life expectancy)	103.02	4.634879467888818	0.13054744523869838	Smeele et al. 2022 (ZIMS + literature)	NA	NA	NA	NA	NA	NA	NA
Pyrilia vulturina	Pyrilia_vulturina	True	NA	NA	NA	NA	NA				NA	not compiled (AnAge/ZIMS max records pending; kept separate from life expectancy)	151.69	5.021866775290421	0.1304438500827361	Smeele et al. 2022 (ZIMS + literature)	NA	NA	NA	NA	NA	NA	NA
Pyrrhura albipectus	Pyrrhura_albipectus	True	NA	NA	NA	NA	NA				NA	not compiled (AnAge/ZIMS max records pending; kept separate from life expectancy)	96.59	4.570462391100238	0.13241716049016394	Smeele et al. 2022 (ZIMS + literature)	NA	NA	NA	NA	NA	NA	NA
Pyrrhura amazonum	Pyrrhura_amazonum	True	NA	NA	NA	NA	NA				NA	not compiled (AnAge/ZIMS max records pending; kept separate from life expectancy)	62.17	4.129806500795741	0.13110977310803593	Smeele et al. 2022 (ZIMS + literature)	NA	NA	NA	4.0	NA	NA	NA
Pyrrhura calliptera	Pyrrhura_calliptera	True	NA	NA	NA	NA	NA				NA	not compiled (AnAge/ZIMS max records pending; kept separate from life expectancy)	62.19	4.130165963472515	0.1292692904569535	Smeele et al. 2022 (ZIMS + literature)	NA	NA	NA	NA	NA	NA	NA
Pyrrhura cruentata	Pyrrhura_cruentata	True	13.567	2.6076655398562285	0.0479367776310186	12.351	14.904	mean life expectancy at birth; Gompertz bathtub survival model (BaSTA) fitted to ZIMS zoo records; sexes pooled	captive (ZIMS member institutions)	Smeele et al. 2022 (processed; raw records not public)	NA	not compiled (AnAge/ZIMS max records pending; kept separate from life expectancy)	93.22	4.534975209497218	0.010353142977456415	Smeele et al. 2022 (ZIMS + literature)	3.234	1.1735932019996838	0.05	2.9	23.5	45.0	56.0
Pyrrhura devillei	Pyrrhura_devillei	True	NA	NA	NA	NA	NA				NA	not compiled (AnAge/ZIMS max records pending; kept separate from life expectancy)	70.2	4.251418086941215	0.1347007415633018	Smeele et al. 2022 (ZIMS + literature)	NA	NA	NA	NA	NA	NA	NA
Pyrrhura egregia	Pyrrhura_egregia	True	NA	NA	NA	NA	NA				NA	not compiled (AnAge/ZIMS max records pending; kept separate from life expectancy)	63.61	4.152770381590267	0.022515691190203815	Smeele et al. 2022 (ZIMS + literature)	2.384	0.8688510068025946	0.07071067811865475	NA	NA	NA	NA
Pyrrhura emma	Pyrrhura_emma	True	7.012	1.9476069763911505	0.13050377437827526	5.429	9.056	mean life expectancy at birth; Gompertz bathtub survival model (BaSTA) fitted to ZIMS zoo records; sexes pooled	captive (ZIMS member institutions)	Smeele et al. 2022 (processed; raw records not public)	NA	not compiled (AnAge/ZIMS max records pending; kept separate from life expectancy)	54.35	3.995359785973545	0.026573309455382492	Smeele et al. 2022 (ZIMS + literature)	NA	NA	NA	4.5	NA	NA	NA
Pyrrhura frontalis	Pyrrhura_frontalis	True	9.269	2.2266541319876363	0.11073738410386909	7.46	11.516	mean life expectancy at birth; Gompertz bathtub survival model (BaSTA) fitted to ZIMS zoo records; sexes pooled	captive (ZIMS member institutions)	Smeele et al. 2022 (processed; raw records not public)	NA	not compiled (AnAge/ZIMS max records pending; kept separate from life expectancy)	75.43	4.323187638380548	0.028808326627723164	Smeele et al. 2022 (ZIMS + literature)	2.637	0.969516741959362	0.03921906636275774	5.5	30.0	45.0	NA
Pyrrhura griseipectus	Pyrrhura_griseipectus	True	8.311	2.117635200531946	0.08269901096252166	7.068	9.774	mean life expectancy at birth; Gompertz bathtub survival model (BaSTA) fitted to ZIMS zoo records; sexes pooled	captive (ZIMS member institutions)	Smeele et al. 2022 (processed; raw records not public)	NA	not compiled (AnAge/ZIMS max records pending; kept separate from life expectancy)	54.5	3.99816001254649	0.012454612852640894	Smeele et al. 2022 (ZIMS + literature)	NA	NA	NA	6.7	NA	NA	NA
Pyrrhura hoematotis	Pyrrhura_hoematotis	True	NA	NA	NA	NA	NA				NA	not compiled (AnAge/ZIMS max records pending; kept separate from life expectancy)	68.82	4.231461488315148	0.12950339577894354	Smeele et al. 2022 (ZIMS + literature)	NA	NA	NA	NA	NA	NA	NA
Pyrrhura hoffmanni	Pyrrhura_hoffmanni	True	12.942	2.5605025910694224	0.0886152236815363	10.879	15.397	mean life expectancy at birth; Gompertz bathtub survival model (BaSTA) fitted to ZIMS zoo records; sexes pooled	captive (ZIMS member institutions)	Smeele et al. 2022 (processed; raw records not public)	NA	not compiled (AnAge/ZIMS max records pending; kept separate from life expectancy)	86.01	4.45448668388841	0.0335617546966517	Smeele et al. 2022 (ZIMS + literature)	3.507	1.2546472442576684	0.06693300588105539	6.0	24.0	70.0	NA
Pyrrhura lepida	Pyrrhura_lepida	True	NA	NA	NA	NA	NA				NA	not compiled (AnAge/ZIMS max records pending; kept separate from life expectancy)	63.59	4.152521745612945	0.03874648018140115	Smeele et al. 2022 (ZIMS + literature)	2.461	0.9007262153330433	0.07071067811865475	4.2	NA	NA	NA
Pyrrhura leucotis	Pyrrhura_leucotis	True	11.903	2.476797501709472	0.11861574451983291	9.434	15.019	mean life expectancy at birth; Gompertz bathtub survival model (BaSTA) fitted to ZIMS zoo records; sexes pooled	captive (ZIMS member institutions)	Smeele et al. 2022 (processed; raw records not public)	NA	not compiled (AnAge/ZIMS max records pending; kept separate from life expectancy)	46.2	3.832913108050321	0.054376770624162386	Smeele et al. 2022 (ZIMS + literature)	2.114	0.748534399991118	0.07071067811865475	5.1	27.0	35.0	NA
Pyrrhura melanura	Pyrrhura_melanura	True	8.23	2.1078266870089686	0.13209641545319964	6.353	10.663	mean life expectancy at birth; Gompertz bathtub survival model (BaSTA) fitted to ZIMS zoo records; sexes pooled	captive (ZIMS member institutions)	Smeele et al. 2022 (processed; raw records not public)	NA	not compiled (AnAge/ZIMS max records pending; kept separate from life expectancy)	73.22	4.2935070883538	0.05939558719126983	Smeele et al. 2022 (ZIMS + literature)	3.288	1.1901360431483463	0.06781624557780261	4.0	25.0	52.5	NA
Pyrrhura molinae	Pyrrhura_molinae	True	NA	NA	NA	NA	NA				NA	not compiled (AnAge/ZIMS max records pending; kept separate from life expectancy)	65.62	4.183922062232779	0.009707159551470829	Smeele et al. 2022 (ZIMS + literature)	4.44	1.4906891596577578	0.1	3.5	23.0	49.0	3.0
Pyrrhura orcesi	Pyrrhura_orcesi	True	NA	NA	NA	NA	NA				NA	not compiled (AnAge/ZIMS max records pending; kept separate from life expectancy)	70.08	4.249645758438717	0.13032796453294782	Smeele et al. 2022 (ZIMS + literature)	NA	NA	NA	NA	NA	NA	NA
Pyrrhura pacifica	Pyrrhura_pacifica	True	13.264	2.585047773733147	0.09064865019025613	11.105	15.843	mean life expectancy at birth; Gompertz bathtub survival model (BaSTA) fitted to ZIMS zoo records; sexes pooled	captive (ZIMS member institutions)	Smeele et al. 2022 (processed; raw records not public)	NA	not compiled (AnAge/ZIMS max records pending; kept separate from life expectancy)	67.4	4.210591488030116	0.023879373189078432	Smeele et al. 2022 (ZIMS + literature)	NA	NA	NA	NA	NA	NA	NA
Pyrrhura perlata	Pyrrhura_perlata	True	11.806	2.4686075601308737	0.04626250773881628	10.783	12.927	mean life expectancy at birth; Gompertz bathtub survival model (BaSTA) fitted to ZIMS zoo records; sexes pooled	captive (ZIMS member institutions)	Smeele et al. 2022 (processed; raw records not public)	NA	not compiled (AnAge/ZIMS max records pending; kept separate from life expectancy)	74.23	4.307217671527285	0.01078232218258497	Smeele et al. 2022 (ZIMS + literature)	2.907	1.0671869182193903	0.06950546556946775	4.2	25.0	53.5	36.0
Pyrrhura pfrimeri	Pyrrhura_pfrimeri	True	NA	NA	NA	NA	NA				NA	not compiled (AnAge/ZIMS max records pending; kept separate from life expectancy)	51.67	3.9449518881000243	0.13207451719111002	Smeele et al. 2022 (ZIMS + literature)	2.133	0.7576253716923702	0.1	6.7	NA	NA	NA
Pyrrhura picta	Pyrrhura_picta	True	9.423	2.2431334233264533	0.057483324828951916	8.419	10.547	mean life expectancy at birth; Gompertz bathtub survival model (BaSTA) fitted to ZIMS zoo records; sexes pooled	captive (ZIMS member institutions)	Smeele et al. 2022 (processed; raw records not public)	NA	not compiled (AnAge/ZIMS max records pending; kept separate from life expectancy)	69.09	4.235344236767979	0.024553552024523632	Smeele et al. 2022 (ZIMS + literature)	2.461	0.9006677041409838	0.06560539049538547	4.0	NA	NA	NA
Pyrrhura rhodocephala	Pyrrhura_rhodocephala	True	8.88	2.183805686463383	0.10936941106932158	7.167	11.003	mean life expectancy at birth; Gompertz bathtub survival model (BaSTA) fitted to ZIMS zoo records; sexes pooled	captive (ZIMS member institutions)	Smeele et al. 2022 (processed; raw records not public)	NA	not compiled (AnAge/ZIMS max records pending; kept separate from life expectancy)	74.94	4.316728697687157	0.024398518972494624	Smeele et al. 2022 (ZIMS + literature)	NA	NA	NA	NA	NA	NA	NA
Pyrrhura rupicola	Pyrrhura_rupicola	True	10.546	2.3557816749500122	0.07231966659333422	9.153	12.152	mean life expectancy at birth; Gompertz bathtub survival model (BaSTA) fitted to ZIMS zoo records; sexes pooled	captive (ZIMS member institutions)	Smeele et al. 2022 (processed; raw records not public)	NA	not compiled (AnAge/ZIMS max records pending; kept separate from life expectancy)	67.39	4.210503629908505	0.011429844479145055	Smeele et al. 2022 (ZIMS + literature)	NA	NA	NA	7.0	NA	NA	NA
Pyrrhura viridicata	Pyrrhura_viridicata	True	NA	NA	NA	NA	NA				NA	not compiled (AnAge/ZIMS max records pending; kept separate from life expectancy)	68.62	4.2285302930806274	0.1311242696055358	Smeele et al. 2022 (ZIMS + literature)	NA	NA	NA	NA	NA	NA	NA
Rhynchopsitta pachyrhyncha	Rhynchopsitta_pachyrhyncha	True	11.363	2.430345610065267	0.041947589349741285	10.466	12.337	mean life expectancy at birth; Gompertz bathtub survival model (BaSTA) fitted to ZIMS zoo records; sexes pooled	captive (ZIMS member institutions)	Smeele et al. 2022 (processed; raw records not public)	NA	not compiled (AnAge/ZIMS max records pending; kept separate from life expectancy)	325.18	5.784380539611313	0.006824670412191144	Smeele et al. 2022 (ZIMS + literature)	10.811	2.3805466344637574	0.07071067811865475	2.65	26.0	NA	65.0
Rhynchopsitta terrisi	Rhynchopsitta_terrisi	True	NA	NA	NA	NA	NA				NA	not compiled (AnAge/ZIMS max records pending; kept separate from life expectancy)	436.99	6.079902271080005	0.030732989874488446	Smeele et al. 2022 (ZIMS + literature)	NA	NA	NA	NA	NA	NA	NA
Strigops habroptila	Strigops_habroptila	True	NA	NA	NA	NA	NA				NA	not compiled (AnAge/ZIMS max records pending; kept separate from life expectancy)	1750.07	7.46740988054615	0.13104157616613524	Smeele et al. 2022 (ZIMS + literature)	13.148	2.5762710267267974	0.0389319512642139	2.2285714285714286	30.0	106.54	NA
Tanygnathus gramineus	Tanygnathus_gramineus	True	NA	NA	NA	NA	NA				NA	not compiled (AnAge/ZIMS max records pending; kept separate from life expectancy)	254.01	5.537358954601156	0.1335174281752192	Smeele et al. 2022 (ZIMS + literature)	NA	NA	NA	NA	NA	NA	NA
Tanygnathus lucionensis	Tanygnathus_lucionensis	True	5.878	1.7712571671276822	0.10553607660154961	4.78	7.229	mean life expectancy at birth; Gompertz bathtub survival model (BaSTA) fitted to ZIMS zoo records; sexes pooled	captive (ZIMS member institutions)	Smeele et al. 2022 (processed; raw records not public)	NA	not compiled (AnAge/ZIMS max records pending; kept separate from life expectancy)	212.43	5.358630573806568	0.05875626514915906	Smeele et al. 2022 (ZIMS + literature)	5.71	1.742219023667919	0.040824829046386304	NA	NA	NA	NA
Tanygnathus megalorynchos	Tanygnathus_megalorynchos	True	3.741	1.319398575764956	0.25293764228743404	2.279	6.142	mean life expectancy at birth; Gompertz bathtub survival model (BaSTA) fitted to ZIMS zoo records; sexes pooled	captive (ZIMS member institutions)	Smeele et al. 2022 (processed; raw records not public)	NA	not compiled (AnAge/ZIMS max records pending; kept separate from life expectancy)	381.55	5.944250022353267	0.13463481896803883	Smeele et al. 2022 (ZIMS + literature)	6.98	1.9430489167742813	0.07071067811865475	NA	NA	NA	NA
Tanygnathus sumatranus	Tanygnathus_sumatranus	True	8.098	2.0916430545816436	0.13155445178971908	6.258	10.48	mean life expectancy at birth; Gompertz bathtub survival model (BaSTA) fitted to ZIMS zoo records; sexes pooled	captive (ZIMS member institutions)	Smeele et al. 2022 (processed; raw records not public)	NA	not compiled (AnAge/ZIMS max records pending; kept separate from life expectancy)	255.24	5.542195896322867	0.03718815851940403	Smeele et al. 2022 (ZIMS + literature)	NA	NA	NA	NA	NA	NA	NA
Touit batavicus	Touit_batavicus	True	NA	NA	NA	NA	NA				NA	not compiled (AnAge/ZIMS max records pending; kept separate from life expectancy)	65.18	4.177149064049375	0.1312783794955419	Smeele et al. 2022 (ZIMS + literature)	NA	NA	NA	5.75	NA	NA	NA
Touit dilectissimus	Touit_dilectissimus	True	NA	NA	NA	NA	NA				NA	not compiled (AnAge/ZIMS max records pending; kept separate from life expectancy)	63.17	4.145766952218682	0.13184536062103872	Smeele et al. 2022 (ZIMS + literature)	2.51	0.920144301190145	0.1	NA	NA	NA	NA
Touit huetii	Touit_huetii	True	NA	NA	NA	NA	NA				NA	not compiled (AnAge/ZIMS max records pending; kept separate from life expectancy)	60.28	4.098977214807186	0.1328016699577936	Smeele et al. 2022 (ZIMS + literature)	NA	NA	NA	NA	NA	NA	NA
Touit melanonotus	Touit_melanonotus	True	NA	NA	NA	NA	NA				NA	not compiled (AnAge/ZIMS max records pending; kept separate from life expectancy)	58.14	4.062887781238328	0.1277135224100993	Smeele et al. 2022 (ZIMS + literature)	NA	NA	NA	NA	NA	NA	NA
Touit purpuratus	Touit_purpuratus	True	NA	NA	NA	NA	NA				NA	not compiled (AnAge/ZIMS max records pending; kept separate from life expectancy)	68.33	4.22438785956876	0.1322365443266359	Smeele et al. 2022 (ZIMS + literature)	2.317	0.8401015935166085	0.07071067811865475	3.95	NA	NA	NA
Touit stictopterus	Touit_stictopterus	True	NA	NA	NA	NA	NA				NA	not compiled (AnAge/ZIMS max records pending; kept separate from life expectancy)	77.62	4.351776411836142	0.1316920571130254	Smeele et al. 2022 (ZIMS + literature)	NA	NA	NA	NA	NA	NA	NA
Touit surdus	Touit_surdus	True	NA	NA	NA	NA	NA				NA	not compiled (AnAge/ZIMS max records pending; kept separate from life expectancy)	61.15	4.113264114466472	0.12946996801183625	Smeele et al. 2022 (ZIMS + literature)	NA	NA	NA	NA	NA	NA	NA
Trichoglossus capistratus	Trichoglossus_capistratus	True	9.725	2.2747387057481756	0.06484514397785804	8.565	11.043	mean life expectancy at birth; Gompertz bathtub survival model (BaSTA) fitted to ZIMS zoo records; sexes pooled	captive (ZIMS member institutions)	Smeele et al. 2022 (processed; raw records not public)	NA	not compiled (AnAge/ZIMS max records pending; kept separate from life expectancy)	118.25	4.772805700505345	0.015116277428784828	Smeele et al. 2022 (ZIMS + literature)	NA	NA	NA	2.3333333333333335	25.0	52.5	NA
Trichoglossus chlorolepidotus	Trichoglossus_chlorolepidotus	True	7.676	2.0381041572881737	0.06776557724276298	6.721	8.766	mean life expectancy at birth; Gompertz bathtub survival model (BaSTA) fitted to ZIMS zoo records; sexes pooled	captive (ZIMS member institutions)	Smeele et al. 2022 (processed; raw records not public)	NA	not compiled (AnAge/ZIMS max records pending; kept separate from life expectancy)	93.14	4.53414367966479	0.012713136786782419	Smeele et al. 2022 (ZIMS + literature)	3.034	1.1099878372522511	0.03568289550423231	2.25	25.0	56.0	82.0
Trichoglossus euteles	Trichoglossus_euteles	True	7.128	1.9640441303592926	0.07654687113680538	6.135	8.282	mean life expectancy at birth; Gompertz bathtub survival model (BaSTA) fitted to ZIMS zoo records; sexes pooled	captive (ZIMS member institutions)	Smeele et al. 2022 (processed; raw records not public)	NA	not compiled (AnAge/ZIMS max records pending; kept separate from life expectancy)	77.22	4.346712607375857	0.014682205257904559	Smeele et al. 2022 (ZIMS + literature)	NA	NA	NA	3.0	23.0	NA	NA
Trichoglossus flavoviridis	Trichoglossus_flavoviridis	True	6.043	1.798870515781825	0.15628329136179997	4.448	8.209	mean life expectancy at birth; Gompertz bathtub survival model (BaSTA) fitted to ZIMS zoo records; sexes pooled	captive (ZIMS member institutions)	Smeele et al. 2022 (processed; raw records not public)	NA	not compiled (AnAge/ZIMS max records pending; kept separate from life expectancy)	46.74	3.8445824461447895	0.06366527709062665	Smeele et al. 2022 (ZIMS + literature)	NA	NA	NA	2.0	23.0	NA	NA
Trichoglossus forsteni	Trichoglossus_forsteni	True	8.055	2.0862461189389974	0.04680745807649283	7.349	8.829	mean life expectancy at birth; Gompertz bathtub survival model (BaSTA) fitted to ZIMS zoo records; sexes pooled	captive (ZIMS member institutions)	Smeele et al. 2022 (processed; raw records not public)	NA	not compiled (AnAge/ZIMS max records pending; kept separate from life expectancy)	98.98	4.594874153011189	0.012664821147429832	Smeele et al. 2022 (ZIMS + literature)	NA	NA	NA	2.3333333333333335	25.0	52.5	41.0
Trichoglossus haematodus	Trichoglossus_haematodus	True	7.402	2.0016948757078192	0.01818337455179325	7.142	7.67	mean life expectancy at birth; Gompertz bathtub survival model (BaSTA) fitted to ZIMS zoo records; sexes pooled	captive (ZIMS member institutions)	Smeele et al. 2022 (processed; raw records not public)	NA	not compiled (AnAge/ZIMS max records pending; kept separate from life expectancy)	137.34	4.9224630267084075	0.003058734812063565	Smeele et al. 2022 (ZIMS + literature)	3.579	1.2750434801954234	0.029821547835455726	2.0166666666666666	25.0	52.5	12.0
Trichoglossus johnstoniae	Trichoglossus_johnstoniae	True	7.241	1.9796919374768909	0.05326435342630925	6.523	8.037	mean life expectancy at birth; Gompertz bathtub survival model (BaSTA) fitted to ZIMS zoo records; sexes pooled	captive (ZIMS member institutions)	Smeele et al. 2022 (processed; raw records not public)	NA	not compiled (AnAge/ZIMS max records pending; kept separate from life expectancy)	49.81	3.9082888807811664	0.00746897304489925	Smeele et al. 2022 (ZIMS + literature)	NA	NA	NA	2.0	NA	35.0	47.0
Trichoglossus moluccanus	Trichoglossus_moluccanus	True	8.801	2.1748584382168015	0.015949371839887674	8.53	9.08	mean life expectancy at birth; Gompertz bathtub survival model (BaSTA) fitted to ZIMS zoo records; sexes pooled	captive (ZIMS member institutions)	Smeele et al. 2022 (processed; raw records not public)	NA	not compiled (AnAge/ZIMS max records pending; kept separate from life expectancy)	139.07	4.934976292292213	0.0031204895115009294	Smeele et al. 2022 (ZIMS + literature)	NA	NA	NA	2.0	25.0	52.5	5.0
Trichoglossus ornatus	Trichoglossus_ornatus	True	7.724	2.044269271252524	0.09582345171974799	6.401	9.319	mean life expectancy at birth; Gompertz bathtub survival model (BaSTA) fitted to ZIMS zoo records; sexes pooled	captive (ZIMS member institutions)	Smeele et al. 2022 (processed; raw records not public)	NA	not compiled (AnAge/ZIMS max records pending; kept separate from life expectancy)	96.22	4.566618036727124	0.014639330800927471	Smeele et al. 2022 (ZIMS + literature)	3.465	1.2428187205195937	0.03603265226974805	2.0	27.0	80.0	NA
Trichoglossus rosenbergii	Trichoglossus_rosenbergii	True	8.968	2.1936190372224784	0.16785819056904516	6.453	12.461	mean life expectancy at birth; Gompertz bathtub survival model (BaSTA) fitted to ZIMS zoo records; sexes pooled	captive (ZIMS member institutions)	Smeele et al. 2022 (processed; raw records not public)	NA	not compiled (AnAge/ZIMS max records pending; kept separate from life expectancy)	107.97	4.68182174289952	0.023793283135778793	Smeele et al. 2022 (ZIMS + literature)	NA	NA	NA	2.0	25.0	52.5	NA
Trichoglossus rubiginosus	Trichoglossus_rubiginosus	True	NA	NA	NA	NA	NA				NA	not compiled (AnAge/ZIMS max records pending; kept separate from life expectancy)	125.27	4.830458142467593	0.13226347119883708	Smeele et al. 2022 (ZIMS + literature)	3.35	1.208960345836975	0.05	1.0	NA	NA	NA
Trichoglossus rubritorquis	Trichoglossus_rubritorquis	True	7.782	2.051840764191805	0.07404705232352396	6.731	8.998	mean life expectancy at birth; Gompertz bathtub survival model (BaSTA) fitted to ZIMS zoo records; sexes pooled	captive (ZIMS member institutions)	Smeele et al. 2022 (processed; raw records not public)	NA	not compiled (AnAge/ZIMS max records pending; kept separate from life expectancy)	122.58	4.808728437566078	0.011892229850654041	Smeele et al. 2022 (ZIMS + literature)	3.562	1.2702382264620404	0.04865377965263485	2.3333333333333335	25.0	52.5	NA
Trichoglossus weberi	Trichoglossus_weberi	True	8.73	2.1667555823974984	0.15162561813445738	6.486	11.751	mean life expectancy at birth; Gompertz bathtub survival model (BaSTA) fitted to ZIMS zoo records; sexes pooled	captive (ZIMS member institutions)	Smeele et al. 2022 (processed; raw records not public)	NA	not compiled (AnAge/ZIMS max records pending; kept separate from life expectancy)	92.6	4.528304853391035	0.01580109246509985	Smeele et al. 2022 (ZIMS + literature)	NA	NA	NA	2.3333333333333335	25.0	52.5	NA
Triclaria malachitacea	Triclaria_malachitacea	True	7.676	2.0381110797456583	0.07628081793664926	6.61	8.914	mean life expectancy at birth; Gompertz bathtub survival model (BaSTA) fitted to ZIMS zoo records; sexes pooled	captive (ZIMS member institutions)	Smeele et al. 2022 (processed; raw records not public)	NA	not compiled (AnAge/ZIMS max records pending; kept separate from life expectancy)	136.11	4.913466854658968	0.024734057167488197	Smeele et al. 2022 (ZIMS + literature)	4.102	1.411551839099034	0.03779644730092272	2.8	NA	NA	81.0
Vini australis	Vini_australis	True	8.194	2.103408519346527	0.05513201849418761	7.355	9.129	mean life expectancy at birth; Gompertz bathtub survival model (BaSTA) fitted to ZIMS zoo records; sexes pooled	captive (ZIMS member institutions)	Smeele et al. 2022 (processed; raw records not public)	NA	not compiled (AnAge/ZIMS max records pending; kept separate from life expectancy)	51.22	3.936046166962593	0.009404229083550061	Smeele et al. 2022 (ZIMS + literature)	NA	NA	NA	2.0	23.0	NA	60.0
Vini kuhlii	Vini_kuhlii	True	NA	NA	NA	NA	NA				NA	not compiled (AnAge/ZIMS max records pending; kept separate from life expectancy)	55.02	4.0076377240703955	0.13225939016456248	Smeele et al. 2022 (ZIMS + literature)	NA	NA	NA	2.0	NA	49.0	NA
Vini peruviana	Vini_peruviana	True	3.647	1.2939937778132486	0.16332375826109521	2.648	5.023	mean life expectancy at birth; Gompertz bathtub survival model (BaSTA) fitted to ZIMS zoo records; sexes pooled	captive (ZIMS member institutions)	Smeele et al. 2022 (processed; raw records not public)	NA	not compiled (AnAge/ZIMS max records pending; kept separate from life expectancy)	32.89	3.493122070241096	0.03849896017785978	Smeele et al. 2022 (ZIMS + literature)	NA	NA	NA	2.0	25.0	60.0	NA
Vini stepheni	Vini_stepheni	True	NA	NA	NA	NA	NA				NA	not compiled (AnAge/ZIMS max records pending; kept separate from life expectancy)	49.16	3.8951774237312504	0.1337385135058098	Smeele et al. 2022 (ZIMS + literature)	2.08	0.7323678937132266	0.05773502691896258	NA	NA	NA	NA
Vini ultramarina	Vini_ultramarina	True	NA	NA	NA	NA	NA				NA	not compiled (AnAge/ZIMS max records pending; kept separate from life expectancy)	35.11	3.5585795707308785	0.1316897823397905	Smeele et al. 2022 (ZIMS + literature)	NA	NA	NA	2.0	NA	56.0	NA
Zanda baudinii	Zanda_baudinii	True	NA	NA	NA	NA	NA				NA	not compiled (AnAge/ZIMS max records pending; kept separate from life expectancy)	682.92	6.52637503150456	0.13041367926247835	Smeele et al. 2022 (ZIMS + literature)	14.374	2.6653871434352387	0.04661434733779026	1.875	28.0	NA	NA
Zanda funerea	Zanda_funerea	True	21.463	3.0663234107220405	0.06818134122386464	18.778	24.532	mean life expectancy at birth; Gompertz bathtub survival model (BaSTA) fitted to ZIMS zoo records; sexes pooled	captive (ZIMS member institutions)	Smeele et al. 2022 (processed; raw records not public)	NA	not compiled (AnAge/ZIMS max records pending; kept separate from life expectancy)	600.05	6.39701738203203	0.019288169199844458	Smeele et al. 2022 (ZIMS + literature)	14.899	2.7013137893047747	0.034508097241483626	1.9166666666666665	29.0	76.0	NA
Zanda latirostris	Zanda_latirostris	True	NA	NA	NA	NA	NA				NA	not compiled (AnAge/ZIMS max records pending; kept separate from life expectancy)	612.58	6.417685801673304	0.13047186672143427	Smeele et al. 2022 (ZIMS + literature)	14.283	2.659063888188717	0.03232741951414412	1.575	28.5	77.5	NA
