acc	assay_type	center_name	instrument	librarylayout	libraryselection	librarysource	platform	biosample	organism	sra_study	bioproject	releasedate	mbases	avgspotlen
SRR17851649	Bisulfite-Seq	GEO	Illumina HiSeq 3000	SINGLE	Reduced Representation	GENOMIC	ILLUMINA	SAMN25560662	Agapornis canus	SRP357738	PRJNA802599	2022-06-19	1032.0	51.0
SRR17851650	Bisulfite-Seq	GEO	Illumina HiSeq 3000	SINGLE	Reduced Representation	GENOMIC	ILLUMINA	SAMN25560663	Agapornis canus	SRP357738	PRJNA802599	2022-06-19	813.0	51.0
SRR17851651	Bisulfite-Seq	GEO	Illumina HiSeq 3000	SINGLE	Reduced Representation	GENOMIC	ILLUMINA	SAMN25560664	Agapornis canus	SRP357738	PRJNA802599	2022-06-19	678.0	51.0
SRR24579557	WGS	HONG KONG UNIVERSITY	Illumina HiSeq 2500	PAIRED	unspecified	GENOMIC	ILLUMINA	SAMN35027593	Agapornis canus	SRP437930	PRJNA971241	2023-08-24	4920.0	251.0
SRR31107690	WGS	IRIDIAN GENOMES	Illumina NovaSeq 6000	PAIRED	RANDOM	GENOMIC	ILLUMINA	SAMN36687877	Agapornis canus	SRP540681	PRJNA667966	2024-10-25	27439.0	150.0
SRR36747047	WGS	IRIDIAN GENOMES	Illumina NovaSeq 6000	PAIRED	RANDOM	GENOMIC	ILLUMINA	SAMN36687877	Agapornis canus	SRP540681	PRJNA667966	2026-01-09	27439.0	300.0
SRR13483863	WGS	AMNH	HiSeq X Ten	PAIRED	Hybrid Selection	GENOMIC	ILLUMINA	SAMN17062309	Agapornis canus ablectaneus	SRP302372	PRJNA692616	2023-03-27	300.0	193.0
SRR24579587	WGS	HONG KONG UNIVERSITY	Illumina HiSeq 2500	PAIRED	unspecified	GENOMIC	ILLUMINA	SAMN35027592	Agapornis canus ablectaneus	SRP437930	PRJNA971241	2023-08-24	4391.0	251.0
SRR24579588	WGS	HONG KONG UNIVERSITY	Illumina HiSeq 2500	PAIRED	unspecified	GENOMIC	ILLUMINA	SAMN35027591	Agapornis canus ablectaneus	SRP437930	PRJNA971241	2023-08-24	4404.0	251.0
SRR10852810	RNA-Seq	MAX PLANCK INSTITUTE FOR ORNITHOLOGY-SEEWIESEN	Illumina HiSeq 2500	PAIRED	RANDOM	TRANSCRIPTOMIC	ILLUMINA	SAMN13755084	Agapornis fischeri	SRP240625	PRJNA599522	2020-08-13	10235.0	100.0
SRR13483964	WGS	AMNH	HiSeq X Ten	PAIRED	Hybrid Selection	GENOMIC	ILLUMINA	SAMN17062300	Agapornis fischeri	SRP302372	PRJNA692616	2023-03-27	472.0	201.0
SRR25700511	WGS	IRIDIAN GENOMES	HiSeq X Ten	PAIRED	RANDOM	GENOMIC	ILLUMINA	SAMN37054379	Agapornis fischeri	SRP455935	PRJNA667967	2023-08-19	19123.0	300.0
SRR24579546	WGS	HONG KONG UNIVERSITY	Illumina HiSeq 2500	PAIRED	unspecified	GENOMIC	ILLUMINA	SAMN35027594	Agapornis fischeri	SRP437930	PRJNA971241	2023-08-24	4319.0	251.0
SRR24579562	WGS	HONG KONG UNIVERSITY	Illumina HiSeq 2500	PAIRED	unspecified	GENOMIC	ILLUMINA	SAMN35027606	Agapornis fischeri	SRP437930	PRJNA971241	2023-08-24	3154.0	251.0
SRR24579563	WGS	HONG KONG UNIVERSITY	Illumina HiSeq 2500	PAIRED	unspecified	GENOMIC	ILLUMINA	SAMN35027605	Agapornis fischeri	SRP437930	PRJNA971241	2023-08-24	2487.0	251.0
SRR24579564	WGS	HONG KONG UNIVERSITY	Illumina HiSeq 2500	PAIRED	unspecified	GENOMIC	ILLUMINA	SAMN35027604	Agapornis fischeri	SRP437930	PRJNA971241	2023-08-24	2757.0	251.0
SRR24579565	WGS	HONG KONG UNIVERSITY	Illumina HiSeq 2500	PAIRED	unspecified	GENOMIC	ILLUMINA	SAMN35027603	Agapornis fischeri	SRP437930	PRJNA971241	2023-08-24	4968.0	251.0
SRR24579566	WGS	HONG KONG UNIVERSITY	Illumina HiSeq 2500	PAIRED	unspecified	GENOMIC	ILLUMINA	SAMN35027602	Agapornis fischeri	SRP437930	PRJNA971241	2023-08-24	6986.0	251.0
SRR24579567	WGS	HONG KONG UNIVERSITY	Illumina HiSeq 2500	PAIRED	unspecified	GENOMIC	ILLUMINA	SAMN35027600	Agapornis fischeri	SRP437930	PRJNA971241	2023-08-24	6334.0	251.0
SRR24579568	WGS	HONG KONG UNIVERSITY	Illumina HiSeq 2500	PAIRED	unspecified	GENOMIC	ILLUMINA	SAMN35027599	Agapornis fischeri	SRP437930	PRJNA971241	2023-08-24	6648.0	251.0
SRR24579569	WGS	HONG KONG UNIVERSITY	Illumina HiSeq 2500	PAIRED	unspecified	GENOMIC	ILLUMINA	SAMN35027598	Agapornis fischeri	SRP437930	PRJNA971241	2023-08-24	5021.0	251.0
SRR24579570	WGS	HONG KONG UNIVERSITY	Illumina HiSeq 2500	PAIRED	unspecified	GENOMIC	ILLUMINA	SAMN35027597	Agapornis fischeri	SRP437930	PRJNA971241	2023-08-24	4409.0	251.0
SRR24579571	WGS	HONG KONG UNIVERSITY	Illumina HiSeq 2500	PAIRED	unspecified	GENOMIC	ILLUMINA	SAMN35027596	Agapornis fischeri	SRP437930	PRJNA971241	2023-08-24	4251.0	251.0
SRR24579579	WGS	HONG KONG UNIVERSITY	Illumina HiSeq 2500	PAIRED	unspecified	GENOMIC	ILLUMINA	SAMN35027595	Agapornis fischeri	SRP437930	PRJNA971241	2023-08-24	3327.0	251.0
SRR24579586	WGS	HONG KONG UNIVERSITY	Illumina HiSeq 2500	PAIRED	unspecified	GENOMIC	ILLUMINA	SAMN35027601	Agapornis fischeri	SRP437930	PRJNA971241	2023-08-24	4289.0	251.0
SRR27053038	WGS	THE UNIVERSITY OF HONG KONG	DNBSEQ-T7	PAIRED	RANDOM	GENOMIC	DNBSEQ	SAMN38650208	Agapornis fischeri	SRP475764	PRJNA1048627	2024-03-04	36088.0	200.0
SRR27053039	WGS	THE UNIVERSITY OF HONG KONG	DNBSEQ-T7	PAIRED	RANDOM	GENOMIC	DNBSEQ	SAMN38650207	Agapornis fischeri	SRP475764	PRJNA1048627	2024-03-04	36101.0	200.0
SRR27053040	WGS	THE UNIVERSITY OF HONG KONG	DNBSEQ-T7	PAIRED	RANDOM	GENOMIC	DNBSEQ	SAMN38650206	Agapornis fischeri	SRP475764	PRJNA1048627	2024-03-04	27790.0	200.0
SRR27053041	WGS	THE UNIVERSITY OF HONG KONG	DNBSEQ-T7	PAIRED	RANDOM	GENOMIC	DNBSEQ	SAMN38650205	Agapornis fischeri	SRP475764	PRJNA1048627	2024-03-04	31319.0	200.0
SRR27053042	WGS	THE UNIVERSITY OF HONG KONG	DNBSEQ-T7	PAIRED	RANDOM	GENOMIC	DNBSEQ	SAMN38650204	Agapornis fischeri	SRP475764	PRJNA1048627	2024-03-04	42573.0	235.0
SRR27053043	WGS	THE UNIVERSITY OF HONG KONG	DNBSEQ-T7	PAIRED	RANDOM	GENOMIC	DNBSEQ	SAMN38650150	Agapornis fischeri	SRP475764	PRJNA1048627	2024-03-04	36089.0	200.0
SRR27053044	WGS	THE UNIVERSITY OF HONG KONG	DNBSEQ-T7	PAIRED	RANDOM	GENOMIC	DNBSEQ	SAMN38650203	Agapornis fischeri	SRP475764	PRJNA1048627	2024-03-04	36086.0	200.0
SRR27053045	WGS	THE UNIVERSITY OF HONG KONG	DNBSEQ-T7	PAIRED	RANDOM	GENOMIC	DNBSEQ	SAMN38650202	Agapornis fischeri	SRP475764	PRJNA1048627	2024-03-04	36039.0	200.0
SRR27053046	WGS	THE UNIVERSITY OF HONG KONG	DNBSEQ-T7	PAIRED	RANDOM	GENOMIC	DNBSEQ	SAMN38650201	Agapornis fischeri	SRP475764	PRJNA1048627	2024-03-04	29863.0	200.0
SRR27053047	WGS	THE UNIVERSITY OF HONG KONG	DNBSEQ-T7	PAIRED	RANDOM	GENOMIC	DNBSEQ	SAMN38650200	Agapornis fischeri	SRP475764	PRJNA1048627	2024-03-04	36094.0	200.0
SRR27053048	WGS	THE UNIVERSITY OF HONG KONG	DNBSEQ-T7	PAIRED	RANDOM	GENOMIC	DNBSEQ	SAMN38650199	Agapornis fischeri	SRP475764	PRJNA1048627	2024-03-04	36046.0	200.0
SRR27053049	WGS	THE UNIVERSITY OF HONG KONG	DNBSEQ-T7	PAIRED	RANDOM	GENOMIC	DNBSEQ	SAMN38650198	Agapornis fischeri	SRP475764	PRJNA1048627	2024-03-04	36113.0	200.0
SRR27053050	WGS	THE UNIVERSITY OF HONG KONG	DNBSEQ-T7	PAIRED	RANDOM	GENOMIC	DNBSEQ	SAMN38650197	Agapornis fischeri	SRP475764	PRJNA1048627	2024-03-04	36071.0	200.0
SRR27053051	WGS	THE UNIVERSITY OF HONG KONG	DNBSEQ-T7	PAIRED	RANDOM	GENOMIC	DNBSEQ	SAMN38650196	Agapornis fischeri	SRP475764	PRJNA1048627	2024-03-04	35121.0	200.0
SRR27053052	WGS	THE UNIVERSITY OF HONG KONG	DNBSEQ-T7	PAIRED	RANDOM	GENOMIC	DNBSEQ	SAMN38650195	Agapornis fischeri	SRP475764	PRJNA1048627	2024-03-04	36104.0	200.0
SRR27053053	WGS	THE UNIVERSITY OF HONG KONG	DNBSEQ-T7	PAIRED	RANDOM	GENOMIC	DNBSEQ	SAMN38650194	Agapornis fischeri	SRP475764	PRJNA1048627	2024-03-04	31241.0	200.0
SRR27053054	WGS	THE UNIVERSITY OF HONG KONG	DNBSEQ-T7	PAIRED	RANDOM	GENOMIC	DNBSEQ	SAMN38650149	Agapornis fischeri	SRP475764	PRJNA1048627	2024-03-04	42687.0	241.0
SRR27053055	WGS	THE UNIVERSITY OF HONG KONG	DNBSEQ-T7	PAIRED	RANDOM	GENOMIC	DNBSEQ	SAMN38650193	Agapornis fischeri	SRP475764	PRJNA1048627	2024-03-04	36094.0	200.0
SRR27053056	WGS	THE UNIVERSITY OF HONG KONG	DNBSEQ-T7	PAIRED	RANDOM	GENOMIC	DNBSEQ	SAMN38650192	Agapornis fischeri	SRP475764	PRJNA1048627	2024-03-04	29913.0	200.0
SRR27053057	WGS	THE UNIVERSITY OF HONG KONG	DNBSEQ-T7	PAIRED	RANDOM	GENOMIC	DNBSEQ	SAMN38650191	Agapornis fischeri	SRP475764	PRJNA1048627	2024-03-04	36080.0	200.0
SRR27053058	WGS	THE UNIVERSITY OF HONG KONG	DNBSEQ-T7	PAIRED	RANDOM	GENOMIC	DNBSEQ	SAMN38650190	Agapornis fischeri	SRP475764	PRJNA1048627	2024-03-04	30758.0	200.0
SRR27053059	WGS	THE UNIVERSITY OF HONG KONG	DNBSEQ-T7	PAIRED	RANDOM	GENOMIC	DNBSEQ	SAMN38650189	Agapornis fischeri	SRP475764	PRJNA1048627	2024-03-04	27071.0	200.0
SRR27053060	WGS	THE UNIVERSITY OF HONG KONG	DNBSEQ-T7	PAIRED	RANDOM	GENOMIC	DNBSEQ	SAMN38650188	Agapornis fischeri	SRP475764	PRJNA1048627	2024-03-04	30137.0	200.0
SRR27053061	WGS	THE UNIVERSITY OF HONG KONG	DNBSEQ-T7	PAIRED	RANDOM	GENOMIC	DNBSEQ	SAMN38650187	Agapornis fischeri	SRP475764	PRJNA1048627	2024-03-04	32867.0	200.0
SRR27053062	WGS	THE UNIVERSITY OF HONG KONG	DNBSEQ-T7	PAIRED	RANDOM	GENOMIC	DNBSEQ	SAMN38650186	Agapornis fischeri	SRP475764	PRJNA1048627	2024-03-04	36079.0	200.0
SRR27053063	WGS	THE UNIVERSITY OF HONG KONG	DNBSEQ-T7	PAIRED	RANDOM	GENOMIC	DNBSEQ	SAMN38650185	Agapornis fischeri	SRP475764	PRJNA1048627	2024-03-04	35695.0	221.0
SRR27053064	WGS	THE UNIVERSITY OF HONG KONG	DNBSEQ-T7	PAIRED	RANDOM	GENOMIC	DNBSEQ	SAMN38650184	Agapornis fischeri	SRP475764	PRJNA1048627	2024-03-04	53191.0	246.0
SRR27053065	WGS	THE UNIVERSITY OF HONG KONG	DNBSEQ-T7	PAIRED	RANDOM	GENOMIC	DNBSEQ	SAMN38650148	Agapornis fischeri	SRP475764	PRJNA1048627	2024-03-04	47012.0	240.0
SRR27053066	WGS	THE UNIVERSITY OF HONG KONG	DNBSEQ-T7	PAIRED	RANDOM	GENOMIC	DNBSEQ	SAMN38650183	Agapornis fischeri	SRP475764	PRJNA1048627	2024-03-04	45162.0	236.0
SRR27053067	WGS	THE UNIVERSITY OF HONG KONG	DNBSEQ-T7	PAIRED	RANDOM	GENOMIC	DNBSEQ	SAMN38650182	Agapornis fischeri	SRP475764	PRJNA1048627	2024-03-04	31387.0	200.0
SRR27053068	WGS	THE UNIVERSITY OF HONG KONG	DNBSEQ-T7	PAIRED	RANDOM	GENOMIC	DNBSEQ	SAMN38650181	Agapornis fischeri	SRP475764	PRJNA1048627	2024-03-04	32303.0	200.0
SRR27053069	WGS	THE UNIVERSITY OF HONG KONG	DNBSEQ-T7	PAIRED	RANDOM	GENOMIC	DNBSEQ	SAMN38650180	Agapornis fischeri	SRP475764	PRJNA1048627	2024-03-04	48401.0	241.0
SRR27053070	WGS	THE UNIVERSITY OF HONG KONG	DNBSEQ-T7	PAIRED	RANDOM	GENOMIC	DNBSEQ	SAMN38650179	Agapornis fischeri	SRP475764	PRJNA1048627	2024-03-04	36326.0	218.0
SRR27053071	WGS	THE UNIVERSITY OF HONG KONG	DNBSEQ-T7	PAIRED	RANDOM	GENOMIC	DNBSEQ	SAMN38650178	Agapornis fischeri	SRP475764	PRJNA1048627	2024-03-04	29689.0	200.0
SRR27053072	WGS	THE UNIVERSITY OF HONG KONG	DNBSEQ-T7	PAIRED	RANDOM	GENOMIC	DNBSEQ	SAMN38650177	Agapornis fischeri	SRP475764	PRJNA1048627	2024-03-04	33639.0	200.0
SRR27053073	WGS	THE UNIVERSITY OF HONG KONG	DNBSEQ-T7	PAIRED	RANDOM	GENOMIC	DNBSEQ	SAMN38650176	Agapornis fischeri	SRP475764	PRJNA1048627	2024-03-04	33223.0	200.0
SRR27053074	WGS	THE UNIVERSITY OF HONG KONG	DNBSEQ-T7	PAIRED	RANDOM	GENOMIC	DNBSEQ	SAMN38650175	Agapornis fischeri	SRP475764	PRJNA1048627	2024-03-04	34687.0	200.0
SRR27053075	WGS	THE UNIVERSITY OF HONG KONG	DNBSEQ-T7	PAIRED	RANDOM	GENOMIC	DNBSEQ	SAMN38650174	Agapornis fischeri	SRP475764	PRJNA1048627	2024-03-04	36072.0	200.0
SRR27053076	WGS	THE UNIVERSITY OF HONG KONG	DNBSEQ-T7	PAIRED	RANDOM	GENOMIC	DNBSEQ	SAMN38650147	Agapornis fischeri	SRP475764	PRJNA1048627	2024-03-04	63377.0	272.0
SRR27053077	WGS	THE UNIVERSITY OF HONG KONG	DNBSEQ-T7	PAIRED	RANDOM	GENOMIC	DNBSEQ	SAMN38650173	Agapornis fischeri	SRP475764	PRJNA1048627	2024-03-04	36064.0	200.0
SRR27053078	WGS	THE UNIVERSITY OF HONG KONG	DNBSEQ-T7	PAIRED	RANDOM	GENOMIC	DNBSEQ	SAMN38650172	Agapornis fischeri	SRP475764	PRJNA1048627	2024-03-04	27901.0	200.0
SRR27053079	WGS	THE UNIVERSITY OF HONG KONG	DNBSEQ-T7	PAIRED	RANDOM	GENOMIC	DNBSEQ	SAMN38650171	Agapornis fischeri	SRP475764	PRJNA1048627	2024-03-04	36041.0	200.0
SRR27053080	WGS	THE UNIVERSITY OF HONG KONG	DNBSEQ-T7	PAIRED	RANDOM	GENOMIC	DNBSEQ	SAMN38650170	Agapornis fischeri	SRP475764	PRJNA1048627	2024-03-04	35251.0	200.0
SRR27053081	WGS	THE UNIVERSITY OF HONG KONG	DNBSEQ-T7	PAIRED	RANDOM	GENOMIC	DNBSEQ	SAMN38650169	Agapornis fischeri	SRP475764	PRJNA1048627	2024-03-04	27337.0	200.0
SRR27053082	WGS	THE UNIVERSITY OF HONG KONG	DNBSEQ-T7	PAIRED	RANDOM	GENOMIC	DNBSEQ	SAMN38650168	Agapornis fischeri	SRP475764	PRJNA1048627	2024-03-04	36056.0	200.0
SRR27053083	WGS	THE UNIVERSITY OF HONG KONG	DNBSEQ-T7	PAIRED	RANDOM	GENOMIC	DNBSEQ	SAMN38650167	Agapornis fischeri	SRP475764	PRJNA1048627	2024-03-04	36078.0	200.0
SRR27053084	WGS	THE UNIVERSITY OF HONG KONG	DNBSEQ-T7	PAIRED	RANDOM	GENOMIC	DNBSEQ	SAMN38650166	Agapornis fischeri	SRP475764	PRJNA1048627	2024-03-04	30387.0	200.0
SRR27053085	WGS	THE UNIVERSITY OF HONG KONG	DNBSEQ-T7	PAIRED	RANDOM	GENOMIC	DNBSEQ	SAMN38650165	Agapornis fischeri	SRP475764	PRJNA1048627	2024-03-04	36089.0	200.0
SRR27053086	WGS	THE UNIVERSITY OF HONG KONG	DNBSEQ-T7	PAIRED	RANDOM	GENOMIC	DNBSEQ	SAMN38650164	Agapornis fischeri	SRP475764	PRJNA1048627	2024-03-04	36065.0	200.0
SRR27053087	WGS	THE UNIVERSITY OF HONG KONG	DNBSEQ-T7	PAIRED	RANDOM	GENOMIC	DNBSEQ	SAMN38650146	Agapornis fischeri	SRP475764	PRJNA1048627	2024-03-04	29713.0	200.0
SRR27053088	WGS	THE UNIVERSITY OF HONG KONG	DNBSEQ-T7	PAIRED	RANDOM	GENOMIC	DNBSEQ	SAMN38650163	Agapornis fischeri	SRP475764	PRJNA1048627	2024-03-04	28895.0	200.0
SRR27053089	WGS	THE UNIVERSITY OF HONG KONG	DNBSEQ-T7	PAIRED	RANDOM	GENOMIC	DNBSEQ	SAMN38650162	Agapornis fischeri	SRP475764	PRJNA1048627	2024-03-04	36051.0	200.0
SRR27053090	WGS	THE UNIVERSITY OF HONG KONG	DNBSEQ-T7	PAIRED	RANDOM	GENOMIC	DNBSEQ	SAMN38650161	Agapornis fischeri	SRP475764	PRJNA1048627	2024-03-04	34661.0	200.0
SRR27053091	WGS	THE UNIVERSITY OF HONG KONG	DNBSEQ-T7	PAIRED	RANDOM	GENOMIC	DNBSEQ	SAMN38650160	Agapornis fischeri	SRP475764	PRJNA1048627	2024-03-04	32551.0	200.0
SRR27053092	WGS	THE UNIVERSITY OF HONG KONG	DNBSEQ-T7	PAIRED	RANDOM	GENOMIC	DNBSEQ	SAMN38650159	Agapornis fischeri	SRP475764	PRJNA1048627	2024-03-04	36081.0	200.0
SRR27053093	WGS	THE UNIVERSITY OF HONG KONG	DNBSEQ-T7	PAIRED	RANDOM	GENOMIC	DNBSEQ	SAMN38650158	Agapornis fischeri	SRP475764	PRJNA1048627	2024-03-04	34232.0	228.0
SRR27053094	WGS	THE UNIVERSITY OF HONG KONG	DNBSEQ-T7	PAIRED	RANDOM	GENOMIC	DNBSEQ	SAMN38650157	Agapornis fischeri	SRP475764	PRJNA1048627	2024-03-04	36083.0	200.0
SRR27053095	WGS	THE UNIVERSITY OF HONG KONG	DNBSEQ-T7	PAIRED	RANDOM	GENOMIC	DNBSEQ	SAMN38650156	Agapornis fischeri	SRP475764	PRJNA1048627	2024-03-04	36092.0	200.0
SRR27053100	WGS	THE UNIVERSITY OF HONG KONG	DNBSEQ-T7	PAIRED	RANDOM	GENOMIC	DNBSEQ	SAMN38650155	Agapornis fischeri	SRP475764	PRJNA1048627	2024-03-04	34359.0	200.0
SRR27053118	WGS	THE UNIVERSITY OF HONG KONG	DNBSEQ-T7	PAIRED	RANDOM	GENOMIC	DNBSEQ	SAMN38650153	Agapornis fischeri	SRP475764	PRJNA1048627	2024-03-04	36073.0	200.0
SRR27053125	WGS	THE UNIVERSITY OF HONG KONG	DNBSEQ-T7	PAIRED	RANDOM	GENOMIC	DNBSEQ	SAMN38650227	Agapornis fischeri	SRP475764	PRJNA1048627	2024-03-04	36078.0	200.0
SRR27053126	WGS	THE UNIVERSITY OF HONG KONG	DNBSEQ-T7	PAIRED	RANDOM	GENOMIC	DNBSEQ	SAMN38650226	Agapornis fischeri	SRP475764	PRJNA1048627	2024-03-04	27748.0	200.0
SRR27053127	WGS	THE UNIVERSITY OF HONG KONG	DNBSEQ-T7	PAIRED	RANDOM	GENOMIC	DNBSEQ	SAMN38650225	Agapornis fischeri	SRP475764	PRJNA1048627	2024-03-04	36099.0	200.0
SRR27053128	WGS	THE UNIVERSITY OF HONG KONG	DNBSEQ-T7	PAIRED	RANDOM	GENOMIC	DNBSEQ	SAMN38650224	Agapornis fischeri	SRP475764	PRJNA1048627	2024-03-04	36068.0	200.0
SRR27053129	WGS	THE UNIVERSITY OF HONG KONG	DNBSEQ-T7	PAIRED	RANDOM	GENOMIC	DNBSEQ	SAMN38650152	Agapornis fischeri	SRP475764	PRJNA1048627	2024-03-04	35523.0	200.0
SRR27053130	WGS	THE UNIVERSITY OF HONG KONG	DNBSEQ-T7	PAIRED	RANDOM	GENOMIC	DNBSEQ	SAMN38650223	Agapornis fischeri	SRP475764	PRJNA1048627	2024-03-04	36109.0	200.0
SRR27053131	WGS	THE UNIVERSITY OF HONG KONG	DNBSEQ-T7	PAIRED	RANDOM	GENOMIC	DNBSEQ	SAMN38650222	Agapornis fischeri	SRP475764	PRJNA1048627	2024-03-04	36087.0	200.0
SRR27053132	WGS	THE UNIVERSITY OF HONG KONG	DNBSEQ-T7	PAIRED	RANDOM	GENOMIC	DNBSEQ	SAMN38650221	Agapornis fischeri	SRP475764	PRJNA1048627	2024-03-04	36081.0	200.0
SRR27053133	WGS	THE UNIVERSITY OF HONG KONG	DNBSEQ-T7	PAIRED	RANDOM	GENOMIC	DNBSEQ	SAMN38650220	Agapornis fischeri	SRP475764	PRJNA1048627	2024-03-04	36081.0	200.0
SRR27053134	WGS	THE UNIVERSITY OF HONG KONG	DNBSEQ-T7	PAIRED	RANDOM	GENOMIC	DNBSEQ	SAMN38650219	Agapornis fischeri	SRP475764	PRJNA1048627	2024-03-04	36052.0	200.0
SRR27053135	WGS	THE UNIVERSITY OF HONG KONG	DNBSEQ-T7	PAIRED	RANDOM	GENOMIC	DNBSEQ	SAMN38650218	Agapornis fischeri	SRP475764	PRJNA1048627	2024-03-04	36092.0	200.0
SRR27053136	WGS	THE UNIVERSITY OF HONG KONG	DNBSEQ-T7	PAIRED	RANDOM	GENOMIC	DNBSEQ	SAMN38650217	Agapornis fischeri	SRP475764	PRJNA1048627	2024-03-04	36091.0	200.0
SRR27053137	WGS	THE UNIVERSITY OF HONG KONG	DNBSEQ-T7	PAIRED	RANDOM	GENOMIC	DNBSEQ	SAMN38650216	Agapornis fischeri	SRP475764	PRJNA1048627	2024-03-04	36104.0	200.0
SRR27053138	WGS	THE UNIVERSITY OF HONG KONG	DNBSEQ-T7	PAIRED	RANDOM	GENOMIC	DNBSEQ	SAMN38650215	Agapornis fischeri	SRP475764	PRJNA1048627	2024-03-04	36065.0	200.0
SRR27053139	WGS	THE UNIVERSITY OF HONG KONG	DNBSEQ-T7	PAIRED	RANDOM	GENOMIC	DNBSEQ	SAMN38650214	Agapornis fischeri	SRP475764	PRJNA1048627	2024-03-04	30250.0	200.0
SRR27053140	WGS	THE UNIVERSITY OF HONG KONG	DNBSEQ-T7	PAIRED	RANDOM	GENOMIC	DNBSEQ	SAMN38650151	Agapornis fischeri	SRP475764	PRJNA1048627	2024-03-04	36101.0	200.0
SRR27053141	WGS	THE UNIVERSITY OF HONG KONG	DNBSEQ-T7	PAIRED	RANDOM	GENOMIC	DNBSEQ	SAMN38650213	Agapornis fischeri	SRP475764	PRJNA1048627	2024-03-04	30448.0	200.0
SRR27053142	WGS	THE UNIVERSITY OF HONG KONG	DNBSEQ-T7	PAIRED	RANDOM	GENOMIC	DNBSEQ	SAMN38650212	Agapornis fischeri	SRP475764	PRJNA1048627	2024-03-04	35010.0	200.0
SRR27053143	WGS	THE UNIVERSITY OF HONG KONG	DNBSEQ-T7	PAIRED	RANDOM	GENOMIC	DNBSEQ	SAMN38650211	Agapornis fischeri	SRP475764	PRJNA1048627	2024-03-04	46501.0	238.0
SRR27053144	WGS	THE UNIVERSITY OF HONG KONG	DNBSEQ-T7	PAIRED	RANDOM	GENOMIC	DNBSEQ	SAMN38650210	Agapornis fischeri	SRP475764	PRJNA1048627	2024-03-04	36101.0	200.0
SRR27053145	WGS	THE UNIVERSITY OF HONG KONG	DNBSEQ-T7	PAIRED	RANDOM	GENOMIC	DNBSEQ	SAMN38650209	Agapornis fischeri	SRP475764	PRJNA1048627	2024-03-04	35053.0	200.0
SRR27053147	WGS	THE UNIVERSITY OF HONG KONG	DNBSEQ-T7	PAIRED	RANDOM	GENOMIC	DNBSEQ	SAMN38650154	Agapornis fischeri	SRP475764	PRJNA1048627	2024-03-04	36065.0	200.0
SRR27053148	WGS	THE UNIVERSITY OF HONG KONG	DNBSEQ-T7	PAIRED	RANDOM	GENOMIC	DNBSEQ	SAMN38650145	Agapornis fischeri	SRP475764	PRJNA1048627	2024-03-04	46497.0	246.0
SRR27053149	WGS	THE UNIVERSITY OF HONG KONG	DNBSEQ-T7	PAIRED	RANDOM	GENOMIC	DNBSEQ	SAMN38650144	Agapornis fischeri	SRP475764	PRJNA1048627	2024-03-04	35301.0	200.0
SRR30984397	WGS	SOUTHWEST UNIVERSITY	DNBSEQ-T7	PAIRED	RANDOM	GENOMIC	DNBSEQ	SAMN44269843	Agapornis fischeri	SRP538434	PRJNA1172365	2025-10-01	65795.0	300.0
SRR30984398	WGS	SOUTHWEST UNIVERSITY	DNBSEQ-T7	PAIRED	RANDOM	GENOMIC	DNBSEQ	SAMN44269843	Agapornis fischeri	SRP538434	PRJNA1172365	2025-10-01	74817.0	300.0
SRR30984399	WGS	SOUTHWEST UNIVERSITY	PromethION	SINGLE	RANDOM	GENOMIC	OXFORD_NANOPORE	SAMN44269843	Agapornis fischeri	SRP538434	PRJNA1172365	2025-10-01	59972.0	29840.0
SRR31414894	WGS	SOUTHWEST UNIVERSITY	DNBSEQ-T7	PAIRED	RANDOM	TRANSCRIPTOMIC	DNBSEQ	SAMN44814962	Agapornis fischeri	SRP538434	PRJNA1172365	2025-10-01	12630.0	298.0
SRR31414900	WGS	SOUTHWEST UNIVERSITY	DNBSEQ-T7	PAIRED	RANDOM	GENOMIC	DNBSEQ	SAMN44814991	Agapornis fischeri	SRP538434	PRJNA1172365	2025-10-01	24456.0	298.0
SRR31414901	WGS	SOUTHWEST UNIVERSITY	DNBSEQ-T7	PAIRED	RANDOM	GENOMIC	DNBSEQ	SAMN44814990	Agapornis fischeri	SRP538434	PRJNA1172365	2025-10-01	24865.0	298.0
SRR31414902	WGS	SOUTHWEST UNIVERSITY	DNBSEQ-T7	PAIRED	RANDOM	GENOMIC	DNBSEQ	SAMN44814989	Agapornis fischeri	SRP538434	PRJNA1172365	2025-10-01	9619.0	295.0
SRR31414903	WGS	SOUTHWEST UNIVERSITY	DNBSEQ-T7	PAIRED	RANDOM	GENOMIC	DNBSEQ	SAMN44814988	Agapornis fischeri	SRP538434	PRJNA1172365	2025-10-01	9548.0	297.0
SRR31414904	WGS	SOUTHWEST UNIVERSITY	DNBSEQ-T7	PAIRED	RANDOM	GENOMIC	DNBSEQ	SAMN44814987	Agapornis fischeri	SRP538434	PRJNA1172365	2025-10-01	9710.0	297.0
SRR31414905	WGS	SOUTHWEST UNIVERSITY	DNBSEQ-T7	PAIRED	RANDOM	GENOMIC	DNBSEQ	SAMN44814986	Agapornis fischeri	SRP538434	PRJNA1172365	2025-10-01	9646.0	293.0
SRR31414906	WGS	SOUTHWEST UNIVERSITY	DNBSEQ-T7	PAIRED	RANDOM	GENOMIC	DNBSEQ	SAMN44814985	Agapornis fischeri	SRP538434	PRJNA1172365	2025-10-01	9145.0	297.0
SRR31414907	WGS	SOUTHWEST UNIVERSITY	DNBSEQ-T7	PAIRED	RANDOM	GENOMIC	DNBSEQ	SAMN44814984	Agapornis fischeri	SRP538434	PRJNA1172365	2025-10-01	9365.0	295.0
SRR31414908	WGS	SOUTHWEST UNIVERSITY	DNBSEQ-T7	PAIRED	RANDOM	GENOMIC	DNBSEQ	SAMN44814983	Agapornis fischeri	SRP538434	PRJNA1172365	2025-10-01	9187.0	291.0
SRR31414910	WGS	SOUTHWEST UNIVERSITY	DNBSEQ-T7	PAIRED	RANDOM	GENOMIC	DNBSEQ	SAMN44814982	Agapornis fischeri	SRP538434	PRJNA1172365	2025-10-01	16622.0	293.0
SRR31414911	WGS	SOUTHWEST UNIVERSITY	DNBSEQ-T7	PAIRED	RANDOM	GENOMIC	DNBSEQ	SAMN44814981	Agapornis fischeri	SRP538434	PRJNA1172365	2025-10-01	15860.0	294.0
SRR31414912	WGS	SOUTHWEST UNIVERSITY	DNBSEQ-T7	PAIRED	RANDOM	GENOMIC	DNBSEQ	SAMN44814980	Agapornis fischeri	SRP538434	PRJNA1172365	2025-10-01	16223.0	291.0
SRR31414913	WGS	SOUTHWEST UNIVERSITY	DNBSEQ-T7	PAIRED	RANDOM	GENOMIC	DNBSEQ	SAMN44814979	Agapornis fischeri	SRP538434	PRJNA1172365	2025-10-01	7552.0	291.0
SRR31414923	WGS	SOUTHWEST UNIVERSITY	DNBSEQ-T7	PAIRED	RANDOM	TRANSCRIPTOMIC	DNBSEQ	SAMN44814970	Agapornis fischeri	SRP538434	PRJNA1172365	2025-10-01	13988.0	297.0
SRR31414924	WGS	SOUTHWEST UNIVERSITY	DNBSEQ-T7	PAIRED	RANDOM	TRANSCRIPTOMIC	DNBSEQ	SAMN44814969	Agapornis fischeri	SRP538434	PRJNA1172365	2025-10-01	22661.0	297.0
SRR31414925	WGS	SOUTHWEST UNIVERSITY	DNBSEQ-T7	PAIRED	RANDOM	TRANSCRIPTOMIC	DNBSEQ	SAMN44814968	Agapornis fischeri	SRP538434	PRJNA1172365	2025-10-01	13971.0	297.0
SRR31414926	WGS	SOUTHWEST UNIVERSITY	DNBSEQ-T7	PAIRED	RANDOM	TRANSCRIPTOMIC	DNBSEQ	SAMN44814967	Agapornis fischeri	SRP538434	PRJNA1172365	2025-10-01	13584.0	297.0
SRR31414927	WGS	SOUTHWEST UNIVERSITY	DNBSEQ-T7	PAIRED	RANDOM	TRANSCRIPTOMIC	DNBSEQ	SAMN44814966	Agapornis fischeri	SRP538434	PRJNA1172365	2025-10-01	13851.0	297.0
SRR31414928	WGS	SOUTHWEST UNIVERSITY	DNBSEQ-T7	PAIRED	RANDOM	TRANSCRIPTOMIC	DNBSEQ	SAMN44814965	Agapornis fischeri	SRP538434	PRJNA1172365	2025-10-01	11912.0	297.0
SRR31414929	WGS	SOUTHWEST UNIVERSITY	DNBSEQ-T7	PAIRED	RANDOM	TRANSCRIPTOMIC	DNBSEQ	SAMN44814964	Agapornis fischeri	SRP538434	PRJNA1172365	2025-10-01	13377.0	298.0
SRR31414930	WGS	SOUTHWEST UNIVERSITY	DNBSEQ-T7	PAIRED	RANDOM	TRANSCRIPTOMIC	DNBSEQ	SAMN44814963	Agapornis fischeri	SRP538434	PRJNA1172365	2025-10-01	15915.0	298.0
SRR37692957	WGS	UNIVERSITY OF KWAZULU NATAL, PIETERMARITZBURG, SOUTH AFRICA	Illumina NovaSeq 6000	PAIRED	RANDOM	GENOMIC	ILLUMINA	SAMN56587346	Agapornis fischeri	SRP685122	PRJNA1439591	2026-03-31	4265.0	300.0
SRR37692964	WGS	UNIVERSITY OF KWAZULU NATAL, PIETERMARITZBURG, SOUTH AFRICA	Illumina NovaSeq 6000	PAIRED	RANDOM	GENOMIC	ILLUMINA	SAMN56587397	Agapornis fischeri	SRP685122	PRJNA1439591	2026-03-31	8005.0	300.0
SRR37692965	WGS	UNIVERSITY OF KWAZULU NATAL, PIETERMARITZBURG, SOUTH AFRICA	Illumina NovaSeq 6000	PAIRED	RANDOM	GENOMIC	ILLUMINA	SAMN56587396	Agapornis fischeri	SRP685122	PRJNA1439591	2026-03-31	8754.0	300.0
SRR37692966	WGS	UNIVERSITY OF KWAZULU NATAL, PIETERMARITZBURG, SOUTH AFRICA	Illumina NovaSeq 6000	PAIRED	RANDOM	GENOMIC	ILLUMINA	SAMN56587395	Agapornis fischeri	SRP685122	PRJNA1439591	2026-03-31	16406.0	300.0
SRR37692967	WGS	UNIVERSITY OF KWAZULU NATAL, PIETERMARITZBURG, SOUTH AFRICA	Illumina NovaSeq 6000	PAIRED	RANDOM	GENOMIC	ILLUMINA	SAMN56587394	Agapornis fischeri	SRP685122	PRJNA1439591	2026-03-31	6340.0	300.0
SRR37692968	WGS	UNIVERSITY OF KWAZULU NATAL, PIETERMARITZBURG, SOUTH AFRICA	Illumina NovaSeq 6000	PAIRED	RANDOM	GENOMIC	ILLUMINA	SAMN56587393	Agapornis fischeri	SRP685122	PRJNA1439591	2026-03-31	8543.0	300.0
SRR37692970	WGS	UNIVERSITY OF KWAZULU NATAL, PIETERMARITZBURG, SOUTH AFRICA	Illumina NovaSeq 6000	PAIRED	RANDOM	GENOMIC	ILLUMINA	SAMN56587392	Agapornis fischeri	SRP685122	PRJNA1439591	2026-03-31	11969.0	300.0
SRR37692971	WGS	UNIVERSITY OF KWAZULU NATAL, PIETERMARITZBURG, SOUTH AFRICA	Illumina NovaSeq 6000	PAIRED	RANDOM	GENOMIC	ILLUMINA	SAMN56587391	Agapornis fischeri	SRP685122	PRJNA1439591	2026-03-31	14752.0	300.0
SRR37692972	WGS	UNIVERSITY OF KWAZULU NATAL, PIETERMARITZBURG, SOUTH AFRICA	Illumina NovaSeq 6000	PAIRED	RANDOM	GENOMIC	ILLUMINA	SAMN56587390	Agapornis fischeri	SRP685122	PRJNA1439591	2026-03-31	9193.0	300.0
SRR37692973	WGS	UNIVERSITY OF KWAZULU NATAL, PIETERMARITZBURG, SOUTH AFRICA	Illumina NovaSeq 6000	PAIRED	RANDOM	GENOMIC	ILLUMINA	SAMN56587389	Agapornis fischeri	SRP685122	PRJNA1439591	2026-03-31	12252.0	300.0
SRR37692974	WGS	UNIVERSITY OF KWAZULU NATAL, PIETERMARITZBURG, SOUTH AFRICA	Illumina NovaSeq 6000	PAIRED	RANDOM	GENOMIC	ILLUMINA	SAMN56587388	Agapornis fischeri	SRP685122	PRJNA1439591	2026-03-31	8096.0	300.0
SRR37692975	WGS	UNIVERSITY OF KWAZULU NATAL, PIETERMARITZBURG, SOUTH AFRICA	Illumina NovaSeq 6000	PAIRED	RANDOM	GENOMIC	ILLUMINA	SAMN56587387	Agapornis fischeri	SRP685122	PRJNA1439591	2026-03-31	9968.0	300.0
SRR37692976	WGS	UNIVERSITY OF KWAZULU NATAL, PIETERMARITZBURG, SOUTH AFRICA	Illumina NovaSeq 6000	PAIRED	RANDOM	GENOMIC	ILLUMINA	SAMN56587386	Agapornis fischeri	SRP685122	PRJNA1439591	2026-03-31	18919.0	300.0
SRR37693000	WGS	UNIVERSITY OF KWAZULU NATAL, PIETERMARITZBURG, SOUTH AFRICA	Illumina NovaSeq 6000	PAIRED	RANDOM	GENOMIC	ILLUMINA	SAMN56587345	Agapornis fischeri	SRP685122	PRJNA1439591	2026-03-31	3791.0	300.0
SRR37693027	WGS	UNIVERSITY OF KWAZULU NATAL, PIETERMARITZBURG, SOUTH AFRICA	Illumina NovaSeq 6000	PAIRED	RANDOM	GENOMIC	ILLUMINA	SAMN56587365	Agapornis fischeri	SRP685122	PRJNA1439591	2026-03-31	6611.0	300.0
SRR37693028	WGS	UNIVERSITY OF KWAZULU NATAL, PIETERMARITZBURG, SOUTH AFRICA	Illumina NovaSeq 6000	PAIRED	RANDOM	GENOMIC	ILLUMINA	SAMN56587363	Agapornis fischeri	SRP685122	PRJNA1439591	2026-03-31	4526.0	300.0
SRR37693029	WGS	UNIVERSITY OF KWAZULU NATAL, PIETERMARITZBURG, SOUTH AFRICA	Illumina NovaSeq 6000	PAIRED	RANDOM	GENOMIC	ILLUMINA	SAMN56587361	Agapornis fischeri	SRP685122	PRJNA1439591	2026-03-31	5066.0	300.0
SRR37693030	WGS	UNIVERSITY OF KWAZULU NATAL, PIETERMARITZBURG, SOUTH AFRICA	Illumina NovaSeq 6000	PAIRED	RANDOM	GENOMIC	ILLUMINA	SAMN56587360	Agapornis fischeri	SRP685122	PRJNA1439591	2026-03-31	5715.0	300.0
SRR37693031	WGS	UNIVERSITY OF KWAZULU NATAL, PIETERMARITZBURG, SOUTH AFRICA	Illumina NovaSeq 6000	PAIRED	RANDOM	GENOMIC	ILLUMINA	SAMN56587359	Agapornis fischeri	SRP685122	PRJNA1439591	2026-03-31	7447.0	300.0
SRR37693032	WGS	UNIVERSITY OF KWAZULU NATAL, PIETERMARITZBURG, SOUTH AFRICA	Illumina NovaSeq 6000	PAIRED	RANDOM	GENOMIC	ILLUMINA	SAMN56587358	Agapornis fischeri	SRP685122	PRJNA1439591	2026-03-31	6059.0	300.0
SRR37693033	WGS	UNIVERSITY OF KWAZULU NATAL, PIETERMARITZBURG, SOUTH AFRICA	Illumina NovaSeq 6000	PAIRED	RANDOM	GENOMIC	ILLUMINA	SAMN56587357	Agapornis fischeri	SRP685122	PRJNA1439591	2026-03-31	5891.0	300.0
SRR37693035	WGS	UNIVERSITY OF KWAZULU NATAL, PIETERMARITZBURG, SOUTH AFRICA	Illumina NovaSeq 6000	PAIRED	RANDOM	GENOMIC	ILLUMINA	SAMN56587356	Agapornis fischeri	SRP685122	PRJNA1439591	2026-03-31	3016.0	300.0
SRR37693036	WGS	UNIVERSITY OF KWAZULU NATAL, PIETERMARITZBURG, SOUTH AFRICA	Illumina NovaSeq 6000	PAIRED	RANDOM	GENOMIC	ILLUMINA	SAMN56587355	Agapornis fischeri	SRP685122	PRJNA1439591	2026-03-31	4334.0	300.0
SRR37693037	WGS	UNIVERSITY OF KWAZULU NATAL, PIETERMARITZBURG, SOUTH AFRICA	Illumina NovaSeq 6000	PAIRED	RANDOM	GENOMIC	ILLUMINA	SAMN56587354	Agapornis fischeri	SRP685122	PRJNA1439591	2026-03-31	3790.0	300.0
SRR37693038	WGS	UNIVERSITY OF KWAZULU NATAL, PIETERMARITZBURG, SOUTH AFRICA	Illumina NovaSeq 6000	PAIRED	RANDOM	GENOMIC	ILLUMINA	SAMN56587353	Agapornis fischeri	SRP685122	PRJNA1439591	2026-03-31	4612.0	300.0
SRR37693039	WGS	UNIVERSITY OF KWAZULU NATAL, PIETERMARITZBURG, SOUTH AFRICA	Illumina NovaSeq 6000	PAIRED	RANDOM	GENOMIC	ILLUMINA	SAMN56587352	Agapornis fischeri	SRP685122	PRJNA1439591	2026-03-31	8565.0	300.0
SRR37693040	WGS	UNIVERSITY OF KWAZULU NATAL, PIETERMARITZBURG, SOUTH AFRICA	Illumina NovaSeq 6000	PAIRED	RANDOM	GENOMIC	ILLUMINA	SAMN56587351	Agapornis fischeri	SRP685122	PRJNA1439591	2026-03-31	3552.0	300.0
SRR37693041	WGS	UNIVERSITY OF KWAZULU NATAL, PIETERMARITZBURG, SOUTH AFRICA	Illumina NovaSeq 6000	PAIRED	RANDOM	GENOMIC	ILLUMINA	SAMN56587350	Agapornis fischeri	SRP685122	PRJNA1439591	2026-03-31	7271.0	300.0
SRR37693042	WGS	UNIVERSITY OF KWAZULU NATAL, PIETERMARITZBURG, SOUTH AFRICA	Illumina NovaSeq 6000	PAIRED	RANDOM	GENOMIC	ILLUMINA	SAMN56587349	Agapornis fischeri	SRP685122	PRJNA1439591	2026-03-31	7653.0	300.0
SRR37693044	WGS	UNIVERSITY OF KWAZULU NATAL, PIETERMARITZBURG, SOUTH AFRICA	Illumina NovaSeq 6000	PAIRED	RANDOM	GENOMIC	ILLUMINA	SAMN56587348	Agapornis fischeri	SRP685122	PRJNA1439591	2026-03-31	5295.0	300.0
SRR37693055	WGS	UNIVERSITY OF KWAZULU NATAL, PIETERMARITZBURG, SOUTH AFRICA	Illumina NovaSeq 6000	PAIRED	RANDOM	GENOMIC	ILLUMINA	SAMN56587347	Agapornis fischeri	SRP685122	PRJNA1439591	2026-03-31	3630.0	300.0
SRR37693056	WGS	UNIVERSITY OF KWAZULU NATAL, PIETERMARITZBURG, SOUTH AFRICA	Illumina NovaSeq 6000	PAIRED	RANDOM	GENOMIC	ILLUMINA	SAMN56587364	Agapornis fischeri	SRP685122	PRJNA1439591	2026-03-31	4259.0	300.0
SRR37693057	WGS	UNIVERSITY OF KWAZULU NATAL, PIETERMARITZBURG, SOUTH AFRICA	Illumina NovaSeq 6000	PAIRED	RANDOM	GENOMIC	ILLUMINA	SAMN56587362	Agapornis fischeri	SRP685122	PRJNA1439591	2026-03-31	3361.0	300.0
SRR17850977	Bisulfite-Seq	GEO	Illumina HiSeq 3000	SINGLE	Reduced Representation	GENOMIC	ILLUMINA	SAMN25562348	Agapornis lilianae	SRP357738	PRJNA802599	2022-06-19	544.0	51.0
SRR17850978	Bisulfite-Seq	GEO	Illumina HiSeq 3000	SINGLE	Reduced Representation	GENOMIC	ILLUMINA	SAMN25562350	Agapornis lilianae	SRP357738	PRJNA802599	2022-06-19	1290.0	51.0
SRR17850979	Bisulfite-Seq	GEO	Illumina HiSeq 3000	SINGLE	Reduced Representation	GENOMIC	ILLUMINA	SAMN25562352	Agapornis lilianae	SRP357738	PRJNA802599	2022-06-19	1569.0	51.0
SRR13483852	WGS	AMNH	Illumina HiSeq 3000	PAIRED	Hybrid Selection	GENOMIC	ILLUMINA	SAMN17062310	Agapornis lilianae	SRP302372	PRJNA692616	2023-03-27	698.0	194.0
SRR24579560	WGS	HONG KONG UNIVERSITY	Illumina HiSeq 2500	PAIRED	unspecified	GENOMIC	ILLUMINA	SAMN35027608	Agapornis lilianae	SRP437930	PRJNA971241	2023-08-24	2055.0	251.0
SRR24579561	WGS	HONG KONG UNIVERSITY	Illumina HiSeq 2500	PAIRED	unspecified	GENOMIC	ILLUMINA	SAMN35027607	Agapornis lilianae	SRP437930	PRJNA971241	2023-08-24	2885.0	251.0
SRR26151489	WGS	IRIDIAN GENOMES	HiSeq X Ten	PAIRED	RANDOM	GENOMIC	ILLUMINA	SAMN36798136	Agapornis lilianae	SRP462750	PRJNA667968	2023-09-22	24310.0	300.0
SRR31660514	WGS	SOUTHWEST UNIVERSITY	PromethION	SINGLE	RANDOM	GENOMIC	OXFORD_NANOPORE	SAMN45221903	Agapornis lilianae	SRP550457	PRJNA1191657	2026-01-10	86442.0	7996.0
SRR37692962	WGS	UNIVERSITY OF KWAZULU NATAL, PIETERMARITZBURG, SOUTH AFRICA	Illumina NovaSeq 6000	PAIRED	RANDOM	GENOMIC	ILLUMINA	SAMN56587399	Agapornis lilianae	SRP685122	PRJNA1439591	2026-03-31	19127.0	300.0
SRR37692963	WGS	UNIVERSITY OF KWAZULU NATAL, PIETERMARITZBURG, SOUTH AFRICA	Illumina NovaSeq 6000	PAIRED	RANDOM	GENOMIC	ILLUMINA	SAMN56587398	Agapornis lilianae	SRP685122	PRJNA1439591	2026-03-31	22134.0	300.0
SRR37692969	WGS	UNIVERSITY OF KWAZULU NATAL, PIETERMARITZBURG, SOUTH AFRICA	Illumina NovaSeq 6000	PAIRED	RANDOM	GENOMIC	ILLUMINA	SAMN56587375	Agapornis lilianae	SRP685122	PRJNA1439591	2026-03-31	6039.0	300.0
SRR37692977	WGS	UNIVERSITY OF KWAZULU NATAL, PIETERMARITZBURG, SOUTH AFRICA	Illumina NovaSeq 6000	PAIRED	RANDOM	GENOMIC	ILLUMINA	SAMN56587385	Agapornis lilianae	SRP685122	PRJNA1439591	2026-03-31	3882.0	300.0
SRR37692978	WGS	UNIVERSITY OF KWAZULU NATAL, PIETERMARITZBURG, SOUTH AFRICA	Illumina NovaSeq 6000	PAIRED	RANDOM	GENOMIC	ILLUMINA	SAMN56587384	Agapornis lilianae	SRP685122	PRJNA1439591	2026-03-31	6687.0	300.0
SRR37692979	WGS	UNIVERSITY OF KWAZULU NATAL, PIETERMARITZBURG, SOUTH AFRICA	Illumina NovaSeq 6000	PAIRED	RANDOM	GENOMIC	ILLUMINA	SAMN56587383	Agapornis lilianae	SRP685122	PRJNA1439591	2026-03-31	5833.0	300.0
SRR37692980	WGS	UNIVERSITY OF KWAZULU NATAL, PIETERMARITZBURG, SOUTH AFRICA	Illumina NovaSeq 6000	PAIRED	RANDOM	GENOMIC	ILLUMINA	SAMN56587373	Agapornis lilianae	SRP685122	PRJNA1439591	2026-03-31	4469.0	300.0
SRR37692981	WGS	UNIVERSITY OF KWAZULU NATAL, PIETERMARITZBURG, SOUTH AFRICA	Illumina NovaSeq 6000	PAIRED	RANDOM	GENOMIC	ILLUMINA	SAMN56587382	Agapornis lilianae	SRP685122	PRJNA1439591	2026-03-31	5283.0	300.0
SRR37692982	WGS	UNIVERSITY OF KWAZULU NATAL, PIETERMARITZBURG, SOUTH AFRICA	Illumina NovaSeq 6000	PAIRED	RANDOM	GENOMIC	ILLUMINA	SAMN56587381	Agapornis lilianae	SRP685122	PRJNA1439591	2026-03-31	5812.0	300.0
SRR37692983	WGS	UNIVERSITY OF KWAZULU NATAL, PIETERMARITZBURG, SOUTH AFRICA	Illumina NovaSeq 6000	PAIRED	RANDOM	GENOMIC	ILLUMINA	SAMN56587380	Agapornis lilianae	SRP685122	PRJNA1439591	2026-03-31	3024.0	300.0
SRR37692984	WGS	UNIVERSITY OF KWAZULU NATAL, PIETERMARITZBURG, SOUTH AFRICA	Illumina NovaSeq 6000	PAIRED	RANDOM	GENOMIC	ILLUMINA	SAMN56587379	Agapornis lilianae	SRP685122	PRJNA1439591	2026-03-31	6206.0	300.0
SRR37692985	WGS	UNIVERSITY OF KWAZULU NATAL, PIETERMARITZBURG, SOUTH AFRICA	Illumina NovaSeq 6000	PAIRED	RANDOM	GENOMIC	ILLUMINA	SAMN56587378	Agapornis lilianae	SRP685122	PRJNA1439591	2026-03-31	6378.0	300.0
SRR37692986	WGS	UNIVERSITY OF KWAZULU NATAL, PIETERMARITZBURG, SOUTH AFRICA	Illumina NovaSeq 6000	PAIRED	RANDOM	GENOMIC	ILLUMINA	SAMN56587377	Agapornis lilianae	SRP685122	PRJNA1439591	2026-03-31	7840.0	300.0
SRR37692987	WGS	UNIVERSITY OF KWAZULU NATAL, PIETERMARITZBURG, SOUTH AFRICA	Illumina NovaSeq 6000	PAIRED	RANDOM	GENOMIC	ILLUMINA	SAMN56587376	Agapornis lilianae	SRP685122	PRJNA1439591	2026-03-31	6705.0	300.0
SRR37692988	WGS	UNIVERSITY OF KWAZULU NATAL, PIETERMARITZBURG, SOUTH AFRICA	Illumina NovaSeq 6000	PAIRED	RANDOM	GENOMIC	ILLUMINA	SAMN56587374	Agapornis lilianae	SRP685122	PRJNA1439591	2026-03-31	5697.0	300.0
SRR37692989	WGS	UNIVERSITY OF KWAZULU NATAL, PIETERMARITZBURG, SOUTH AFRICA	Illumina NovaSeq 6000	PAIRED	RANDOM	GENOMIC	ILLUMINA	SAMN56587371	Agapornis lilianae	SRP685122	PRJNA1439591	2026-03-31	6245.0	300.0
SRR37692991	WGS	UNIVERSITY OF KWAZULU NATAL, PIETERMARITZBURG, SOUTH AFRICA	Illumina NovaSeq 6000	PAIRED	RANDOM	GENOMIC	ILLUMINA	SAMN56587372	Agapornis lilianae	SRP685122	PRJNA1439591	2026-03-31	3260.0	300.0
SRR37693017	WGS	UNIVERSITY OF KWAZULU NATAL, PIETERMARITZBURG, SOUTH AFRICA	Illumina NovaSeq 6000	PAIRED	RANDOM	GENOMIC	ILLUMINA	SAMN56587407	Agapornis lilianae	SRP685122	PRJNA1439591	2026-03-31	6731.0	300.0
SRR37693018	WGS	UNIVERSITY OF KWAZULU NATAL, PIETERMARITZBURG, SOUTH AFRICA	Illumina NovaSeq 6000	PAIRED	RANDOM	GENOMIC	ILLUMINA	SAMN56587406	Agapornis lilianae	SRP685122	PRJNA1439591	2026-03-31	16626.0	300.0
SRR37693019	WGS	UNIVERSITY OF KWAZULU NATAL, PIETERMARITZBURG, SOUTH AFRICA	Illumina NovaSeq 6000	PAIRED	RANDOM	GENOMIC	ILLUMINA	SAMN56587405	Agapornis lilianae	SRP685122	PRJNA1439591	2026-03-31	15562.0	300.0
SRR37693020	WGS	UNIVERSITY OF KWAZULU NATAL, PIETERMARITZBURG, SOUTH AFRICA	Illumina NovaSeq 6000	PAIRED	RANDOM	GENOMIC	ILLUMINA	SAMN56587404	Agapornis lilianae	SRP685122	PRJNA1439591	2026-03-31	7916.0	300.0
SRR37693021	WGS	UNIVERSITY OF KWAZULU NATAL, PIETERMARITZBURG, SOUTH AFRICA	Illumina NovaSeq 6000	PAIRED	RANDOM	GENOMIC	ILLUMINA	SAMN56587403	Agapornis lilianae	SRP685122	PRJNA1439591	2026-03-31	16545.0	300.0
SRR37693023	WGS	UNIVERSITY OF KWAZULU NATAL, PIETERMARITZBURG, SOUTH AFRICA	Illumina NovaSeq 6000	PAIRED	RANDOM	GENOMIC	ILLUMINA	SAMN56587402	Agapornis lilianae	SRP685122	PRJNA1439591	2026-03-31	5068.0	300.0
SRR37693024	WGS	UNIVERSITY OF KWAZULU NATAL, PIETERMARITZBURG, SOUTH AFRICA	Illumina NovaSeq 6000	PAIRED	RANDOM	GENOMIC	ILLUMINA	SAMN56587401	Agapornis lilianae	SRP685122	PRJNA1439591	2026-03-31	3332.0	300.0
SRR37693025	WGS	UNIVERSITY OF KWAZULU NATAL, PIETERMARITZBURG, SOUTH AFRICA	Illumina NovaSeq 6000	PAIRED	RANDOM	GENOMIC	ILLUMINA	SAMN56587400	Agapornis lilianae	SRP685122	PRJNA1439591	2026-03-31	19501.0	300.0
SRR24579572	WGS	HONG KONG UNIVERSITY	Illumina HiSeq 2500	PAIRED	unspecified	GENOMIC	ILLUMINA	SAMN35027637	Agapornis lilianae x Agapornis fischeri	SRP437930	PRJNA971241	2023-08-24	8012.0	300.0
SRR24579573	WGS	HONG KONG UNIVERSITY	Illumina HiSeq 2500	PAIRED	unspecified	GENOMIC	ILLUMINA	SAMN35027636	Agapornis lilianae x Agapornis fischeri	SRP437930	PRJNA971241	2023-08-24	8761.0	300.0
ERR2399618	OTHER	THE WELLCOME TRUST SANGER INSTITUTE	Illumina MiSeq	PAIRED	Hybrid Selection	GENOMIC	ILLUMINA	SAMEA104215227	Agapornis nigrigenis	ERP007136	PRJEB7408	2018-03-14	183.0	600.0
SRR24579556	WGS	HONG KONG UNIVERSITY	Illumina HiSeq 2500	PAIRED	unspecified	GENOMIC	ILLUMINA	SAMN35027611	Agapornis nigrigenis	SRP437930	PRJNA971241	2023-08-24	6708.0	300.0
SRR24579558	WGS	HONG KONG UNIVERSITY	Illumina HiSeq 2500	PAIRED	unspecified	GENOMIC	ILLUMINA	SAMN35027610	Agapornis nigrigenis	SRP437930	PRJNA971241	2023-08-24	9177.0	300.0
SRR24579559	WGS	HONG KONG UNIVERSITY	Illumina HiSeq 2500	PAIRED	unspecified	GENOMIC	ILLUMINA	SAMN35027609	Agapornis nigrigenis	SRP437930	PRJNA971241	2023-08-24	7718.0	251.0
SRR26073671	WGS	IRIDIAN GENOMES	HiSeq X Ten	PAIRED	RANDOM	GENOMIC	ILLUMINA	SAMN35444842	Agapornis nigrigenis	SRP460808	PRJNA703481	2023-09-15	21264.0	300.0
SRR31660516	WGS	SOUTHWEST UNIVERSITY	PromethION	SINGLE	RANDOM	GENOMIC	OXFORD_NANOPORE	SAMN45221901	Agapornis nigrigenis	SRP550457	PRJNA1191657	2026-01-10	92403.0	5619.0
SRR37692951	WGS	UNIVERSITY OF KWAZULU NATAL, PIETERMARITZBURG, SOUTH AFRICA	Illumina NovaSeq 6000	PAIRED	RANDOM	GENOMIC	ILLUMINA	SAMN56587440	Agapornis nigrigenis	SRP685122	PRJNA1439591	2026-03-31	3474.0	300.0
SRR37692952	WGS	UNIVERSITY OF KWAZULU NATAL, PIETERMARITZBURG, SOUTH AFRICA	Illumina NovaSeq 6000	PAIRED	RANDOM	GENOMIC	ILLUMINA	SAMN56587438	Agapornis nigrigenis	SRP685122	PRJNA1439591	2026-03-31	7022.0	300.0
SRR37692953	WGS	UNIVERSITY OF KWAZULU NATAL, PIETERMARITZBURG, SOUTH AFRICA	Illumina NovaSeq 6000	PAIRED	RANDOM	GENOMIC	ILLUMINA	SAMN56587437	Agapornis nigrigenis	SRP685122	PRJNA1439591	2026-03-31	4792.0	300.0
SRR37692954	WGS	UNIVERSITY OF KWAZULU NATAL, PIETERMARITZBURG, SOUTH AFRICA	Illumina NovaSeq 6000	PAIRED	RANDOM	GENOMIC	ILLUMINA	SAMN56587436	Agapornis nigrigenis	SRP685122	PRJNA1439591	2026-03-31	6250.0	300.0
SRR37692955	WGS	UNIVERSITY OF KWAZULU NATAL, PIETERMARITZBURG, SOUTH AFRICA	Illumina NovaSeq 6000	PAIRED	RANDOM	GENOMIC	ILLUMINA	SAMN56587435	Agapornis nigrigenis	SRP685122	PRJNA1439591	2026-03-31	5786.0	300.0
SRR37692956	WGS	UNIVERSITY OF KWAZULU NATAL, PIETERMARITZBURG, SOUTH AFRICA	Illumina NovaSeq 6000	PAIRED	RANDOM	GENOMIC	ILLUMINA	SAMN56587434	Agapornis nigrigenis	SRP685122	PRJNA1439591	2026-03-31	6226.0	300.0
SRR37692958	WGS	UNIVERSITY OF KWAZULU NATAL, PIETERMARITZBURG, SOUTH AFRICA	Illumina NovaSeq 6000	PAIRED	RANDOM	GENOMIC	ILLUMINA	SAMN56587432	Agapornis nigrigenis	SRP685122	PRJNA1439591	2026-03-31	4725.0	300.0
SRR37692959	WGS	UNIVERSITY OF KWAZULU NATAL, PIETERMARITZBURG, SOUTH AFRICA	Illumina NovaSeq 6000	PAIRED	RANDOM	GENOMIC	ILLUMINA	SAMN56587431	Agapornis nigrigenis	SRP685122	PRJNA1439591	2026-03-31	5999.0	300.0
SRR37692960	WGS	UNIVERSITY OF KWAZULU NATAL, PIETERMARITZBURG, SOUTH AFRICA	Illumina NovaSeq 6000	PAIRED	RANDOM	GENOMIC	ILLUMINA	SAMN56587430	Agapornis nigrigenis	SRP685122	PRJNA1439591	2026-03-31	6455.0	300.0
SRR37693002	WGS	UNIVERSITY OF KWAZULU NATAL, PIETERMARITZBURG, SOUTH AFRICA	Illumina NovaSeq 6000	PAIRED	RANDOM	GENOMIC	ILLUMINA	SAMN56587421	Agapornis nigrigenis	SRP685122	PRJNA1439591	2026-03-31	12159.0	300.0
SRR37693003	WGS	UNIVERSITY OF KWAZULU NATAL, PIETERMARITZBURG, SOUTH AFRICA	Illumina NovaSeq 6000	PAIRED	RANDOM	GENOMIC	ILLUMINA	SAMN56587420	Agapornis nigrigenis	SRP685122	PRJNA1439591	2026-03-31	10616.0	300.0
SRR37693004	WGS	UNIVERSITY OF KWAZULU NATAL, PIETERMARITZBURG, SOUTH AFRICA	Illumina NovaSeq 6000	PAIRED	RANDOM	GENOMIC	ILLUMINA	SAMN56587419	Agapornis nigrigenis	SRP685122	PRJNA1439591	2026-03-31	7336.0	300.0
SRR37693005	WGS	UNIVERSITY OF KWAZULU NATAL, PIETERMARITZBURG, SOUTH AFRICA	Illumina NovaSeq 6000	PAIRED	RANDOM	GENOMIC	ILLUMINA	SAMN56587418	Agapornis nigrigenis	SRP685122	PRJNA1439591	2026-03-31	8055.0	300.0
SRR37693006	WGS	UNIVERSITY OF KWAZULU NATAL, PIETERMARITZBURG, SOUTH AFRICA	Illumina NovaSeq 6000	PAIRED	RANDOM	GENOMIC	ILLUMINA	SAMN56587417	Agapornis nigrigenis	SRP685122	PRJNA1439591	2026-03-31	4411.0	300.0
SRR37693007	WGS	UNIVERSITY OF KWAZULU NATAL, PIETERMARITZBURG, SOUTH AFRICA	Illumina NovaSeq 6000	PAIRED	RANDOM	GENOMIC	ILLUMINA	SAMN56587416	Agapornis nigrigenis	SRP685122	PRJNA1439591	2026-03-31	8536.0	300.0
SRR37693008	WGS	UNIVERSITY OF KWAZULU NATAL, PIETERMARITZBURG, SOUTH AFRICA	Illumina NovaSeq 6000	PAIRED	RANDOM	GENOMIC	ILLUMINA	SAMN56587415	Agapornis nigrigenis	SRP685122	PRJNA1439591	2026-03-31	13182.0	300.0
SRR37693009	WGS	UNIVERSITY OF KWAZULU NATAL, PIETERMARITZBURG, SOUTH AFRICA	Illumina NovaSeq 6000	PAIRED	RANDOM	GENOMIC	ILLUMINA	SAMN56587414	Agapornis nigrigenis	SRP685122	PRJNA1439591	2026-03-31	8214.0	300.0
SRR37693010	WGS	UNIVERSITY OF KWAZULU NATAL, PIETERMARITZBURG, SOUTH AFRICA	Illumina NovaSeq 6000	PAIRED	RANDOM	GENOMIC	ILLUMINA	SAMN56587413	Agapornis nigrigenis	SRP685122	PRJNA1439591	2026-03-31	10278.0	300.0
SRR37693011	WGS	UNIVERSITY OF KWAZULU NATAL, PIETERMARITZBURG, SOUTH AFRICA	Illumina NovaSeq 6000	PAIRED	RANDOM	GENOMIC	ILLUMINA	SAMN56587439	Agapornis nigrigenis	SRP685122	PRJNA1439591	2026-03-31	4310.0	300.0
SRR37693012	WGS	UNIVERSITY OF KWAZULU NATAL, PIETERMARITZBURG, SOUTH AFRICA	Illumina NovaSeq 6000	PAIRED	RANDOM	GENOMIC	ILLUMINA	SAMN56587412	Agapornis nigrigenis	SRP685122	PRJNA1439591	2026-03-31	8142.0	300.0
SRR37693013	WGS	UNIVERSITY OF KWAZULU NATAL, PIETERMARITZBURG, SOUTH AFRICA	Illumina NovaSeq 6000	PAIRED	RANDOM	GENOMIC	ILLUMINA	SAMN56587411	Agapornis nigrigenis	SRP685122	PRJNA1439591	2026-03-31	10504.0	300.0
SRR37693014	WGS	UNIVERSITY OF KWAZULU NATAL, PIETERMARITZBURG, SOUTH AFRICA	Illumina NovaSeq 6000	PAIRED	RANDOM	GENOMIC	ILLUMINA	SAMN56587410	Agapornis nigrigenis	SRP685122	PRJNA1439591	2026-03-31	13086.0	300.0
SRR37693015	WGS	UNIVERSITY OF KWAZULU NATAL, PIETERMARITZBURG, SOUTH AFRICA	Illumina NovaSeq 6000	PAIRED	RANDOM	GENOMIC	ILLUMINA	SAMN56587409	Agapornis nigrigenis	SRP685122	PRJNA1439591	2026-03-31	8302.0	300.0
SRR37693016	WGS	UNIVERSITY OF KWAZULU NATAL, PIETERMARITZBURG, SOUTH AFRICA	Illumina NovaSeq 6000	PAIRED	RANDOM	GENOMIC	ILLUMINA	SAMN56587408	Agapornis nigrigenis	SRP685122	PRJNA1439591	2026-03-31	6006.0	300.0
SRR37693022	WGS	UNIVERSITY OF KWAZULU NATAL, PIETERMARITZBURG, SOUTH AFRICA	Illumina NovaSeq 6000	PAIRED	RANDOM	GENOMIC	ILLUMINA	SAMN56587433	Agapornis nigrigenis	SRP685122	PRJNA1439591	2026-03-31	3918.0	300.0
SRR38285053	WGS	IRIDIAN GENOMES	Illumina NovaSeq 6000	PAIRED	RANDOM	GENOMIC	ILLUMINA	SAMN57485595	Agapornis nigrigenis	SRP460808	PRJNA703481	2026-04-27	38120.0	300.0
ERR17681183	Hi-C	WELLCOME SANGER INSTITUTE	Illumina NovaSeq X	PAIRED	Restriction Digest	GENOMIC	ILLUMINA	SAMEA118680510	Agapornis nigrigenis	ERP203074	PRJEB123072	2026-08-05	163469.0	302.0
ERR17875023	WGS	WELLCOME SANGER INSTITUTE	PromethION	SINGLE	RANDOM	GENOMIC	OXFORD_NANOPORE	SAMEA118680510	Agapornis nigrigenis	ERP203074	PRJEB123072	2026-09-13		
SRR10852799	RNA-Seq	MAX PLANCK INSTITUTE FOR ORNITHOLOGY-SEEWIESEN	Illumina HiSeq 2500	PAIRED	RANDOM	TRANSCRIPTOMIC	ILLUMINA	SAMN13755085	Agapornis personatus	SRP240625	PRJNA599522	2020-08-13	5250.0	100.0
SRR17850012	Bisulfite-Seq	GEO	Illumina HiSeq 3000	SINGLE	Reduced Representation	GENOMIC	ILLUMINA	SAMN25561942	Agapornis personatus	SRP357738	PRJNA802599	2022-06-19	568.0	64.0
SRR17850013	Bisulfite-Seq	GEO	Illumina HiSeq 3000	SINGLE	Reduced Representation	GENOMIC	ILLUMINA	SAMN25561943	Agapornis personatus	SRP357738	PRJNA802599	2022-06-19	871.0	51.0
SRR17850014	Bisulfite-Seq	GEO	Illumina HiSeq 3000	SINGLE	Reduced Representation	GENOMIC	ILLUMINA	SAMN25561944	Agapornis personatus	SRP357738	PRJNA802599	2022-06-19	1244.0	51.0
SRR17850106	Bisulfite-Seq	GEO	Illumina HiSeq 3000	SINGLE	Reduced Representation	GENOMIC	ILLUMINA	SAMN25562014	Agapornis personatus	SRP357738	PRJNA802599	2022-06-19	1452.0	51.0
SRR17850107	Bisulfite-Seq	GEO	Illumina HiSeq 3000	SINGLE	Reduced Representation	GENOMIC	ILLUMINA	SAMN25562016	Agapornis personatus	SRP357738	PRJNA802599	2022-06-19	619.0	51.0
SRR13483920	WGS	AMNH	HiSeq X Ten	PAIRED	Hybrid Selection	GENOMIC	ILLUMINA	SAMN17062304	Agapornis personatus	SRP302372	PRJNA692616	2023-03-27	427.0	201.0
SRR25700512	WGS	IRIDIAN GENOMES	HiSeq X Ten	PAIRED	RANDOM	GENOMIC	ILLUMINA	SAMN36687878	Agapornis personatus	SRP455936	PRJNA703482	2023-08-19	23000.0	300.0
SRR24579550	WGS	HONG KONG UNIVERSITY	Illumina HiSeq 2500	PAIRED	unspecified	GENOMIC	ILLUMINA	SAMN35027617	Agapornis personatus	SRP437930	PRJNA971241	2023-08-24	2707.0	251.0
SRR24579551	WGS	HONG KONG UNIVERSITY	Illumina HiSeq 2500	PAIRED	unspecified	GENOMIC	ILLUMINA	SAMN35027616	Agapornis personatus	SRP437930	PRJNA971241	2023-08-24	3238.0	251.0
SRR24579552	WGS	HONG KONG UNIVERSITY	Illumina HiSeq 2500	PAIRED	unspecified	GENOMIC	ILLUMINA	SAMN35027615	Agapornis personatus	SRP437930	PRJNA971241	2023-08-24	5511.0	251.0
SRR24579553	WGS	HONG KONG UNIVERSITY	Illumina HiSeq 2500	PAIRED	unspecified	GENOMIC	ILLUMINA	SAMN35027614	Agapornis personatus	SRP437930	PRJNA971241	2023-08-24	6046.0	251.0
SRR24579554	WGS	HONG KONG UNIVERSITY	Illumina HiSeq 2500	PAIRED	unspecified	GENOMIC	ILLUMINA	SAMN35027613	Agapornis personatus	SRP437930	PRJNA971241	2023-08-24	4737.0	251.0
SRR24579555	WGS	HONG KONG UNIVERSITY	Illumina HiSeq 2500	PAIRED	unspecified	GENOMIC	ILLUMINA	SAMN35027612	Agapornis personatus	SRP437930	PRJNA971241	2023-08-24	4436.0	251.0
SRR27053036	WGS	THE UNIVERSITY OF HONG KONG	DNBSEQ-T7	PAIRED	RANDOM	GENOMIC	DNBSEQ	SAMN38650243	Agapornis personatus	SRP475764	PRJNA1048627	2024-03-04	33814.0	200.0
SRR27053037	WGS	THE UNIVERSITY OF HONG KONG	DNBSEQ-T7	PAIRED	RANDOM	GENOMIC	DNBSEQ	SAMN38650242	Agapornis personatus	SRP475764	PRJNA1048627	2024-03-04	28760.0	200.0
SRR27053096	WGS	THE UNIVERSITY OF HONG KONG	DNBSEQ-T7	PAIRED	RANDOM	GENOMIC	DNBSEQ	SAMN38650257	Agapornis personatus	SRP475764	PRJNA1048627	2024-03-04	37217.0	223.0
SRR27053097	WGS	THE UNIVERSITY OF HONG KONG	DNBSEQ-T7	PAIRED	RANDOM	GENOMIC	DNBSEQ	SAMN38650256	Agapornis personatus	SRP475764	PRJNA1048627	2024-03-04	36047.0	200.0
SRR27053098	WGS	THE UNIVERSITY OF HONG KONG	DNBSEQ-T7	PAIRED	RANDOM	GENOMIC	DNBSEQ	SAMN38650255	Agapornis personatus	SRP475764	PRJNA1048627	2024-03-04	35481.0	200.0
SRR27053099	WGS	THE UNIVERSITY OF HONG KONG	DNBSEQ-T7	PAIRED	RANDOM	GENOMIC	DNBSEQ	SAMN38650254	Agapornis personatus	SRP475764	PRJNA1048627	2024-03-04	36358.0	219.0
SRR27053101	WGS	THE UNIVERSITY OF HONG KONG	DNBSEQ-T7	PAIRED	RANDOM	GENOMIC	DNBSEQ	SAMN38650253	Agapornis personatus	SRP475764	PRJNA1048627	2024-03-04	36088.0	200.0
SRR27053102	WGS	THE UNIVERSITY OF HONG KONG	DNBSEQ-T7	PAIRED	RANDOM	GENOMIC	DNBSEQ	SAMN38650252	Agapornis personatus	SRP475764	PRJNA1048627	2024-03-04	32544.0	200.0
SRR27053103	WGS	THE UNIVERSITY OF HONG KONG	DNBSEQ-T7	PAIRED	RANDOM	GENOMIC	DNBSEQ	SAMN38650251	Agapornis personatus	SRP475764	PRJNA1048627	2024-03-04	32215.0	200.0
SRR27053104	WGS	THE UNIVERSITY OF HONG KONG	DNBSEQ-T7	PAIRED	RANDOM	GENOMIC	DNBSEQ	SAMN38650250	Agapornis personatus	SRP475764	PRJNA1048627	2024-03-04	32318.0	200.0
SRR27053105	WGS	THE UNIVERSITY OF HONG KONG	DNBSEQ-T7	PAIRED	RANDOM	GENOMIC	DNBSEQ	SAMN38650249	Agapornis personatus	SRP475764	PRJNA1048627	2024-03-04	36981.0	221.0
SRR27053106	WGS	THE UNIVERSITY OF HONG KONG	DNBSEQ-T7	PAIRED	RANDOM	GENOMIC	DNBSEQ	SAMN38650248	Agapornis personatus	SRP475764	PRJNA1048627	2024-03-04	36090.0	200.0
SRR27053107	WGS	THE UNIVERSITY OF HONG KONG	DNBSEQ-T7	PAIRED	RANDOM	GENOMIC	DNBSEQ	SAMN38650247	Agapornis personatus	SRP475764	PRJNA1048627	2024-03-04	36092.0	200.0
SRR27053108	WGS	THE UNIVERSITY OF HONG KONG	DNBSEQ-T7	PAIRED	RANDOM	GENOMIC	DNBSEQ	SAMN38650246	Agapornis personatus	SRP475764	PRJNA1048627	2024-03-04	35866.0	200.0
SRR27053109	WGS	THE UNIVERSITY OF HONG KONG	DNBSEQ-T7	PAIRED	RANDOM	GENOMIC	DNBSEQ	SAMN38650245	Agapornis personatus	SRP475764	PRJNA1048627	2024-03-04	40842.0	226.0
SRR27053110	WGS	THE UNIVERSITY OF HONG KONG	DNBSEQ-T7	PAIRED	RANDOM	GENOMIC	DNBSEQ	SAMN38650241	Agapornis personatus	SRP475764	PRJNA1048627	2024-03-04	36065.0	200.0
SRR27053111	WGS	THE UNIVERSITY OF HONG KONG	DNBSEQ-T7	PAIRED	RANDOM	GENOMIC	DNBSEQ	SAMN38650240	Agapornis personatus	SRP475764	PRJNA1048627	2024-03-04	36074.0	200.0
SRR27053112	WGS	THE UNIVERSITY OF HONG KONG	DNBSEQ-T7	PAIRED	RANDOM	GENOMIC	DNBSEQ	SAMN38650239	Agapornis personatus	SRP475764	PRJNA1048627	2024-03-04	35984.0	200.0
SRR27053113	WGS	THE UNIVERSITY OF HONG KONG	DNBSEQ-T7	PAIRED	RANDOM	GENOMIC	DNBSEQ	SAMN38650238	Agapornis personatus	SRP475764	PRJNA1048627	2024-03-04	33633.0	200.0
SRR27053114	WGS	THE UNIVERSITY OF HONG KONG	DNBSEQ-T7	PAIRED	RANDOM	GENOMIC	DNBSEQ	SAMN38650237	Agapornis personatus	SRP475764	PRJNA1048627	2024-03-04	36087.0	200.0
SRR27053115	WGS	THE UNIVERSITY OF HONG KONG	DNBSEQ-T7	PAIRED	RANDOM	GENOMIC	DNBSEQ	SAMN38650236	Agapornis personatus	SRP475764	PRJNA1048627	2024-03-04	35986.0	200.0
SRR27053116	WGS	THE UNIVERSITY OF HONG KONG	DNBSEQ-T7	PAIRED	RANDOM	GENOMIC	DNBSEQ	SAMN38650235	Agapornis personatus	SRP475764	PRJNA1048627	2024-03-04	32604.0	200.0
SRR27053117	WGS	THE UNIVERSITY OF HONG KONG	DNBSEQ-T7	PAIRED	RANDOM	GENOMIC	DNBSEQ	SAMN38650234	Agapornis personatus	SRP475764	PRJNA1048627	2024-03-04	43009.0	237.0
SRR27053119	WGS	THE UNIVERSITY OF HONG KONG	DNBSEQ-T7	PAIRED	RANDOM	GENOMIC	DNBSEQ	SAMN38650233	Agapornis personatus	SRP475764	PRJNA1048627	2024-03-04	30290.0	200.0
SRR27053120	WGS	THE UNIVERSITY OF HONG KONG	DNBSEQ-T7	PAIRED	RANDOM	GENOMIC	DNBSEQ	SAMN38650232	Agapornis personatus	SRP475764	PRJNA1048627	2024-03-04	35081.0	200.0
SRR27053121	WGS	THE UNIVERSITY OF HONG KONG	DNBSEQ-T7	PAIRED	RANDOM	GENOMIC	DNBSEQ	SAMN38650231	Agapornis personatus	SRP475764	PRJNA1048627	2024-03-04	35111.0	200.0
SRR27053122	WGS	THE UNIVERSITY OF HONG KONG	DNBSEQ-T7	PAIRED	RANDOM	GENOMIC	DNBSEQ	SAMN38650230	Agapornis personatus	SRP475764	PRJNA1048627	2024-03-04	41304.0	226.0
SRR27053123	WGS	THE UNIVERSITY OF HONG KONG	DNBSEQ-T7	PAIRED	RANDOM	GENOMIC	DNBSEQ	SAMN38650229	Agapornis personatus	SRP475764	PRJNA1048627	2024-03-04	35070.0	200.0
SRR27053124	WGS	THE UNIVERSITY OF HONG KONG	DNBSEQ-T7	PAIRED	RANDOM	GENOMIC	DNBSEQ	SAMN38650228	Agapornis personatus	SRP475764	PRJNA1048627	2024-03-04	41643.0	239.0
SRR27053146	WGS	THE UNIVERSITY OF HONG KONG	DNBSEQ-T7	PAIRED	RANDOM	GENOMIC	DNBSEQ	SAMN38650244	Agapornis personatus	SRP475764	PRJNA1048627	2024-03-04	36097.0	200.0
SRR31660515	WGS	SOUTHWEST UNIVERSITY	PromethION	SINGLE	RANDOM	GENOMIC	OXFORD_NANOPORE	SAMN45221902	Agapornis personatus	SRP550457	PRJNA1191657	2026-01-10	64669.0	10750.0
SRR37692947	WGS	UNIVERSITY OF KWAZULU NATAL, PIETERMARITZBURG, SOUTH AFRICA	Illumina NovaSeq 6000	PAIRED	RANDOM	GENOMIC	ILLUMINA	SAMN56587444	Agapornis personatus	SRP685122	PRJNA1439591	2026-03-31	5337.0	300.0
SRR37692948	WGS	UNIVERSITY OF KWAZULU NATAL, PIETERMARITZBURG, SOUTH AFRICA	Illumina NovaSeq 6000	PAIRED	RANDOM	GENOMIC	ILLUMINA	SAMN56587443	Agapornis personatus	SRP685122	PRJNA1439591	2026-03-31	5745.0	300.0
SRR37692949	WGS	UNIVERSITY OF KWAZULU NATAL, PIETERMARITZBURG, SOUTH AFRICA	Illumina NovaSeq 6000	PAIRED	RANDOM	GENOMIC	ILLUMINA	SAMN56587442	Agapornis personatus	SRP685122	PRJNA1439591	2026-03-31	3561.0	300.0
SRR37692950	WGS	UNIVERSITY OF KWAZULU NATAL, PIETERMARITZBURG, SOUTH AFRICA	Illumina NovaSeq 6000	PAIRED	RANDOM	GENOMIC	ILLUMINA	SAMN56587441	Agapornis personatus	SRP685122	PRJNA1439591	2026-03-31	3049.0	300.0
SRR37692961	WGS	UNIVERSITY OF KWAZULU NATAL, PIETERMARITZBURG, SOUTH AFRICA	Illumina NovaSeq 6000	PAIRED	RANDOM	GENOMIC	ILLUMINA	SAMN56587429	Agapornis personatus	SRP685122	PRJNA1439591	2026-03-31	12883.0	300.0
SRR37692994	WGS	UNIVERSITY OF KWAZULU NATAL, PIETERMARITZBURG, SOUTH AFRICA	Illumina NovaSeq 6000	PAIRED	RANDOM	GENOMIC	ILLUMINA	SAMN56587428	Agapornis personatus	SRP685122	PRJNA1439591	2026-03-31	10006.0	300.0
SRR37692995	WGS	UNIVERSITY OF KWAZULU NATAL, PIETERMARITZBURG, SOUTH AFRICA	Illumina NovaSeq 6000	PAIRED	RANDOM	GENOMIC	ILLUMINA	SAMN56587427	Agapornis personatus	SRP685122	PRJNA1439591	2026-03-31	13117.0	300.0
SRR37692996	WGS	UNIVERSITY OF KWAZULU NATAL, PIETERMARITZBURG, SOUTH AFRICA	Illumina NovaSeq 6000	PAIRED	RANDOM	GENOMIC	ILLUMINA	SAMN56587426	Agapornis personatus	SRP685122	PRJNA1439591	2026-03-31	10620.0	300.0
SRR37692997	WGS	UNIVERSITY OF KWAZULU NATAL, PIETERMARITZBURG, SOUTH AFRICA	Illumina NovaSeq 6000	PAIRED	RANDOM	GENOMIC	ILLUMINA	SAMN56587425	Agapornis personatus	SRP685122	PRJNA1439591	2026-03-31	6590.0	300.0
SRR37692998	WGS	UNIVERSITY OF KWAZULU NATAL, PIETERMARITZBURG, SOUTH AFRICA	Illumina NovaSeq 6000	PAIRED	RANDOM	GENOMIC	ILLUMINA	SAMN56587424	Agapornis personatus	SRP685122	PRJNA1439591	2026-03-31	4013.0	300.0
SRR37692999	WGS	UNIVERSITY OF KWAZULU NATAL, PIETERMARITZBURG, SOUTH AFRICA	Illumina NovaSeq 6000	PAIRED	RANDOM	GENOMIC	ILLUMINA	SAMN56587423	Agapornis personatus	SRP685122	PRJNA1439591	2026-03-31	12612.0	300.0
SRR37693001	WGS	UNIVERSITY OF KWAZULU NATAL, PIETERMARITZBURG, SOUTH AFRICA	Illumina NovaSeq 6000	PAIRED	RANDOM	GENOMIC	ILLUMINA	SAMN56587422	Agapornis personatus	SRP685122	PRJNA1439591	2026-03-31	4159.0	300.0
SRR37693043	WGS	UNIVERSITY OF KWAZULU NATAL, PIETERMARITZBURG, SOUTH AFRICA	Illumina NovaSeq 6000	PAIRED	RANDOM	GENOMIC	ILLUMINA	SAMN56587455	Agapornis personatus	SRP685122	PRJNA1439591	2026-03-31	3993.0	300.0
SRR37693045	WGS	UNIVERSITY OF KWAZULU NATAL, PIETERMARITZBURG, SOUTH AFRICA	Illumina NovaSeq 6000	PAIRED	RANDOM	GENOMIC	ILLUMINA	SAMN56587454	Agapornis personatus	SRP685122	PRJNA1439591	2026-03-31	5775.0	300.0
SRR37693046	WGS	UNIVERSITY OF KWAZULU NATAL, PIETERMARITZBURG, SOUTH AFRICA	Illumina NovaSeq 6000	PAIRED	RANDOM	GENOMIC	ILLUMINA	SAMN56587453	Agapornis personatus	SRP685122	PRJNA1439591	2026-03-31	6753.0	300.0
SRR37693047	WGS	UNIVERSITY OF KWAZULU NATAL, PIETERMARITZBURG, SOUTH AFRICA	Illumina NovaSeq 6000	PAIRED	RANDOM	GENOMIC	ILLUMINA	SAMN56587452	Agapornis personatus	SRP685122	PRJNA1439591	2026-03-31	3910.0	300.0
SRR37693048	WGS	UNIVERSITY OF KWAZULU NATAL, PIETERMARITZBURG, SOUTH AFRICA	Illumina NovaSeq 6000	PAIRED	RANDOM	GENOMIC	ILLUMINA	SAMN56587451	Agapornis personatus	SRP685122	PRJNA1439591	2026-03-31	5126.0	300.0
SRR37693049	WGS	UNIVERSITY OF KWAZULU NATAL, PIETERMARITZBURG, SOUTH AFRICA	Illumina NovaSeq 6000	PAIRED	RANDOM	GENOMIC	ILLUMINA	SAMN56587450	Agapornis personatus	SRP685122	PRJNA1439591	2026-03-31	6749.0	300.0
SRR37693050	WGS	UNIVERSITY OF KWAZULU NATAL, PIETERMARITZBURG, SOUTH AFRICA	Illumina NovaSeq 6000	PAIRED	RANDOM	GENOMIC	ILLUMINA	SAMN56587449	Agapornis personatus	SRP685122	PRJNA1439591	2026-03-31	4337.0	300.0
SRR37693051	WGS	UNIVERSITY OF KWAZULU NATAL, PIETERMARITZBURG, SOUTH AFRICA	Illumina NovaSeq 6000	PAIRED	RANDOM	GENOMIC	ILLUMINA	SAMN56587448	Agapornis personatus	SRP685122	PRJNA1439591	2026-03-31	5185.0	300.0
SRR37693052	WGS	UNIVERSITY OF KWAZULU NATAL, PIETERMARITZBURG, SOUTH AFRICA	Illumina NovaSeq 6000	PAIRED	RANDOM	GENOMIC	ILLUMINA	SAMN56587447	Agapornis personatus	SRP685122	PRJNA1439591	2026-03-31	3967.0	300.0
SRR37693053	WGS	UNIVERSITY OF KWAZULU NATAL, PIETERMARITZBURG, SOUTH AFRICA	Illumina NovaSeq 6000	PAIRED	RANDOM	GENOMIC	ILLUMINA	SAMN56587446	Agapornis personatus	SRP685122	PRJNA1439591	2026-03-31	4284.0	300.0
SRR37693054	WGS	UNIVERSITY OF KWAZULU NATAL, PIETERMARITZBURG, SOUTH AFRICA	Illumina NovaSeq 6000	PAIRED	RANDOM	GENOMIC	ILLUMINA	SAMN56587445	Agapornis personatus	SRP685122	PRJNA1439591	2026-03-31	5499.0	300.0
SRR13483830	WGS	AMNH	HiSeq X Ten	PAIRED	Hybrid Selection	GENOMIC	ILLUMINA	SAMN17062312	Agapornis pullarius	SRP302372	PRJNA692616	2023-03-27	499.0	188.0
SRR25700514	WGS	IRIDIAN GENOMES	HiSeq X Ten	PAIRED	RANDOM	GENOMIC	ILLUMINA	SAMN36687879	Agapornis pullarius	SRP455938	PRJNA703483	2023-08-19	36548.0	300.0
SRR24579547	WGS	HONG KONG UNIVERSITY	Illumina HiSeq 2500	PAIRED	unspecified	GENOMIC	ILLUMINA	SAMN35027620	Agapornis pullarius	SRP437930	PRJNA971241	2023-08-24	6198.0	251.0
SRR24579548	WGS	HONG KONG UNIVERSITY	Illumina HiSeq 2500	PAIRED	unspecified	GENOMIC	ILLUMINA	SAMN35027619	Agapornis pullarius	SRP437930	PRJNA971241	2023-08-24	4564.0	251.0
SRR24579549	WGS	HONG KONG UNIVERSITY	Illumina HiSeq 2500	PAIRED	unspecified	GENOMIC	ILLUMINA	SAMN35027618	Agapornis pullarius	SRP437930	PRJNA971241	2023-08-24	4959.0	251.0
SRR9021065	WGS	NORTH WEST UNIVERSITY	Illumina HiSeq 2000	SINGLE	PCR	GENOMIC	ILLUMINA	SAMN11584225	Agapornis roseicollis	SRP195687	PRJNA355979	2020-05-30	14082.0	250.0
SRR9021066	WGS	NORTH WEST UNIVERSITY	Illumina HiSeq 2000	SINGLE	PCR	GENOMIC	ILLUMINA	SAMN11584225	Agapornis roseicollis	SRP195687	PRJNA355979	2020-05-30	14140.0	250.0
SRR9021067	WGS	NORTH WEST UNIVERSITY	Illumina HiSeq 2000	SINGLE	PCR	GENOMIC	ILLUMINA	SAMN11584225	Agapornis roseicollis	SRP195687	PRJNA355979	2020-05-30	13323.0	250.0
SRR9021068	WGS	NORTH WEST UNIVERSITY	Illumina HiSeq 2000	SINGLE	PCR	GENOMIC	ILLUMINA	SAMN11584225	Agapornis roseicollis	SRP195687	PRJNA355979	2020-05-30	13375.0	250.0
SRR9021069	WGS	NORTH WEST UNIVERSITY	Illumina HiSeq 2000	SINGLE	PCR	GENOMIC	ILLUMINA	SAMN11584224	Agapornis roseicollis	SRP195687	PRJNA355979	2020-05-30	16221.0	250.0
SRR9021070	WGS	NORTH WEST UNIVERSITY	Illumina HiSeq 2000	SINGLE	PCR	GENOMIC	ILLUMINA	SAMN11584224	Agapornis roseicollis	SRP195687	PRJNA355979	2020-05-30	16259.0	250.0
SRR9021071	WGS	NORTH WEST UNIVERSITY	Illumina HiSeq 2000	SINGLE	PCR	GENOMIC	ILLUMINA	SAMN11584224	Agapornis roseicollis	SRP195687	PRJNA355979	2020-05-30	18243.0	250.0
SRR9021072	WGS	NORTH WEST UNIVERSITY	Illumina HiSeq 2000	SINGLE	PCR	GENOMIC	ILLUMINA	SAMN11584224	Agapornis roseicollis	SRP195687	PRJNA355979	2020-05-30	18276.0	250.0
SRR13037725	WGS	IRIDIAN GENOMES	HiSeq X Ten	PAIRED	RANDOM	GENOMIC	ILLUMINA	SAMN16756440	Agapornis roseicollis	SRP292226	PRJNA676153	2020-11-11	17725.0	300.0
SRR13753101	WGS	IRIDIAN GENOMES	HiSeq X Ten	PAIRED	RANDOM	GENOMIC	ILLUMINA	SAMN16756440	Agapornis roseicollis	SRP292226	PRJNA676153	2021-02-20	19471.0	300.0
SRR17211437	RNA-Seq	CHARLES UNIVERSITY, FACULTY OF SCIENCE	NextSeq 500	PAIRED	PolyA	TRANSCRIPTOMIC	ILLUMINA	SAMN23963150	Agapornis roseicollis	SRP350453	PRJNA788332	2021-12-13	12502.0	160.0
SRR13483909	WGS	AMNH	HiSeq X Ten	PAIRED	Hybrid Selection	GENOMIC	ILLUMINA	SAMN17062305	Agapornis roseicollis	SRP302372	PRJNA692616	2023-03-27	164.0	201.0
SRR24579542	WGS	HONG KONG UNIVERSITY	Illumina HiSeq 2500	PAIRED	unspecified	GENOMIC	ILLUMINA	SAMN35027624	Agapornis roseicollis	SRP437930	PRJNA971241	2023-08-24	5164.0	251.0
SRR24579543	WGS	HONG KONG UNIVERSITY	Illumina HiSeq 2500	PAIRED	unspecified	GENOMIC	ILLUMINA	SAMN35027623	Agapornis roseicollis	SRP437930	PRJNA971241	2023-08-24	5070.0	251.0
SRR24579544	WGS	HONG KONG UNIVERSITY	Illumina HiSeq 2500	PAIRED	unspecified	GENOMIC	ILLUMINA	SAMN35027622	Agapornis roseicollis	SRP437930	PRJNA971241	2023-08-24	4723.0	251.0
SRR24579545	WGS	HONG KONG UNIVERSITY	Illumina HiSeq 2500	PAIRED	unspecified	GENOMIC	ILLUMINA	SAMN35027621	Agapornis roseicollis	SRP437930	PRJNA971241	2023-08-24	4526.0	251.0
SRR24579585	WGS	HONG KONG UNIVERSITY	Illumina HiSeq 2500	PAIRED	unspecified	GENOMIC	ILLUMINA	SAMN35027625	Agapornis roseicollis	SRP437930	PRJNA971241	2023-08-24	5660.0	251.0
SRR26586302	WGA	ARIZONA STATE UNIVERSITY	Illumina NovaSeq X Plus	PAIRED	5-methylcytidine antibody	METAGENOMIC	ILLUMINA	SAMN38041195	Agapornis roseicollis	SRP469144	PRJNA1033669	2023-10-30	0.0	301.0
SRR30984400	WGS	SOUTHWEST UNIVERSITY	DNBSEQ-T7	PAIRED	RANDOM	GENOMIC	DNBSEQ	SAMN44269842	Agapornis roseicollis	SRP538434	PRJNA1172365	2025-10-01	52439.0	300.0
SRR30984401	WGS	SOUTHWEST UNIVERSITY	DNBSEQ-T7	PAIRED	RANDOM	GENOMIC	DNBSEQ	SAMN44269842	Agapornis roseicollis	SRP538434	PRJNA1172365	2025-10-01	81869.0	300.0
SRR30984402	WGS	SOUTHWEST UNIVERSITY	PromethION	SINGLE	RANDOM	GENOMIC	OXFORD_NANOPORE	SAMN44269842	Agapornis roseicollis	SRP538434	PRJNA1172365	2025-10-01	49229.0	33546.0
SRR31414895	WGS	SOUTHWEST UNIVERSITY	DNBSEQ-T7	PAIRED	RANDOM	TRANSCRIPTOMIC	DNBSEQ	SAMN44814961	Agapornis roseicollis	SRP538434	PRJNA1172365	2025-10-01	14019.0	298.0
SRR31414896	WGS	SOUTHWEST UNIVERSITY	DNBSEQ-T7	PAIRED	RANDOM	TRANSCRIPTOMIC	DNBSEQ	SAMN44814960	Agapornis roseicollis	SRP538434	PRJNA1172365	2025-10-01	18168.0	299.0
SRR31414897	WGS	SOUTHWEST UNIVERSITY	DNBSEQ-T7	PAIRED	RANDOM	TRANSCRIPTOMIC	DNBSEQ	SAMN44814959	Agapornis roseicollis	SRP538434	PRJNA1172365	2025-10-01	17754.0	298.0
SRR31414898	WGS	SOUTHWEST UNIVERSITY	DNBSEQ-T7	PAIRED	RANDOM	TRANSCRIPTOMIC	DNBSEQ	SAMN44814958	Agapornis roseicollis	SRP538434	PRJNA1172365	2025-10-01	12117.0	298.0
SRR31414899	WGS	SOUTHWEST UNIVERSITY	DNBSEQ-T7	PAIRED	RANDOM	TRANSCRIPTOMIC	DNBSEQ	SAMN44814957	Agapornis roseicollis	SRP538434	PRJNA1172365	2025-10-01	15415.0	298.0
SRR31414909	WGS	SOUTHWEST UNIVERSITY	DNBSEQ-T7	PAIRED	RANDOM	TRANSCRIPTOMIC	DNBSEQ	SAMN44814956	Agapornis roseicollis	SRP538434	PRJNA1172365	2025-10-01	13960.0	298.0
SRR31414914	WGS	SOUTHWEST UNIVERSITY	DNBSEQ-T7	PAIRED	RANDOM	GENOMIC	DNBSEQ	SAMN44814978	Agapornis roseicollis	SRP538434	PRJNA1172365	2025-10-01	9644.0	292.0
SRR31414915	WGS	SOUTHWEST UNIVERSITY	DNBSEQ-T7	PAIRED	RANDOM	GENOMIC	DNBSEQ	SAMN44814977	Agapornis roseicollis	SRP538434	PRJNA1172365	2025-10-01	9257.0	294.0
SRR31414916	WGS	SOUTHWEST UNIVERSITY	DNBSEQ-T7	PAIRED	RANDOM	GENOMIC	DNBSEQ	SAMN44814976	Agapornis roseicollis	SRP538434	PRJNA1172365	2025-10-01	9419.0	284.0
SRR31414917	WGS	SOUTHWEST UNIVERSITY	DNBSEQ-T7	PAIRED	RANDOM	GENOMIC	DNBSEQ	SAMN44814975	Agapornis roseicollis	SRP538434	PRJNA1172365	2025-10-01	9574.0	289.0
SRR31414918	WGS	SOUTHWEST UNIVERSITY	DNBSEQ-T7	PAIRED	RANDOM	GENOMIC	DNBSEQ	SAMN44814974	Agapornis roseicollis	SRP538434	PRJNA1172365	2025-10-01	8827.0	292.0
SRR31414919	WGS	SOUTHWEST UNIVERSITY	DNBSEQ-T7	PAIRED	RANDOM	GENOMIC	DNBSEQ	SAMN44814973	Agapornis roseicollis	SRP538434	PRJNA1172365	2025-10-01	9074.0	289.0
SRR31414920	WGS	SOUTHWEST UNIVERSITY	DNBSEQ-T7	PAIRED	RANDOM	TRANSCRIPTOMIC	DNBSEQ	SAMN44814955	Agapornis roseicollis	SRP538434	PRJNA1172365	2025-10-01	12923.0	298.0
SRR31414921	WGS	SOUTHWEST UNIVERSITY	DNBSEQ-T7	PAIRED	RANDOM	GENOMIC	DNBSEQ	SAMN44814972	Agapornis roseicollis	SRP538434	PRJNA1172365	2025-10-01	9959.0	297.0
SRR31414922	WGS	SOUTHWEST UNIVERSITY	DNBSEQ-T7	PAIRED	RANDOM	GENOMIC	DNBSEQ	SAMN44814971	Agapornis roseicollis	SRP538434	PRJNA1172365	2025-10-01	9055.0	295.0
SRR31414931	WGS	SOUTHWEST UNIVERSITY	DNBSEQ-T7	PAIRED	RANDOM	TRANSCRIPTOMIC	DNBSEQ	SAMN44814954	Agapornis roseicollis	SRP538434	PRJNA1172365	2025-10-01	13063.0	298.0
SRR31414932	WGS	SOUTHWEST UNIVERSITY	DNBSEQ-T7	PAIRED	RANDOM	TRANSCRIPTOMIC	DNBSEQ	SAMN44814953	Agapornis roseicollis	SRP538434	PRJNA1172365	2025-10-01	12597.0	298.0
SRR24579574	WGS	HONG KONG UNIVERSITY	Illumina HiSeq 2500	PAIRED	unspecified	GENOMIC	ILLUMINA	SAMN35027635	Agapornis roseicollis x Agapornis fischeri	SRP437930	PRJNA971241	2023-08-24	8386.0	300.0
SRR24579575	WGS	HONG KONG UNIVERSITY	Illumina HiSeq 2500	PAIRED	unspecified	GENOMIC	ILLUMINA	SAMN35027634	Agapornis roseicollis x Agapornis fischeri	SRP437930	PRJNA971241	2023-08-24	8474.0	300.0
SRR24579576	WGS	HONG KONG UNIVERSITY	Illumina HiSeq 2500	PAIRED	unspecified	GENOMIC	ILLUMINA	SAMN35027633	Agapornis roseicollis x Agapornis fischeri	SRP437930	PRJNA971241	2023-08-24	8541.0	300.0
SRR37692990	WGS	UNIVERSITY OF KWAZULU NATAL, PIETERMARITZBURG, SOUTH AFRICA	Illumina NovaSeq 6000	PAIRED	RANDOM	GENOMIC	ILLUMINA	SAMN56587370	Agapornis sp.	SRP685122	PRJNA1439591	2026-03-31	7711.0	300.0
SRR37692992	WGS	UNIVERSITY OF KWAZULU NATAL, PIETERMARITZBURG, SOUTH AFRICA	Illumina NovaSeq 6000	PAIRED	RANDOM	GENOMIC	ILLUMINA	SAMN56587369	Agapornis sp.	SRP685122	PRJNA1439591	2026-03-31	7028.0	300.0
SRR37692993	WGS	UNIVERSITY OF KWAZULU NATAL, PIETERMARITZBURG, SOUTH AFRICA	Illumina NovaSeq 6000	PAIRED	RANDOM	GENOMIC	ILLUMINA	SAMN56587368	Agapornis sp.	SRP685122	PRJNA1439591	2026-03-31	3496.0	300.0
SRR37693026	WGS	UNIVERSITY OF KWAZULU NATAL, PIETERMARITZBURG, SOUTH AFRICA	Illumina NovaSeq 6000	PAIRED	RANDOM	GENOMIC	ILLUMINA	SAMN56587367	Agapornis sp.	SRP685122	PRJNA1439591	2026-03-31	3548.0	300.0
SRR37693034	WGS	UNIVERSITY OF KWAZULU NATAL, PIETERMARITZBURG, SOUTH AFRICA	Illumina NovaSeq 6000	PAIRED	RANDOM	GENOMIC	ILLUMINA	SAMN56587366	Agapornis sp.	SRP685122	PRJNA1439591	2026-03-31	4295.0	300.0
SRR25700359	WGS	IRIDIAN GENOMES	HiSeq X Ten	PAIRED	RANDOM	GENOMIC	ILLUMINA	SAMN37054378	Agapornis swindernianus	SRP455914	PRJNA703484	2023-08-19	21334.0	300.0
SRR24579583	WGS	HONG KONG UNIVERSITY	Illumina HiSeq 2500	PAIRED	unspecified	GENOMIC	ILLUMINA	SAMN35027627	Agapornis swindernianus	SRP437930	PRJNA971241	2023-08-24	2054.0	251.0
SRR24579584	WGS	HONG KONG UNIVERSITY	Illumina HiSeq 2500	PAIRED	unspecified	GENOMIC	ILLUMINA	SAMN35027626	Agapornis swindernianus	SRP437930	PRJNA971241	2023-08-24	2187.0	251.0
SRR13483819	WGS	AMNH	HiSeq X Ten	PAIRED	Hybrid Selection	GENOMIC	ILLUMINA	SAMN17062313	Agapornis swindernianus zenkeri	SRP302372	PRJNA692616	2023-03-27	687.0	196.0
SRR17850486	Bisulfite-Seq	GEO	Illumina HiSeq 3000	SINGLE	Reduced Representation	GENOMIC	ILLUMINA	SAMN25559672	Agapornis taranta	SRP357738	PRJNA802599	2022-06-19	749.0	51.0
SRR17850487	Bisulfite-Seq	GEO	Illumina HiSeq 3000	SINGLE	Reduced Representation	GENOMIC	ILLUMINA	SAMN25559673	Agapornis taranta	SRP357738	PRJNA802599	2022-06-19	1514.0	51.0
SRR17850488	Bisulfite-Seq	GEO	Illumina HiSeq 3000	SINGLE	Reduced Representation	GENOMIC	ILLUMINA	SAMN25559674	Agapornis taranta	SRP357738	PRJNA802599	2022-06-19	1485.0	61.0
SRR13483808	WGS	AMNH	Illumina HiSeq 3000	PAIRED	Hybrid Selection	GENOMIC	ILLUMINA	SAMN17062314	Agapornis taranta	SRP302372	PRJNA692616	2023-03-27	433.0	195.0
SRR25700513	WGS	IRIDIAN GENOMES	HiSeq X Ten	PAIRED	RANDOM	GENOMIC	ILLUMINA	SAMN37054381	Agapornis taranta	SRP455937	PRJNA703485	2023-08-19	23279.0	300.0
SRR24579580	WGS	HONG KONG UNIVERSITY	Illumina HiSeq 2500	PAIRED	unspecified	GENOMIC	ILLUMINA	SAMN35027630	Agapornis taranta	SRP437930	PRJNA971241	2023-08-24	2838.0	251.0
SRR24579581	WGS	HONG KONG UNIVERSITY	Illumina HiSeq 2500	PAIRED	unspecified	GENOMIC	ILLUMINA	SAMN35027629	Agapornis taranta	SRP437930	PRJNA971241	2023-08-24	2337.0	251.0
SRR24579582	WGS	HONG KONG UNIVERSITY	Illumina HiSeq 2500	PAIRED	unspecified	GENOMIC	ILLUMINA	SAMN35027628	Agapornis taranta	SRP437930	PRJNA971241	2023-08-24	3084.0	251.0
SRR32619975	WGS	SOUTHWEST UNIVERSITY	PromethION	SINGLE	RANDOM	GENOMIC	OXFORD_NANOPORE	SAMN47254512	Agapornis taranta	SRP550457	PRJNA1191657	2026-05-29	68974.0	8696.0
SRR13483785	WGS	AMNH	HiSeq X Ten	PAIRED	Hybrid Selection	GENOMIC	ILLUMINA	SAMN17062316	Alipiopsitta xanthops	SRP302372	PRJNA692616	2023-03-27	122.0	191.0
SRR25665165	WGS	IRIDIAN GENOMES	HiSeq X Ten	PAIRED	RANDOM	GENOMIC	ILLUMINA	SAMN37032686	Alipiopsitta xanthops	SRP455619	PRJNA703486	2023-08-17	14872.0	300.0
SRR13483897	WGS	AMNH	HiSeq X Ten	PAIRED	Hybrid Selection	GENOMIC	ILLUMINA	SAMN17062297	Alisterus amboinensis	SRP302372	PRJNA692616	2023-03-27	837.0	201.0
SRR13483797	WGS	AMNH	HiSeq X Ten	PAIRED	Hybrid Selection	GENOMIC	ILLUMINA	SAMN17062315	Alisterus chloropterus callopterus	SRP302372	PRJNA692616	2023-03-27	255.0	201.0
SRR13483940	WGS	AMNH	HiSeq X Ten	PAIRED	Hybrid Selection	GENOMIC	ILLUMINA	SAMN17062357	Alisterus scapularis	SRP302372	PRJNA692616	2023-03-27	734.0	277.0
SRR30832437	WGS	AMERICAN MUSEUM OF NATURAL HISTORY	HiSeq X Ten	PAIRED	RANDOM	GENOMIC	ILLUMINA	SAMN43512921	Alisterus scapularis	SRP535600	PRJNA1157411	2025-10-31	4774.0	300.0
SRR30832446	WGS	AMERICAN MUSEUM OF NATURAL HISTORY	HiSeq X Ten	PAIRED	RANDOM	GENOMIC	ILLUMINA	SAMN43512925	Alisterus scapularis	SRP535600	PRJNA1157411	2025-10-31	7949.0	300.0
SRR30832448	WGS	AMERICAN MUSEUM OF NATURAL HISTORY	HiSeq X Ten	PAIRED	RANDOM	GENOMIC	ILLUMINA	SAMN43512923	Alisterus scapularis	SRP535600	PRJNA1157411	2025-10-31	4128.0	300.0
SRR30881305	Targeted-Capture	AMERICAN MUSEUM OF NATURAL HISTORY	HiSeq X Ten	PAIRED	unspecified	GENOMIC	ILLUMINA	SAMN44049191	Alisterus scapularis	SRP535600	PRJNA1157411	2025-11-30	652.0	284.0
SRR30881306	Targeted-Capture	AMERICAN MUSEUM OF NATURAL HISTORY	HiSeq X Ten	PAIRED	unspecified	GENOMIC	ILLUMINA	SAMN44049190	Alisterus scapularis	SRP535600	PRJNA1157411	2025-11-30	456.0	288.0
SRR30881307	Targeted-Capture	AMERICAN MUSEUM OF NATURAL HISTORY	HiSeq X Ten	PAIRED	unspecified	GENOMIC	ILLUMINA	SAMN44049189	Alisterus scapularis	SRP535600	PRJNA1157411	2025-11-30	347.0	287.0
SRR30881352	Targeted-Capture	AMERICAN MUSEUM OF NATURAL HISTORY	HiSeq X Ten	PAIRED	unspecified	GENOMIC	ILLUMINA	SAMN44049140	Alisterus scapularis	SRP535600	PRJNA1157411	2025-11-30	888.0	287.0
SRR30881353	Targeted-Capture	AMERICAN MUSEUM OF NATURAL HISTORY	HiSeq X Ten	PAIRED	unspecified	GENOMIC	ILLUMINA	SAMN44049139	Alisterus scapularis	SRP535600	PRJNA1157411	2025-11-30	441.0	287.0
SRR13480367	Hi-C	UNIVERSITY OF VIENNA	HiSeq X Ten	PAIRED	RANDOM	GENOMIC	ILLUMINA	SAMN17376699	Amazona aestiva	SRP293459	PRJNA679636	2021-01-19	113642.0	300.0
SRR18212400	WGS	IRIDIAN GENOMES	HiSeq X Ten	PAIRED	RANDOM	GENOMIC	ILLUMINA	SAMN18613271	Amazona aestiva	SRP362298	PRJNA703490	2022-03-03	33696.0	300.0
SRR13483774	WGS	AMNH	HiSeq X Ten	PAIRED	Hybrid Selection	GENOMIC	ILLUMINA	SAMN17062317	Amazona aestiva	SRP302372	PRJNA692616	2023-03-27	110.0	192.0
SRR39077898	Targeted-Capture	UNIVERSITY OF CALIFORNIA, LOS ANGELES	Illumina HiSeq X	PAIRED	other	GENOMIC	ILLUMINA	SAMN60646468	Amazona aff. oratrix oratrix East	SRP708194	PRJNA1475542	2026-06-09	19.0	302.0
SRR39077899	Targeted-Capture	UNIVERSITY OF CALIFORNIA, LOS ANGELES	Illumina HiSeq X	PAIRED	other	GENOMIC	ILLUMINA	SAMN60646467	Amazona aff. oratrix oratrix East	SRP708194	PRJNA1475542	2026-06-09	11.0	302.0
SRR39077900	Targeted-Capture	UNIVERSITY OF CALIFORNIA, LOS ANGELES	Illumina HiSeq X	PAIRED	other	GENOMIC	ILLUMINA	SAMN60646466	Amazona aff. oratrix oratrix East	SRP708194	PRJNA1475542	2026-06-09	27.0	302.0
SRR39077901	Targeted-Capture	UNIVERSITY OF CALIFORNIA, LOS ANGELES	Illumina HiSeq X	PAIRED	other	GENOMIC	ILLUMINA	SAMN60646465	Amazona aff. oratrix oratrix East	SRP708194	PRJNA1475542	2026-06-09	45.0	302.0
SRR39077940	Targeted-Capture	UNIVERSITY OF CALIFORNIA, LOS ANGELES	Illumina HiSeq X	PAIRED	other	GENOMIC	ILLUMINA	SAMN60646478	Amazona aff. oratrix oratrix East	SRP708194	PRJNA1475542	2026-06-09	476.0	302.0
SRR39077941	Targeted-Capture	UNIVERSITY OF CALIFORNIA, LOS ANGELES	Illumina HiSeq X	PAIRED	other	GENOMIC	ILLUMINA	SAMN60646477	Amazona aff. oratrix oratrix East	SRP708194	PRJNA1475542	2026-06-09	37.0	302.0
SRR39077945	Targeted-Capture	UNIVERSITY OF CALIFORNIA, LOS ANGELES	Illumina HiSeq X	PAIRED	other	GENOMIC	ILLUMINA	SAMN60646473	Amazona aff. oratrix oratrix East	SRP708194	PRJNA1475542	2026-06-09	45.0	302.0
SRR39077947	Targeted-Capture	UNIVERSITY OF CALIFORNIA, LOS ANGELES	Illumina HiSeq X	PAIRED	other	GENOMIC	ILLUMINA	SAMN60646471	Amazona aff. oratrix oratrix East	SRP708194	PRJNA1475542	2026-06-09	43.0	302.0
SRR39077948	Targeted-Capture	UNIVERSITY OF CALIFORNIA, LOS ANGELES	Illumina HiSeq X	PAIRED	other	GENOMIC	ILLUMINA	SAMN60646470	Amazona aff. oratrix oratrix East	SRP708194	PRJNA1475542	2026-06-09	4.0	302.0
SRR39077949	Targeted-Capture	UNIVERSITY OF CALIFORNIA, LOS ANGELES	Illumina HiSeq X	PAIRED	other	GENOMIC	ILLUMINA	SAMN60646469	Amazona aff. oratrix oratrix East	SRP708194	PRJNA1475542	2026-06-09	91.0	302.0
SRR39077950	Targeted-Capture	UNIVERSITY OF CALIFORNIA, LOS ANGELES	Illumina HiSeq X	PAIRED	other	GENOMIC	ILLUMINA	SAMN60646460	Amazona aff. oratrix oratrix East	SRP708194	PRJNA1475542	2026-06-09	41.0	302.0
SRR39077906	Targeted-Capture	UNIVERSITY OF CALIFORNIA, LOS ANGELES	Illumina HiSeq X	PAIRED	other	GENOMIC	ILLUMINA	SAMN60646464	Amazona aff. oratrix oratrix West	SRP708194	PRJNA1475542	2026-06-09	374.0	302.0
SRR39077917	Targeted-Capture	UNIVERSITY OF CALIFORNIA, LOS ANGELES	Illumina HiSeq X	PAIRED	other	GENOMIC	ILLUMINA	SAMN60646463	Amazona aff. oratrix oratrix West	SRP708194	PRJNA1475542	2026-06-09	393.0	302.0
SRR39077938	Targeted-Capture	UNIVERSITY OF CALIFORNIA, LOS ANGELES	Illumina HiSeq X	PAIRED	other	GENOMIC	ILLUMINA	SAMN60646479	Amazona aff. oratrix oratrix West	SRP708194	PRJNA1475542	2026-06-09	361.0	302.0
SRR39077939	Targeted-Capture	UNIVERSITY OF CALIFORNIA, LOS ANGELES	Illumina HiSeq X	PAIRED	other	GENOMIC	ILLUMINA	SAMN60646461	Amazona aff. oratrix oratrix West	SRP708194	PRJNA1475542	2026-06-09	534.0	302.0
SRR39077942	Targeted-Capture	UNIVERSITY OF CALIFORNIA, LOS ANGELES	Illumina HiSeq X	PAIRED	other	GENOMIC	ILLUMINA	SAMN60646476	Amazona aff. oratrix oratrix West	SRP708194	PRJNA1475542	2026-06-09	103.0	302.0
SRR39077943	Targeted-Capture	UNIVERSITY OF CALIFORNIA, LOS ANGELES	Illumina HiSeq X	PAIRED	other	GENOMIC	ILLUMINA	SAMN60646475	Amazona aff. oratrix oratrix West	SRP708194	PRJNA1475542	2026-06-09	65.0	302.0
SRR39077944	Targeted-Capture	UNIVERSITY OF CALIFORNIA, LOS ANGELES	Illumina HiSeq X	PAIRED	other	GENOMIC	ILLUMINA	SAMN60646474	Amazona aff. oratrix oratrix West	SRP708194	PRJNA1475542	2026-06-09	46.0	302.0
SRR39077946	Targeted-Capture	UNIVERSITY OF CALIFORNIA, LOS ANGELES	Illumina HiSeq X	PAIRED	other	GENOMIC	ILLUMINA	SAMN60646472	Amazona aff. oratrix oratrix West	SRP708194	PRJNA1475542	2026-06-09	14.0	302.0
SRR17850512	Bisulfite-Seq	GEO	Illumina HiSeq 3000	SINGLE	Reduced Representation	GENOMIC	ILLUMINA	SAMN25559515	Amazona agilis	SRP357738	PRJNA802599	2022-06-19	1134.0	61.0
SRR17850513	Bisulfite-Seq	GEO	Illumina HiSeq 3000	SINGLE	Reduced Representation	GENOMIC	ILLUMINA	SAMN25559516	Amazona agilis	SRP357738	PRJNA802599	2022-06-19	604.0	51.0
SRR17850514	Bisulfite-Seq	GEO	Illumina HiSeq 3000	SINGLE	Reduced Representation	GENOMIC	ILLUMINA	SAMN25559517	Amazona agilis	SRP357738	PRJNA802599	2022-06-19	1192.0	61.0
SRR17850518	Bisulfite-Seq	GEO	Illumina HiSeq 3000	SINGLE	Reduced Representation	GENOMIC	ILLUMINA	SAMN25561358	Amazona agilis	SRP357738	PRJNA802599	2022-06-19	1140.0	61.0
SRR17850519	Bisulfite-Seq	GEO	Illumina HiSeq 3000	SINGLE	Reduced Representation	GENOMIC	ILLUMINA	SAMN25561359	Amazona agilis	SRP357738	PRJNA802599	2022-06-19	1148.0	51.0
SRR13483763	WGS	AMNH	HiSeq X Ten	PAIRED	Hybrid Selection	GENOMIC	ILLUMINA	SAMN17062318	Amazona agilis	SRP302372	PRJNA692616	2023-03-27	311.0	189.0
SRR13483752	WGS	AMNH	HiSeq X Ten	PAIRED	Hybrid Selection	GENOMIC	ILLUMINA	SAMN17062319	Amazona albifrons	SRP302372	PRJNA692616	2023-03-27	123.0	191.0
SRR1182790	WGA	THE AUSTRALIAN NATIONAL UNIVERSITY	Illumina MiSeq	PAIRED	Hybrid Selection	GENOMIC	ILLUMINA	SAMN02662087	Amazona amazonica	SRP039333	PRJNA239759	2014-03-31	55.0	318.0
SRR23707217	WGS	IRIDIAN GENOMES	HiSeq X Ten	PAIRED	RANDOM	GENOMIC	ILLUMINA	SAMN18613272	Amazona amazonica	SRP425825	PRJNA703493	2023-03-06	18560.0	300.0
SRR13483741	WGS	AMNH	HiSeq X Ten	PAIRED	Hybrid Selection	GENOMIC	ILLUMINA	SAMN17062320	Amazona amazonica	SRP302372	PRJNA692616	2023-03-27	101.0	190.0
SRR13483653	WGS	AMNH	HiSeq X Ten	PAIRED	Hybrid Selection	GENOMIC	ILLUMINA	SAMN17062616	Amazona arausiaca	SRP302372	PRJNA692616	2023-03-27	296.0	179.0
SRR13483730	WGS	AMNH	Illumina HiSeq 3000	PAIRED	Hybrid Selection	GENOMIC	ILLUMINA	SAMN17062321	Amazona auropalliata	SRP302372	PRJNA692616	2023-03-27	138.0	192.0
SRR24580324	WGS	IRIDIAN GENOMES	HiSeq X Ten	PAIRED	RANDOM	GENOMIC	ILLUMINA	SAMN35104375	Amazona auropalliata	SRP437960	PRJNA703495	2023-05-16	20808.0	300.0
SRR39077928	Targeted-Capture	UNIVERSITY OF CALIFORNIA, LOS ANGELES	Illumina HiSeq X	PAIRED	other	GENOMIC	ILLUMINA	SAMN60646462	Amazona auropalliata	SRP708194	PRJNA1475542	2026-06-09	572.0	302.0
SRR8236658	WGS	LOUISIANA STATE UNIVERSITY	Illumina HiSeq 2000	PAIRED	Hybrid Selection	GENOMIC	ILLUMINA	SAMN10450277	Amazona autumnalis	SRP170078	PRJNA480834	2018-11-21	314.0	200.0
SRR14455218	Targeted-Capture	NATIONAL EYE INSTITUTE	Illumina MiSeq	PAIRED	Hybrid Selection	GENOMIC	ILLUMINA	SAMN19022577	Amazona autumnalis	SRP318695	PRJNA727529	2021-08-24	191.0	493.0
SRR14455229	Targeted-Capture	NATIONAL EYE INSTITUTE	Illumina MiSeq	PAIRED	Hybrid Selection	GENOMIC	ILLUMINA	SAMN19022577	Amazona autumnalis	SRP318695	PRJNA727529	2021-08-24	193.0	588.0
SRR17454420	WGS	IRIDIAN GENOMES	HiSeq X Ten	PAIRED	RANDOM	GENOMIC	ILLUMINA	SAMN18863654	Amazona autumnalis	SRP353659	PRJNA703496	2022-01-05	20600.0	300.0
SRR13483650	WGS	AMNH	HiSeq X Ten	PAIRED	Hybrid Selection	GENOMIC	ILLUMINA	SAMN17062618	Amazona autumnalis	SRP302372	PRJNA692616	2023-03-27	4584.0	266.0
SRR13483651	WGS	AMNH	HiSeq X Ten	PAIRED	Hybrid Selection	GENOMIC	ILLUMINA	SAMN17062617	Amazona barbadensis	SRP302372	PRJNA692616	2023-03-27	1388.0	249.0
SRR13483719	WGS	AMNH	HiSeq X Ten	PAIRED	Hybrid Selection	GENOMIC	ILLUMINA	SAMN17062322	Amazona brasiliensis	SRP302372	PRJNA692616	2023-03-27	120.0	182.0
SRR13483708	WGS	AMNH	HiSeq X Ten	PAIRED	Hybrid Selection	GENOMIC	ILLUMINA	SAMN17062323	Amazona collaria	SRP302372	PRJNA692616	2023-03-27	386.0	191.0
SRR13483902	WGS	AMNH	HiSeq X Ten	PAIRED	Hybrid Selection	GENOMIC	ILLUMINA	SAMN17062392	Amazona diadema	SRP302372	PRJNA692616	2023-03-27	224.0	158.0
SRR13483697	WGS	AMNH	HiSeq X Ten	PAIRED	Hybrid Selection	GENOMIC	ILLUMINA	SAMN17062324	Amazona dufresniana	SRP302372	PRJNA692616	2023-03-27	294.0	193.0
SRR13483882	WGS	AMNH	HiSeq X Ten	PAIRED	Hybrid Selection	GENOMIC	ILLUMINA	SAMN17062408	Amazona farinosa	SRP302372	PRJNA692616	2023-03-27	973.0	256.0
SRR24581080	WGS	IRIDIAN GENOMES	HiSeq X Ten	PAIRED	RANDOM	GENOMIC	ILLUMINA	SAMN35104376	Amazona farinosa	SRP437967	PRJNA703501	2023-05-16	22714.0	300.0
SRR25724491	Targeted-Capture	UNIVERSIDAD DE ZARAGOZA	NextSeq 500	PAIRED	PCR	GENOMIC	ILLUMINA	SAMN37108956	Amazona farinosa	SRP456330	PRJNA1008069	2025-12-19	85.0	136.0
SRR23707412	WGS	IRIDIAN GENOMES	HiSeq X Ten	PAIRED	RANDOM	GENOMIC	ILLUMINA	SAMN32398547	Amazona festiva	SRP425835	PRJNA703502	2023-03-06	20625.0	300.0
SRR13483674	WGS	AMNH	HiSeq X Ten	PAIRED	Hybrid Selection	GENOMIC	ILLUMINA	SAMN17062326	Amazona festiva	SRP302372	PRJNA692616	2023-03-27	178.0	191.0
SRR23707377	WGS	IRIDIAN GENOMES	HiSeq X Ten	PAIRED	RANDOM	GENOMIC	ILLUMINA	SAMN33593707	Amazona finschi	SRP425832	PRJNA703503	2023-03-06	28276.0	300.0
SRR13483663	WGS	AMNH	HiSeq X Ten	PAIRED	Hybrid Selection	GENOMIC	ILLUMINA	SAMN17062327	Amazona finschi	SRP302372	PRJNA692616	2023-03-27	191.0	194.0
SRR9946657	WGS	B10K CONSORTIUM	Illumina HiSeq 2000	PAIRED	RANDOM	GENOMIC	ILLUMINA	SAMN12253802	Amazona guildingii	SRP216675	PRJNA545868	2020-03-31	19382.0	98.0
SRR9947143	WGS	B10K CONSORTIUM	Illumina HiSeq 2000	PAIRED	RANDOM	GENOMIC	ILLUMINA	SAMN12253802	Amazona guildingii	SRP216675	PRJNA545868	2020-03-31	14084.0	300.0
SRR9947144	WGS	B10K CONSORTIUM	Illumina HiSeq 2000	PAIRED	RANDOM	GENOMIC	ILLUMINA	SAMN12253802	Amazona guildingii	SRP216675	PRJNA545868	2020-03-31	14046.0	300.0
SRR13483652	WGS	AMNH	HiSeq X Ten	PAIRED	Hybrid Selection	GENOMIC	ILLUMINA	SAMN17062328	Amazona guildingii	SRP302372	PRJNA692616	2023-03-27	216.0	192.0
SRR25656849	WGS	IRIDIAN GENOMES	HiSeq X Ten	PAIRED	RANDOM	GENOMIC	ILLUMINA	SAMN37001146	Amazona guildingii	SRP455400	PRJNA703506	2023-08-16	26236.0	300.0
SRR13483667	WGS	AMNH	HiSeq X Ten	PAIRED	Hybrid Selection	GENOMIC	ILLUMINA	SAMN17062603	Amazona imperialis	SRP302372	PRJNA692616	2023-03-27	460.0	180.0
SRR13483648	WGS	AMNH	HiSeq X Ten	PAIRED	Hybrid Selection	GENOMIC	ILLUMINA	SAMN17062329	Amazona kawalli	SRP302372	PRJNA692616	2023-03-27	154.0	191.0
SRR25658699	WGS	IRIDIAN GENOMES	HiSeq X Ten	PAIRED	RANDOM	GENOMIC	ILLUMINA	SAMN37008806	Amazona kawalli	SRP455445	PRJNA703508	2023-08-16	30225.0	300.0
SRR8108623	WGS	OAKLAND UNIVERSITY	Illumina HiSeq 2500	PAIRED	unspecified	GENOMIC	ILLUMINA	SAMN10238847	Amazona leucocephala	SRP166808	PRJNA496322	2018-12-01	31941.0	199.0
SRR19070354	WGS	IRIDIAN GENOMES	HiSeq X Ten	PAIRED	RANDOM	GENOMIC	ILLUMINA	SAMN18865412	Amazona leucocephala	SRP373467	PRJNA703509	2022-05-03	20939.0	300.0
SRR23024080	Targeted-Capture	UNIVERSITY OF NEVADA, RENO	Illumina MiSeq	PAIRED	Hybrid Selection	GENOMIC	ILLUMINA	SAMN32316669	Amazona leucocephala	SRP416598	PRJNA913959	2023-08-21	116.0	302.0
SRR23024081	Targeted-Capture	UNIVERSITY OF NEVADA, RENO	Illumina MiSeq	PAIRED	Hybrid Selection	GENOMIC	ILLUMINA	SAMN32316668	Amazona leucocephala	SRP416598	PRJNA913959	2023-08-21	1832.0	302.0
SRR23024082	Targeted-Capture	UNIVERSITY OF NEVADA, RENO	Illumina MiSeq	PAIRED	Hybrid Selection	GENOMIC	ILLUMINA	SAMN32316667	Amazona leucocephala	SRP416598	PRJNA913959	2023-08-21	960.0	302.0
SRR23024083	Targeted-Capture	UNIVERSITY OF NEVADA, RENO	Illumina MiSeq	PAIRED	Hybrid Selection	GENOMIC	ILLUMINA	SAMN32316666	Amazona leucocephala	SRP416598	PRJNA913959	2023-08-21	79.0	302.0
SRR23024084	Targeted-Capture	UNIVERSITY OF NEVADA, RENO	Illumina MiSeq	PAIRED	Hybrid Selection	GENOMIC	ILLUMINA	SAMN32316665	Amazona leucocephala	SRP416598	PRJNA913959	2023-08-21	168.0	302.0
SRR23024085	Targeted-Capture	UNIVERSITY OF NEVADA, RENO	Illumina NovaSeq 6000	PAIRED	Hybrid Selection	GENOMIC	ILLUMINA	SAMN32316677	Amazona leucocephala	SRP416598	PRJNA913959	2023-08-21	3378.0	302.0
SRR23024087	Targeted-Capture	UNIVERSITY OF NEVADA, RENO	Illumina NovaSeq 6000	PAIRED	Hybrid Selection	GENOMIC	ILLUMINA	SAMN32316675	Amazona leucocephala	SRP416598	PRJNA913959	2023-08-21	327.0	302.0
SRR23024090	Targeted-Capture	UNIVERSITY OF NEVADA, RENO	Illumina MiSeq	PAIRED	Hybrid Selection	GENOMIC	ILLUMINA	SAMN32316664	Amazona leucocephala	SRP416598	PRJNA913959	2023-08-21	688.0	302.0
SRR23024091	Targeted-Capture	UNIVERSITY OF NEVADA, RENO	Illumina MiSeq	PAIRED	Hybrid Selection	GENOMIC	ILLUMINA	SAMN32316663	Amazona leucocephala	SRP416598	PRJNA913959	2023-08-21	357.0	302.0
SRR13483646	WGS	AMNH	HiSeq X Ten	PAIRED	Hybrid Selection	GENOMIC	ILLUMINA	SAMN17062331	Amazona mercenarius	SRP302372	PRJNA692616	2023-03-27	284.0	189.0
SRR24581082	WGS	IRIDIAN GENOMES	HiSeq X Ten	PAIRED	RANDOM	GENOMIC	ILLUMINA	SAMN35104377	Amazona mercenarius	SRP437968	PRJNA479484	2023-05-16	29223.0	300.0
SRR13483957	WGS	AMNH	HiSeq X Ten	PAIRED	Hybrid Selection	GENOMIC	ILLUMINA	SAMN17062342	Amazona ochrocephala	SRP302372	PRJNA692616	2023-03-27	173.0	192.0
SRR24580994	WGS	IRIDIAN GENOMES	HiSeq X Ten	PAIRED	RANDOM	GENOMIC	ILLUMINA	SAMN18863518	Amazona ochrocephala	SRP437964	PRJNA703510	2023-05-16	17953.0	300.0
SRR29949489	WGS	G10K	Sequel II	SINGLE	size fractionation	GENOMIC	PACBIO_SMRT	SAMN41018448	Amazona ochrocephala	SRP521912	PRJNA1139356	2024-07-24	335548.0	15845.0
SRR29949490	WGS	G10K	Sequel II	SINGLE	size fractionation	GENOMIC	PACBIO_SMRT	SAMN41018448	Amazona ochrocephala	SRP521912	PRJNA1139356	2024-07-24		
SRR29949491	WGS	G10K	Sequel II	SINGLE	size fractionation	GENOMIC	PACBIO_SMRT	SAMN41018448	Amazona ochrocephala	SRP521912	PRJNA1139356	2024-07-24	29572.0	19535.0
SRR29949492	Hi-C	G10K	Illumina NovaSeq 6000	PAIRED	Restriction Digest	GENOMIC	ILLUMINA	SAMN41018448	Amazona ochrocephala	SRP521912	PRJNA1139356	2024-07-24	77852.0	302.0
SRR29949493	WGS	G10K	Sequel II	SINGLE	size fractionation	GENOMIC	PACBIO_SMRT	SAMN41018448	Amazona ochrocephala	SRP521912	PRJNA1139356	2024-07-24	12989.0	15527.0
SRR29949494	WGS	G10K	Sequel II	SINGLE	size fractionation	GENOMIC	PACBIO_SMRT	SAMN41018448	Amazona ochrocephala	SRP521912	PRJNA1139356	2024-07-24	11692.0	15456.0
SRR29949495	WGS	G10K	Sequel II	SINGLE	size fractionation	GENOMIC	PACBIO_SMRT	SAMN41018448	Amazona ochrocephala	SRP521912	PRJNA1139356	2024-07-24	27833.0	19610.0
SRR29949496	WGS	G10K	Sequel II	SINGLE	size fractionation	GENOMIC	PACBIO_SMRT	SAMN41018448	Amazona ochrocephala	SRP521912	PRJNA1139356	2024-07-24	12989.0	15527.0
SRR29949497	WGS	G10K	Sequel II	SINGLE	size fractionation	GENOMIC	PACBIO_SMRT	SAMN41018448	Amazona ochrocephala	SRP521912	PRJNA1139356	2024-07-24	11692.0	15456.0
SRR29949498	WGS	G10K	Sequel II	SINGLE	size fractionation	GENOMIC	PACBIO_SMRT	SAMN41018448	Amazona ochrocephala	SRP521912	PRJNA1139356	2024-07-24	27833.0	19610.0
SRR29949499	WGS	G10K	Sequel II	SINGLE	size fractionation	GENOMIC	PACBIO_SMRT	SAMN41018448	Amazona ochrocephala	SRP521912	PRJNA1139356	2024-07-24	13943.0	15503.0
SRR29949500	WGS	G10K	Sequel II	SINGLE	size fractionation	GENOMIC	PACBIO_SMRT	SAMN41018448	Amazona ochrocephala	SRP521912	PRJNA1139356	2024-07-24	12548.0	15428.0
SRR29949501	WGS	G10K	Sequel II	SINGLE	size fractionation	GENOMIC	PACBIO_SMRT	SAMN41018448	Amazona ochrocephala	SRP521912	PRJNA1139356	2024-07-24		
SRR23707224	WGS	IRIDIAN GENOMES	HiSeq X Ten	PAIRED	RANDOM	GENOMIC	ILLUMINA	SAMN18863653	Amazona oratrix	SRP425826	PRJNA703511	2023-03-06	23789.0	300.0
SRR13483956	WGS	AMNH	HiSeq X Ten	PAIRED	Hybrid Selection	GENOMIC	ILLUMINA	SAMN17062343	Amazona oratrix	SRP302372	PRJNA692616	2023-03-27	538.0	185.0
SRR39077902	Targeted-Capture	UNIVERSITY OF CALIFORNIA, LOS ANGELES	Illumina HiSeq X	PAIRED	other	GENOMIC	ILLUMINA	SAMN60646512	Amazona oratrix	SRP708194	PRJNA1475542	2026-06-09	170.0	302.0
SRR39077903	Targeted-Capture	UNIVERSITY OF CALIFORNIA, LOS ANGELES	Illumina HiSeq X	PAIRED	other	GENOMIC	ILLUMINA	SAMN60646511	Amazona oratrix	SRP708194	PRJNA1475542	2026-06-09	113.0	302.0
SRR39077904	Targeted-Capture	UNIVERSITY OF CALIFORNIA, LOS ANGELES	Illumina HiSeq X	PAIRED	other	GENOMIC	ILLUMINA	SAMN60646510	Amazona oratrix	SRP708194	PRJNA1475542	2026-06-09	120.0	302.0
SRR39077905	Targeted-Capture	UNIVERSITY OF CALIFORNIA, LOS ANGELES	Illumina HiSeq X	PAIRED	other	GENOMIC	ILLUMINA	SAMN60646509	Amazona oratrix	SRP708194	PRJNA1475542	2026-06-09	187.0	302.0
SRR39077907	Targeted-Capture	UNIVERSITY OF CALIFORNIA, LOS ANGELES	Illumina HiSeq X	PAIRED	other	GENOMIC	ILLUMINA	SAMN60646508	Amazona oratrix	SRP708194	PRJNA1475542	2026-06-09	152.0	302.0
SRR39077908	Targeted-Capture	UNIVERSITY OF CALIFORNIA, LOS ANGELES	Illumina HiSeq X	PAIRED	other	GENOMIC	ILLUMINA	SAMN60646507	Amazona oratrix	SRP708194	PRJNA1475542	2026-06-09	138.0	302.0
SRR39077909	Targeted-Capture	UNIVERSITY OF CALIFORNIA, LOS ANGELES	Illumina HiSeq X	PAIRED	other	GENOMIC	ILLUMINA	SAMN60646506	Amazona oratrix	SRP708194	PRJNA1475542	2026-06-09	156.0	302.0
SRR39077910	Targeted-Capture	UNIVERSITY OF CALIFORNIA, LOS ANGELES	Illumina HiSeq X	PAIRED	other	GENOMIC	ILLUMINA	SAMN60646505	Amazona oratrix	SRP708194	PRJNA1475542	2026-06-09	130.0	302.0
SRR39077911	Targeted-Capture	UNIVERSITY OF CALIFORNIA, LOS ANGELES	Illumina HiSeq X	PAIRED	other	GENOMIC	ILLUMINA	SAMN60646504	Amazona oratrix	SRP708194	PRJNA1475542	2026-06-09	138.0	302.0
SRR39077912	Targeted-Capture	UNIVERSITY OF CALIFORNIA, LOS ANGELES	Illumina HiSeq X	PAIRED	other	GENOMIC	ILLUMINA	SAMN60646503	Amazona oratrix	SRP708194	PRJNA1475542	2026-06-09	153.0	302.0
SRR39077913	Targeted-Capture	UNIVERSITY OF CALIFORNIA, LOS ANGELES	Illumina HiSeq X	PAIRED	other	GENOMIC	ILLUMINA	SAMN60646502	Amazona oratrix	SRP708194	PRJNA1475542	2026-06-09	93.0	302.0
SRR39077914	Targeted-Capture	UNIVERSITY OF CALIFORNIA, LOS ANGELES	Illumina HiSeq X	PAIRED	other	GENOMIC	ILLUMINA	SAMN60646501	Amazona oratrix	SRP708194	PRJNA1475542	2026-06-09	142.0	302.0
SRR39077915	Targeted-Capture	UNIVERSITY OF CALIFORNIA, LOS ANGELES	Illumina HiSeq X	PAIRED	other	GENOMIC	ILLUMINA	SAMN60646500	Amazona oratrix	SRP708194	PRJNA1475542	2026-06-09	176.0	302.0
SRR39077916	Targeted-Capture	UNIVERSITY OF CALIFORNIA, LOS ANGELES	Illumina HiSeq X	PAIRED	other	GENOMIC	ILLUMINA	SAMN60646499	Amazona oratrix	SRP708194	PRJNA1475542	2026-06-09	156.0	302.0
SRR39077918	Targeted-Capture	UNIVERSITY OF CALIFORNIA, LOS ANGELES	Illumina HiSeq X	PAIRED	other	GENOMIC	ILLUMINA	SAMN60646498	Amazona oratrix	SRP708194	PRJNA1475542	2026-06-09	240.0	302.0
SRR39077919	Targeted-Capture	UNIVERSITY OF CALIFORNIA, LOS ANGELES	Illumina HiSeq X	PAIRED	other	GENOMIC	ILLUMINA	SAMN60646497	Amazona oratrix	SRP708194	PRJNA1475542	2026-06-09	171.0	302.0
SRR39077920	Targeted-Capture	UNIVERSITY OF CALIFORNIA, LOS ANGELES	Illumina HiSeq X	PAIRED	other	GENOMIC	ILLUMINA	SAMN60646496	Amazona oratrix	SRP708194	PRJNA1475542	2026-06-09	176.0	302.0
SRR39077921	Targeted-Capture	UNIVERSITY OF CALIFORNIA, LOS ANGELES	Illumina HiSeq X	PAIRED	other	GENOMIC	ILLUMINA	SAMN60646495	Amazona oratrix	SRP708194	PRJNA1475542	2026-06-09	138.0	302.0
SRR39077933	Targeted-Capture	UNIVERSITY OF CALIFORNIA, LOS ANGELES	Illumina HiSeq X	PAIRED	other	GENOMIC	ILLUMINA	SAMN60646484	Amazona oratrix	SRP708194	PRJNA1475542	2026-06-09	1267.0	302.0
SRR39077934	Targeted-Capture	UNIVERSITY OF CALIFORNIA, LOS ANGELES	Illumina HiSeq X	PAIRED	other	GENOMIC	ILLUMINA	SAMN60646483	Amazona oratrix	SRP708194	PRJNA1475542	2026-06-09	1889.0	302.0
SRR39077935	Targeted-Capture	UNIVERSITY OF CALIFORNIA, LOS ANGELES	Illumina HiSeq X	PAIRED	other	GENOMIC	ILLUMINA	SAMN60646482	Amazona oratrix	SRP708194	PRJNA1475542	2026-06-09	746.0	302.0
ERR17859040	WGS	UNIVERSITY OF CONNECTICUT	PromethION	SINGLE	RANDOM	GENOMIC	OXFORD_NANOPORE	SAMEA123420057	Amazona oratrix	ERP200865	PRJEB120753	2026-09-11	54560.0	7249.0
SRR39077922	Targeted-Capture	UNIVERSITY OF CALIFORNIA, LOS ANGELES	Illumina HiSeq X	PAIRED	other	GENOMIC	ILLUMINA	SAMN60646494	Amazona oratrix belizensis	SRP708194	PRJNA1475542	2026-06-09	158.0	302.0
SRR39077923	Targeted-Capture	UNIVERSITY OF CALIFORNIA, LOS ANGELES	Illumina HiSeq X	PAIRED	other	GENOMIC	ILLUMINA	SAMN60646493	Amazona oratrix belizensis	SRP708194	PRJNA1475542	2026-06-09	209.0	302.0
SRR39077924	Targeted-Capture	UNIVERSITY OF CALIFORNIA, LOS ANGELES	Illumina HiSeq X	PAIRED	other	GENOMIC	ILLUMINA	SAMN60646492	Amazona oratrix belizensis	SRP708194	PRJNA1475542	2026-06-09	229.0	302.0
SRR39077925	Targeted-Capture	UNIVERSITY OF CALIFORNIA, LOS ANGELES	Illumina HiSeq X	PAIRED	other	GENOMIC	ILLUMINA	SAMN60646491	Amazona oratrix belizensis	SRP708194	PRJNA1475542	2026-06-09	186.0	302.0
SRR39077926	Targeted-Capture	UNIVERSITY OF CALIFORNIA, LOS ANGELES	Illumina HiSeq X	PAIRED	other	GENOMIC	ILLUMINA	SAMN60646490	Amazona oratrix belizensis	SRP708194	PRJNA1475542	2026-06-09	282.0	302.0
SRR39077927	Targeted-Capture	UNIVERSITY OF CALIFORNIA, LOS ANGELES	Illumina HiSeq X	PAIRED	other	GENOMIC	ILLUMINA	SAMN60646489	Amazona oratrix belizensis	SRP708194	PRJNA1475542	2026-06-09	186.0	302.0
SRR39077929	Targeted-Capture	UNIVERSITY OF CALIFORNIA, LOS ANGELES	Illumina HiSeq X	PAIRED	other	GENOMIC	ILLUMINA	SAMN60646488	Amazona oratrix belizensis	SRP708194	PRJNA1475542	2026-06-09	71.0	302.0
SRR39077930	Targeted-Capture	UNIVERSITY OF CALIFORNIA, LOS ANGELES	Illumina HiSeq X	PAIRED	other	GENOMIC	ILLUMINA	SAMN60646487	Amazona oratrix belizensis	SRP708194	PRJNA1475542	2026-06-09	178.0	302.0
SRR39077931	Targeted-Capture	UNIVERSITY OF CALIFORNIA, LOS ANGELES	Illumina HiSeq X	PAIRED	other	GENOMIC	ILLUMINA	SAMN60646486	Amazona oratrix belizensis	SRP708194	PRJNA1475542	2026-06-09	190.0	302.0
SRR39077932	Targeted-Capture	UNIVERSITY OF CALIFORNIA, LOS ANGELES	Illumina HiSeq X	PAIRED	other	GENOMIC	ILLUMINA	SAMN60646485	Amazona oratrix belizensis	SRP708194	PRJNA1475542	2026-06-09	217.0	302.0
SRR39077951	Targeted-Capture	UNIVERSITY OF CALIFORNIA, LOS ANGELES	Illumina HiSeq X	PAIRED	other	GENOMIC	ILLUMINA	SAMN60646459	Amazona oratrix hondurensis	SRP708194	PRJNA1475542	2026-06-09	35.0	302.0
SRR39077936	Targeted-Capture	UNIVERSITY OF CALIFORNIA, LOS ANGELES	Illumina HiSeq X	PAIRED	other	GENOMIC	ILLUMINA	SAMN60646481	Amazona oratrix tresmariae	SRP708194	PRJNA1475542	2026-06-09	502.0	302.0
SRR39077937	Targeted-Capture	UNIVERSITY OF CALIFORNIA, LOS ANGELES	Illumina HiSeq X	PAIRED	other	GENOMIC	ILLUMINA	SAMN60646480	Amazona oratrix tresmariae	SRP708194	PRJNA1475542	2026-06-09	351.0	302.0
SRR13483645	WGS	AMNH	Illumina HiSeq 3000	PAIRED	Hybrid Selection	GENOMIC	ILLUMINA	SAMN17062332	Amazona pretrei	SRP302372	PRJNA692616	2023-03-27	740.0	210.0
SRR23707438	WGS	IRIDIAN GENOMES	HiSeq X Ten	PAIRED	RANDOM	GENOMIC	ILLUMINA	SAMN32398546	Amazona rhodocorytha	SRP425837	PRJNA703513	2023-03-06	16604.0	300.0
SRR13483955	WGS	AMNH	HiSeq X Ten	PAIRED	Hybrid Selection	GENOMIC	ILLUMINA	SAMN17062344	Amazona rhodocorytha	SRP302372	PRJNA692616	2023-03-27	518.0	194.0
SRR25636397	Targeted-Capture	MUSEU DE ZOOLOGIA DA UNIVERSIDADE DE SAO PAULO	Illumina HiSeq 2500	PAIRED	PCR	GENOMIC	ILLUMINA	SAMN36986161	Amazona rhodocorytha	SRP455019	PRJNA1005403	2023-08-14	374.0	502.0
SRR25636398	Targeted-Capture	MUSEU DE ZOOLOGIA DA UNIVERSIDADE DE SAO PAULO	Illumina HiSeq 2500	PAIRED	PCR	GENOMIC	ILLUMINA	SAMN36986160	Amazona rhodocorytha	SRP455019	PRJNA1005403	2023-08-14	354.0	502.0
SRR25636399	Targeted-Capture	MUSEU DE ZOOLOGIA DA UNIVERSIDADE DE SAO PAULO	Illumina HiSeq 2500	PAIRED	PCR	GENOMIC	ILLUMINA	SAMN36986159	Amazona rhodocorytha	SRP455019	PRJNA1005403	2023-08-14	498.0	502.0
SRR25636400	Targeted-Capture	MUSEU DE ZOOLOGIA DA UNIVERSIDADE DE SAO PAULO	Illumina HiSeq 2500	PAIRED	PCR	GENOMIC	ILLUMINA	SAMN36986158	Amazona rhodocorytha	SRP455019	PRJNA1005403	2023-08-14	510.0	502.0
SRR25636401	Targeted-Capture	MUSEU DE ZOOLOGIA DA UNIVERSIDADE DE SAO PAULO	Illumina HiSeq 2500	PAIRED	PCR	GENOMIC	ILLUMINA	SAMN36986157	Amazona rhodocorytha	SRP455019	PRJNA1005403	2023-08-14	372.0	502.0
SRR25636402	Targeted-Capture	MUSEU DE ZOOLOGIA DA UNIVERSIDADE DE SAO PAULO	Illumina HiSeq 2500	PAIRED	PCR	GENOMIC	ILLUMINA	SAMN36986156	Amazona rhodocorytha	SRP455019	PRJNA1005403	2023-08-14	615.0	502.0
SRR25636403	Targeted-Capture	MUSEU DE ZOOLOGIA DA UNIVERSIDADE DE SAO PAULO	Illumina HiSeq 2500	PAIRED	PCR	GENOMIC	ILLUMINA	SAMN36986155	Amazona rhodocorytha	SRP455019	PRJNA1005403	2023-08-14	245.0	502.0
SRR25636404	Targeted-Capture	MUSEU DE ZOOLOGIA DA UNIVERSIDADE DE SAO PAULO	Illumina HiSeq 2500	PAIRED	PCR	GENOMIC	ILLUMINA	SAMN36986154	Amazona rhodocorytha	SRP455019	PRJNA1005403	2023-08-14	484.0	502.0
SRR25636405	Targeted-Capture	MUSEU DE ZOOLOGIA DA UNIVERSIDADE DE SAO PAULO	Illumina HiSeq 2500	PAIRED	PCR	GENOMIC	ILLUMINA	SAMN36986170	Amazona rhodocorytha	SRP455019	PRJNA1005403	2023-08-14	414.0	502.0
SRR25636406	Targeted-Capture	MUSEU DE ZOOLOGIA DA UNIVERSIDADE DE SAO PAULO	Illumina HiSeq 2500	PAIRED	PCR	GENOMIC	ILLUMINA	SAMN36986169	Amazona rhodocorytha	SRP455019	PRJNA1005403	2023-08-14	364.0	502.0
SRR25636407	Targeted-Capture	MUSEU DE ZOOLOGIA DA UNIVERSIDADE DE SAO PAULO	Illumina HiSeq 2500	PAIRED	PCR	GENOMIC	ILLUMINA	SAMN36986168	Amazona rhodocorytha	SRP455019	PRJNA1005403	2023-08-14	424.0	502.0
SRR25636408	Targeted-Capture	MUSEU DE ZOOLOGIA DA UNIVERSIDADE DE SAO PAULO	Illumina HiSeq 2500	PAIRED	PCR	GENOMIC	ILLUMINA	SAMN36986167	Amazona rhodocorytha	SRP455019	PRJNA1005403	2023-08-14	475.0	502.0
SRR25636409	Targeted-Capture	MUSEU DE ZOOLOGIA DA UNIVERSIDADE DE SAO PAULO	Illumina HiSeq 2500	PAIRED	PCR	GENOMIC	ILLUMINA	SAMN36986166	Amazona rhodocorytha	SRP455019	PRJNA1005403	2023-08-14	471.0	502.0
SRR25636410	Targeted-Capture	MUSEU DE ZOOLOGIA DA UNIVERSIDADE DE SAO PAULO	Illumina HiSeq 2500	PAIRED	PCR	GENOMIC	ILLUMINA	SAMN36986165	Amazona rhodocorytha	SRP455019	PRJNA1005403	2023-08-14	307.0	502.0
SRR25636411	Targeted-Capture	MUSEU DE ZOOLOGIA DA UNIVERSIDADE DE SAO PAULO	Illumina HiSeq 2500	PAIRED	PCR	GENOMIC	ILLUMINA	SAMN36986164	Amazona rhodocorytha	SRP455019	PRJNA1005403	2023-08-14	701.0	502.0
SRR25636412	Targeted-Capture	MUSEU DE ZOOLOGIA DA UNIVERSIDADE DE SAO PAULO	Illumina HiSeq 2500	PAIRED	PCR	GENOMIC	ILLUMINA	SAMN36986163	Amazona rhodocorytha	SRP455019	PRJNA1005403	2023-08-14	246.0	502.0
SRR25636413	Targeted-Capture	MUSEU DE ZOOLOGIA DA UNIVERSIDADE DE SAO PAULO	Illumina HiSeq 2500	PAIRED	PCR	GENOMIC	ILLUMINA	SAMN36986162	Amazona rhodocorytha	SRP455019	PRJNA1005403	2023-08-14	458.0	502.0
SRR25636414	Targeted-Capture	MUSEU DE ZOOLOGIA DA UNIVERSIDADE DE SAO PAULO	Illumina HiSeq 2500	PAIRED	PCR	GENOMIC	ILLUMINA	SAMN36986153	Amazona rhodocorytha	SRP455019	PRJNA1005403	2023-08-14	428.0	502.0
SRR25636415	Targeted-Capture	MUSEU DE ZOOLOGIA DA UNIVERSIDADE DE SAO PAULO	Illumina HiSeq 2500	PAIRED	PCR	GENOMIC	ILLUMINA	SAMN36986152	Amazona rhodocorytha	SRP455019	PRJNA1005403	2023-08-14	376.0	502.0
SRR13483845	WGS	AMNH	HiSeq X Ten	PAIRED	Hybrid Selection	GENOMIC	ILLUMINA	SAMN17062442	Amazona tresmariae	SRP302372	PRJNA692616	2023-03-27	2259.0	255.0
SRR13483954	WGS	AMNH	HiSeq X Ten	PAIRED	Hybrid Selection	GENOMIC	ILLUMINA	SAMN17062345	Amazona tucumana	SRP302372	PRJNA692616	2023-03-27	258.0	192.0
SRR8108617	RNA-Seq	OAKLAND UNIVERSITY	Illumina HiSeq 2500	PAIRED	unspecified	TRANSCRIPTOMIC	ILLUMINA	SAMN10239472	Amazona ventralis	SRP166808	PRJNA496322	2018-12-01	12747.0	196.0
SRR8108618	RNA-Seq	OAKLAND UNIVERSITY	Illumina HiSeq 2500	PAIRED	unspecified	TRANSCRIPTOMIC	ILLUMINA	SAMN10239473	Amazona ventralis	SRP166808	PRJNA496322	2018-12-01	9292.0	196.0
SRR8108619	RNA-Seq	OAKLAND UNIVERSITY	Illumina HiSeq 2500	PAIRED	unspecified	TRANSCRIPTOMIC	ILLUMINA	SAMN10239474	Amazona ventralis	SRP166808	PRJNA496322	2018-12-01	10657.0	196.0
SRR8108620	RNA-Seq	OAKLAND UNIVERSITY	Illumina HiSeq 2500	PAIRED	unspecified	TRANSCRIPTOMIC	ILLUMINA	SAMN10239475	Amazona ventralis	SRP166808	PRJNA496322	2018-12-01	13743.0	197.0
SRR8108622	WGS	OAKLAND UNIVERSITY	Illumina HiSeq 2500	PAIRED	unspecified	GENOMIC	ILLUMINA	SAMN10238846	Amazona ventralis	SRP166808	PRJNA496322	2018-12-01	40824.0	200.0
SRR8108624	RNA-Seq	OAKLAND UNIVERSITY	Illumina HiSeq 2500	PAIRED	unspecified	TRANSCRIPTOMIC	ILLUMINA	SAMN10239471	Amazona ventralis	SRP166808	PRJNA496322	2018-12-01	10665.0	196.0
SRR13483950	WGS	AMNH	HiSeq X Ten	PAIRED	Hybrid Selection	GENOMIC	ILLUMINA	SAMN17062348	Amazona ventralis	SRP302372	PRJNA692616	2023-03-27	139.0	192.0
SRR24581119	WGS	IRIDIAN GENOMES	HiSeq X Ten	PAIRED	RANDOM	GENOMIC	ILLUMINA	SAMN35104379	Amazona ventralis	SRP437970	PRJNA703515	2023-05-16	35927.0	300.0
SRR23024077	Targeted-Capture	UNIVERSITY OF NEVADA, RENO	Illumina NovaSeq 6000	PAIRED	Hybrid Selection	GENOMIC	ILLUMINA	SAMN32316672	Amazona ventralis	SRP416598	PRJNA913959	2023-08-21	19688.0	302.0
SRR23024078	Targeted-Capture	UNIVERSITY OF NEVADA, RENO	Illumina NovaSeq 6000	PAIRED	Hybrid Selection	GENOMIC	ILLUMINA	SAMN32316671	Amazona ventralis	SRP416598	PRJNA913959	2023-08-21	29065.0	302.0
SRR23024079	Targeted-Capture	UNIVERSITY OF NEVADA, RENO	Illumina NovaSeq 6000	PAIRED	Hybrid Selection	GENOMIC	ILLUMINA	SAMN32316670	Amazona ventralis	SRP416598	PRJNA913959	2023-08-21	13406.0	302.0
SRR23024086	Targeted-Capture	UNIVERSITY OF NEVADA, RENO	Illumina NovaSeq 6000	PAIRED	Hybrid Selection	GENOMIC	ILLUMINA	SAMN32316676	Amazona ventralis	SRP416598	PRJNA913959	2023-08-21	26258.0	302.0
SRR23024088	Targeted-Capture	UNIVERSITY OF NEVADA, RENO	Illumina NovaSeq 6000	PAIRED	Hybrid Selection	GENOMIC	ILLUMINA	SAMN32316674	Amazona ventralis	SRP416598	PRJNA913959	2023-08-21	23268.0	294.0
SRR23024089	Targeted-Capture	UNIVERSITY OF NEVADA, RENO	Illumina NovaSeq 6000	PAIRED	Hybrid Selection	GENOMIC	ILLUMINA	SAMN32316673	Amazona ventralis	SRP416598	PRJNA913959	2023-08-21	16009.0	302.0
SRR13483959	WGS	AMNH	HiSeq X Ten	PAIRED	Hybrid Selection	GENOMIC	ILLUMINA	SAMN17062340	Amazona versicolor	SRP302372	PRJNA692616	2023-03-27	2353.0	242.0
SRR25658698	WGS	IRIDIAN GENOMES	HiSeq X Ten	PAIRED	RANDOM	GENOMIC	ILLUMINA	SAMN37008802	Amazona versicolor	SRP455444	PRJNA703516	2023-08-16	26916.0	300.0
SRR20970088	WGS	IRIDIAN GENOMES	HiSeq X Ten	PAIRED	RANDOM	GENOMIC	ILLUMINA	SAMN30201253	Amazona vinacea	SRP390554	PRJNA703517	2022-08-08	33527.0	300.0
SRR13483952	WGS	AMNH	HiSeq X Ten	PAIRED	Hybrid Selection	GENOMIC	ILLUMINA	SAMN17062346	Amazona vinacea	SRP302372	PRJNA692616	2023-03-27	466.0	191.0
SRR13483951	WGS	AMNH	Illumina HiSeq 3000	PAIRED	Hybrid Selection	GENOMIC	ILLUMINA	SAMN17062347	Amazona viridigenalis	SRP302372	PRJNA692616	2023-03-27	430.0	188.0
SRR8108621	WGS	OAKLAND UNIVERSITY	Illumina HiSeq 2500	PAIRED	unspecified	GENOMIC	ILLUMINA	SAMN02981494	Amazona vittata	SRP274648	PRJNA171587	2018-12-01	24339.0	195.0
ERR12662646	WGS	INSTITUTE FOR SYSTEMS GENOMICS	PromethION	SINGLE	RANDOM	GENOMIC	OXFORD_NANOPORE	SAMEA115295948	Amazona vittata	ERP157485	PRJEB72706	2024-02-27	9208.0	6355.0
ERR12662647	WGS	INSTITUTE FOR SYSTEMS GENOMICS	PromethION	SINGLE	RANDOM	GENOMIC	OXFORD_NANOPORE	SAMEA115295948	Amazona vittata	ERP157485	PRJEB72706	2024-02-27	70596.0	10625.0
ERR12662648	WGS	INSTITUTE FOR SYSTEMS GENOMICS	PromethION	SINGLE	RANDOM	GENOMIC	OXFORD_NANOPORE	SAMEA115295948	Amazona vittata	ERP157485	PRJEB72706	2024-02-27		
SRR13483949	WGS	AMNH	HiSeq X Ten	PAIRED	Hybrid Selection	GENOMIC	ILLUMINA	SAMN17062349	Amazona xantholora	SRP302372	PRJNA692616	2023-03-27	435.0	194.0
SRR25665016	WGS	IRIDIAN GENOMES	HiSeq X Ten	PAIRED	RANDOM	GENOMIC	ILLUMINA	SAMN37032666	Amazona xantholora	SRP455616	PRJNA703520	2023-08-17	16316.0	300.0
SRR13483948	WGS	AMNH	HiSeq X Ten	PAIRED	Hybrid Selection	GENOMIC	ILLUMINA	SAMN17062350	Anodorhynchus glaucus	SRP302372	PRJNA692616	2023-03-27	685.0	196.0
SRR28477522	WGS	IRIDIAN GENOMES	HiSeq X Ten	PAIRED	RANDOM	GENOMIC	ILLUMINA	SAMN40630775	Anodorhynchus glaucus	SRP498242	PRJNA1086008	2024-03-27	37993.0	300.0
SRR7535835	WGS	IRIDIAN GENOMES	HiSeq X Ten	PAIRED	RANDOM	GENOMIC	ILLUMINA	SAMN09689126	Anodorhynchus hyacinthinus	SRP154318	PRJNA481562	2018-07-18	17739.0	300.0
SRR11349375	WGS	IRIDIAN GENOMES	HiSeq X Ten	SINGLE	RANDOM	GENOMIC	ILLUMINA	SAMN09689126	Anodorhynchus hyacinthinus	SRP154318	PRJNA481562	2020-03-19	1106.0	4229.0
SRR13483942	WGS	AMNH	HiSeq X Ten	PAIRED	Hybrid Selection	GENOMIC	ILLUMINA	SAMN17062302	Anodorhynchus hyacinthinus	SRP302372	PRJNA692616	2023-03-27	681.0	201.0
SRR31201728	WGS	UNIVERSIDADE FEDERAL DA PARAIBA	NextSeq 550	PAIRED	PCR	GENOMIC	ILLUMINA	SAMN44541456	Anodorhynchus hyacinthinus	SRP542729	PRJNA1181145	2024-11-19	2345.0	300.0
SRR31201729	WGS	UNIVERSIDADE FEDERAL DA PARAIBA	NextSeq 550	PAIRED	PCR	GENOMIC	ILLUMINA	SAMN44541455	Anodorhynchus hyacinthinus	SRP542729	PRJNA1181145	2024-11-19	1638.0	300.0
SRR31201730	WGS	UNIVERSIDADE FEDERAL DA PARAIBA	NextSeq 550	PAIRED	PCR	GENOMIC	ILLUMINA	SAMN44541454	Anodorhynchus hyacinthinus	SRP542729	PRJNA1181145	2024-11-19	1507.0	300.0
SRR31201731	WGS	UNIVERSIDADE FEDERAL DA PARAIBA	NextSeq 550	PAIRED	PCR	GENOMIC	ILLUMINA	SAMN44541453	Anodorhynchus hyacinthinus	SRP542729	PRJNA1181145	2024-11-19	1944.0	300.0
SRR31201732	WGS	UNIVERSIDADE FEDERAL DA PARAIBA	NextSeq 550	PAIRED	PCR	GENOMIC	ILLUMINA	SAMN44541502	Anodorhynchus hyacinthinus	SRP542729	PRJNA1181145	2024-11-19	1524.0	300.0
SRR31201733	WGS	UNIVERSIDADE FEDERAL DA PARAIBA	NextSeq 550	PAIRED	PCR	GENOMIC	ILLUMINA	SAMN44541501	Anodorhynchus hyacinthinus	SRP542729	PRJNA1181145	2024-11-19	1862.0	300.0
SRR31201734	WGS	UNIVERSIDADE FEDERAL DA PARAIBA	NextSeq 550	PAIRED	PCR	GENOMIC	ILLUMINA	SAMN44541500	Anodorhynchus hyacinthinus	SRP542729	PRJNA1181145	2024-11-19	1729.0	300.0
SRR31201735	WGS	UNIVERSIDADE FEDERAL DA PARAIBA	NextSeq 550	PAIRED	PCR	GENOMIC	ILLUMINA	SAMN44541499	Anodorhynchus hyacinthinus	SRP542729	PRJNA1181145	2024-11-19	1705.0	300.0
SRR31201736	WGS	UNIVERSIDADE FEDERAL DA PARAIBA	NextSeq 550	PAIRED	PCR	GENOMIC	ILLUMINA	SAMN44541498	Anodorhynchus hyacinthinus	SRP542729	PRJNA1181145	2024-11-19	1644.0	300.0
SRR31201737	WGS	UNIVERSIDADE FEDERAL DA PARAIBA	NextSeq 550	PAIRED	PCR	GENOMIC	ILLUMINA	SAMN44541497	Anodorhynchus hyacinthinus	SRP542729	PRJNA1181145	2024-11-19	1436.0	300.0
SRR31201738	WGS	UNIVERSIDADE FEDERAL DA PARAIBA	NextSeq 550	PAIRED	PCR	GENOMIC	ILLUMINA	SAMN44541452	Anodorhynchus hyacinthinus	SRP542729	PRJNA1181145	2024-11-19	1676.0	300.0
SRR31201739	WGS	UNIVERSIDADE FEDERAL DA PARAIBA	NextSeq 550	PAIRED	PCR	GENOMIC	ILLUMINA	SAMN44541496	Anodorhynchus hyacinthinus	SRP542729	PRJNA1181145	2024-11-19	1666.0	300.0
SRR31201740	WGS	UNIVERSIDADE FEDERAL DA PARAIBA	NextSeq 550	PAIRED	PCR	GENOMIC	ILLUMINA	SAMN44541495	Anodorhynchus hyacinthinus	SRP542729	PRJNA1181145	2024-11-19	1818.0	300.0
SRR31201741	WGS	UNIVERSIDADE FEDERAL DA PARAIBA	NextSeq 550	PAIRED	PCR	GENOMIC	ILLUMINA	SAMN44541494	Anodorhynchus hyacinthinus	SRP542729	PRJNA1181145	2024-11-19	1835.0	300.0
SRR31201742	WGS	UNIVERSIDADE FEDERAL DA PARAIBA	NextSeq 550	PAIRED	PCR	GENOMIC	ILLUMINA	SAMN44541493	Anodorhynchus hyacinthinus	SRP542729	PRJNA1181145	2024-11-19	1961.0	300.0
SRR31201743	WGS	UNIVERSIDADE FEDERAL DA PARAIBA	NextSeq 550	PAIRED	PCR	GENOMIC	ILLUMINA	SAMN44541492	Anodorhynchus hyacinthinus	SRP542729	PRJNA1181145	2024-11-19	2011.0	300.0
SRR31201744	WGS	UNIVERSIDADE FEDERAL DA PARAIBA	NextSeq 550	PAIRED	PCR	GENOMIC	ILLUMINA	SAMN44541491	Anodorhynchus hyacinthinus	SRP542729	PRJNA1181145	2024-11-19	1502.0	300.0
SRR31201745	WGS	UNIVERSIDADE FEDERAL DA PARAIBA	NextSeq 550	PAIRED	PCR	GENOMIC	ILLUMINA	SAMN44541490	Anodorhynchus hyacinthinus	SRP542729	PRJNA1181145	2024-11-19	2291.0	300.0
SRR31201746	WGS	UNIVERSIDADE FEDERAL DA PARAIBA	NextSeq 550	PAIRED	PCR	GENOMIC	ILLUMINA	SAMN44541489	Anodorhynchus hyacinthinus	SRP542729	PRJNA1181145	2024-11-19	2161.0	300.0
SRR31201747	WGS	UNIVERSIDADE FEDERAL DA PARAIBA	NextSeq 550	PAIRED	PCR	GENOMIC	ILLUMINA	SAMN44541488	Anodorhynchus hyacinthinus	SRP542729	PRJNA1181145	2024-11-19	1723.0	300.0
SRR31201748	WGS	UNIVERSIDADE FEDERAL DA PARAIBA	NextSeq 550	PAIRED	PCR	GENOMIC	ILLUMINA	SAMN44541487	Anodorhynchus hyacinthinus	SRP542729	PRJNA1181145	2024-11-19	1595.0	300.0
SRR31201749	WGS	UNIVERSIDADE FEDERAL DA PARAIBA	NextSeq 550	PAIRED	PCR	GENOMIC	ILLUMINA	SAMN44541451	Anodorhynchus hyacinthinus	SRP542729	PRJNA1181145	2024-11-19	1583.0	300.0
SRR31201750	WGS	UNIVERSIDADE FEDERAL DA PARAIBA	NextSeq 550	PAIRED	PCR	GENOMIC	ILLUMINA	SAMN44541486	Anodorhynchus hyacinthinus	SRP542729	PRJNA1181145	2024-11-19	1791.0	300.0
SRR31201751	WGS	UNIVERSIDADE FEDERAL DA PARAIBA	NextSeq 550	PAIRED	PCR	GENOMIC	ILLUMINA	SAMN44541485	Anodorhynchus hyacinthinus	SRP542729	PRJNA1181145	2024-11-19	1814.0	300.0
SRR31201752	WGS	UNIVERSIDADE FEDERAL DA PARAIBA	NextSeq 550	PAIRED	PCR	GENOMIC	ILLUMINA	SAMN44541484	Anodorhynchus hyacinthinus	SRP542729	PRJNA1181145	2024-11-19	1516.0	300.0
SRR31201753	WGS	UNIVERSIDADE FEDERAL DA PARAIBA	NextSeq 550	PAIRED	PCR	GENOMIC	ILLUMINA	SAMN44541483	Anodorhynchus hyacinthinus	SRP542729	PRJNA1181145	2024-11-19	2000.0	300.0
SRR31201754	WGS	UNIVERSIDADE FEDERAL DA PARAIBA	NextSeq 550	PAIRED	PCR	GENOMIC	ILLUMINA	SAMN44541482	Anodorhynchus hyacinthinus	SRP542729	PRJNA1181145	2024-11-19	1641.0	300.0
SRR31201755	WGS	UNIVERSIDADE FEDERAL DA PARAIBA	NextSeq 550	PAIRED	PCR	GENOMIC	ILLUMINA	SAMN44541481	Anodorhynchus hyacinthinus	SRP542729	PRJNA1181145	2024-11-19	1738.0	300.0
SRR31201756	WGS	UNIVERSIDADE FEDERAL DA PARAIBA	NextSeq 550	PAIRED	PCR	GENOMIC	ILLUMINA	SAMN44541480	Anodorhynchus hyacinthinus	SRP542729	PRJNA1181145	2024-11-19	1511.0	300.0
SRR31201757	WGS	UNIVERSIDADE FEDERAL DA PARAIBA	NextSeq 550	PAIRED	PCR	GENOMIC	ILLUMINA	SAMN44541479	Anodorhynchus hyacinthinus	SRP542729	PRJNA1181145	2024-11-19	1480.0	300.0
SRR31201758	WGS	UNIVERSIDADE FEDERAL DA PARAIBA	NextSeq 550	PAIRED	PCR	GENOMIC	ILLUMINA	SAMN44541478	Anodorhynchus hyacinthinus	SRP542729	PRJNA1181145	2024-11-19	1743.0	300.0
SRR31201759	WGS	UNIVERSIDADE FEDERAL DA PARAIBA	NextSeq 550	PAIRED	PCR	GENOMIC	ILLUMINA	SAMN44541477	Anodorhynchus hyacinthinus	SRP542729	PRJNA1181145	2024-11-19	1700.0	300.0
SRR31201760	WGS	UNIVERSIDADE FEDERAL DA PARAIBA	NextSeq 550	PAIRED	PCR	GENOMIC	ILLUMINA	SAMN44541450	Anodorhynchus hyacinthinus	SRP542729	PRJNA1181145	2024-11-19	1599.0	300.0
SRR31201761	WGS	UNIVERSIDADE FEDERAL DA PARAIBA	NextSeq 550	PAIRED	PCR	GENOMIC	ILLUMINA	SAMN44541476	Anodorhynchus hyacinthinus	SRP542729	PRJNA1181145	2024-11-19	1433.0	300.0
SRR31201762	WGS	UNIVERSIDADE FEDERAL DA PARAIBA	NextSeq 550	PAIRED	PCR	GENOMIC	ILLUMINA	SAMN44541475	Anodorhynchus hyacinthinus	SRP542729	PRJNA1181145	2024-11-19	1640.0	300.0
SRR31201763	WGS	UNIVERSIDADE FEDERAL DA PARAIBA	NextSeq 550	PAIRED	PCR	GENOMIC	ILLUMINA	SAMN44541474	Anodorhynchus hyacinthinus	SRP542729	PRJNA1181145	2024-11-19	1753.0	300.0
SRR31201764	WGS	UNIVERSIDADE FEDERAL DA PARAIBA	NextSeq 550	PAIRED	PCR	GENOMIC	ILLUMINA	SAMN44541473	Anodorhynchus hyacinthinus	SRP542729	PRJNA1181145	2024-11-19	1663.0	300.0
SRR31201765	WGS	UNIVERSIDADE FEDERAL DA PARAIBA	NextSeq 550	PAIRED	PCR	GENOMIC	ILLUMINA	SAMN44541472	Anodorhynchus hyacinthinus	SRP542729	PRJNA1181145	2024-11-19	1845.0	300.0
SRR31201766	WGS	UNIVERSIDADE FEDERAL DA PARAIBA	NextSeq 550	PAIRED	PCR	GENOMIC	ILLUMINA	SAMN44541471	Anodorhynchus hyacinthinus	SRP542729	PRJNA1181145	2024-11-19	1519.0	300.0
SRR31201767	WGS	UNIVERSIDADE FEDERAL DA PARAIBA	NextSeq 550	PAIRED	PCR	GENOMIC	ILLUMINA	SAMN44541470	Anodorhynchus hyacinthinus	SRP542729	PRJNA1181145	2024-11-19	5163.0	300.0
SRR31201768	WGS	UNIVERSIDADE FEDERAL DA PARAIBA	NextSeq 550	PAIRED	PCR	GENOMIC	ILLUMINA	SAMN44541469	Anodorhynchus hyacinthinus	SRP542729	PRJNA1181145	2024-11-19	1583.0	300.0
SRR31201769	WGS	UNIVERSIDADE FEDERAL DA PARAIBA	NextSeq 550	PAIRED	PCR	GENOMIC	ILLUMINA	SAMN44541468	Anodorhynchus hyacinthinus	SRP542729	PRJNA1181145	2024-11-19	1673.0	300.0
SRR31201770	WGS	UNIVERSIDADE FEDERAL DA PARAIBA	NextSeq 550	PAIRED	PCR	GENOMIC	ILLUMINA	SAMN44541467	Anodorhynchus hyacinthinus	SRP542729	PRJNA1181145	2024-11-19	1813.0	300.0
SRR31201771	WGS	UNIVERSIDADE FEDERAL DA PARAIBA	NextSeq 550	PAIRED	PCR	GENOMIC	ILLUMINA	SAMN44541449	Anodorhynchus hyacinthinus	SRP542729	PRJNA1181145	2024-11-19	1582.0	300.0
SRR31201772	WGS	UNIVERSIDADE FEDERAL DA PARAIBA	NextSeq 550	PAIRED	PCR	GENOMIC	ILLUMINA	SAMN44541466	Anodorhynchus hyacinthinus	SRP542729	PRJNA1181145	2024-11-19	1415.0	300.0
SRR31201773	WGS	UNIVERSIDADE FEDERAL DA PARAIBA	NextSeq 550	PAIRED	PCR	GENOMIC	ILLUMINA	SAMN44541465	Anodorhynchus hyacinthinus	SRP542729	PRJNA1181145	2024-11-19	1841.0	300.0
SRR31201774	WGS	UNIVERSIDADE FEDERAL DA PARAIBA	NextSeq 550	PAIRED	PCR	GENOMIC	ILLUMINA	SAMN44541464	Anodorhynchus hyacinthinus	SRP542729	PRJNA1181145	2024-11-19	1654.0	300.0
SRR31201775	WGS	UNIVERSIDADE FEDERAL DA PARAIBA	NextSeq 550	PAIRED	PCR	GENOMIC	ILLUMINA	SAMN44541463	Anodorhynchus hyacinthinus	SRP542729	PRJNA1181145	2024-11-19	1885.0	301.0
SRR31201776	WGS	UNIVERSIDADE FEDERAL DA PARAIBA	NextSeq 550	PAIRED	PCR	GENOMIC	ILLUMINA	SAMN44541462	Anodorhynchus hyacinthinus	SRP542729	PRJNA1181145	2024-11-19	1843.0	300.0
SRR31201777	WGS	UNIVERSIDADE FEDERAL DA PARAIBA	NextSeq 550	PAIRED	PCR	GENOMIC	ILLUMINA	SAMN44541461	Anodorhynchus hyacinthinus	SRP542729	PRJNA1181145	2024-11-19	1482.0	300.0
SRR31201778	WGS	UNIVERSIDADE FEDERAL DA PARAIBA	NextSeq 550	PAIRED	PCR	GENOMIC	ILLUMINA	SAMN44541460	Anodorhynchus hyacinthinus	SRP542729	PRJNA1181145	2024-11-19	1854.0	300.0
SRR31201779	WGS	UNIVERSIDADE FEDERAL DA PARAIBA	NextSeq 550	PAIRED	PCR	GENOMIC	ILLUMINA	SAMN44541459	Anodorhynchus hyacinthinus	SRP542729	PRJNA1181145	2024-11-19	1975.0	300.0
SRR31201780	WGS	UNIVERSIDADE FEDERAL DA PARAIBA	NextSeq 550	PAIRED	PCR	GENOMIC	ILLUMINA	SAMN44541458	Anodorhynchus hyacinthinus	SRP542729	PRJNA1181145	2024-11-19	1785.0	300.0
SRR31201781	WGS	UNIVERSIDADE FEDERAL DA PARAIBA	NextSeq 550	PAIRED	PCR	GENOMIC	ILLUMINA	SAMN44541457	Anodorhynchus hyacinthinus	SRP542729	PRJNA1181145	2024-11-19	1879.0	300.0
SRR31201782	WGS	UNIVERSIDADE FEDERAL DA PARAIBA	NextSeq 550	PAIRED	PCR	GENOMIC	ILLUMINA	SAMN44541448	Anodorhynchus hyacinthinus	SRP542729	PRJNA1181145	2024-11-19	1711.0	300.0
SRR31201783	WGS	UNIVERSIDADE FEDERAL DA PARAIBA	NextSeq 550	PAIRED	PCR	GENOMIC	ILLUMINA	SAMN44541447	Anodorhynchus hyacinthinus	SRP542729	PRJNA1181145	2024-11-19	1782.0	300.0
ERR15333693	WGS	WELLCOME SANGER INSTITUTE	Illumina NovaSeq 6000	PAIRED	RANDOM	GENOMIC	ILLUMINA	SAMEA115529644	Anodorhynchus hyacinthinus	ERP127883	PRJEB43906	2025-07-24		
ERR15333694	WGS	WELLCOME SANGER INSTITUTE	Illumina NovaSeq 6000	PAIRED	RANDOM	GENOMIC	ILLUMINA	SAMEA115529645	Anodorhynchus hyacinthinus	ERP127883	PRJEB43906	2025-07-24		
ERR15337469	WGS	WELLCOME SANGER INSTITUTE	Illumina NovaSeq 6000	PAIRED	RANDOM	GENOMIC	ILLUMINA	SAMEA115529643	Anodorhynchus hyacinthinus	ERP127883	PRJEB43906	2025-07-27		
ERR15337470	WGS	WELLCOME SANGER INSTITUTE	Illumina NovaSeq 6000	PAIRED	RANDOM	GENOMIC	ILLUMINA	SAMEA115529646	Anodorhynchus hyacinthinus	ERP127883	PRJEB43906	2025-07-27		
SRR13483947	WGS	AMNH	Illumina HiSeq 3000	PAIRED	Hybrid Selection	GENOMIC	ILLUMINA	SAMN17062351	Anodorhynchus leari	SRP302372	PRJNA692616	2023-03-27	501.0	188.0
SRR28399504	WGS	IRIDIAN GENOMES	HiSeq X Ten	PAIRED	RANDOM	GENOMIC	ILLUMINA	SAMN40555483	Anodorhynchus leari	SRP496711	PRJNA703521	2024-03-20	35537.0	300.0
SRR13483944	WGS	AMNH	HiSeq X Ten	PAIRED	Hybrid Selection	GENOMIC	ILLUMINA	SAMN17062354	Aprosmictus erythropterus	SRP302372	PRJNA692616	2023-03-27	233.0	272.0
SRR30832438	WGS	AMERICAN MUSEUM OF NATURAL HISTORY	HiSeq X Ten	PAIRED	RANDOM	GENOMIC	ILLUMINA	SAMN43512920	Aprosmictus erythropterus	SRP535600	PRJNA1157411	2025-10-31	4752.0	300.0
SRR30832439	WGS	AMERICAN MUSEUM OF NATURAL HISTORY	HiSeq X Ten	PAIRED	RANDOM	GENOMIC	ILLUMINA	SAMN43512919	Aprosmictus erythropterus	SRP535600	PRJNA1157411	2025-10-31	4309.0	300.0
SRR30832449	WGS	AMERICAN MUSEUM OF NATURAL HISTORY	HiSeq X Ten	PAIRED	RANDOM	GENOMIC	ILLUMINA	SAMN43512914	Aprosmictus erythropterus	SRP535600	PRJNA1157411	2025-10-31	4226.0	300.0
SRR30881293	Targeted-Capture	AMERICAN MUSEUM OF NATURAL HISTORY	HiSeq X Ten	PAIRED	unspecified	GENOMIC	ILLUMINA	SAMN44049147	Aprosmictus erythropterus	SRP535600	PRJNA1157411	2025-11-30	437.0	288.0
SRR30881294	Targeted-Capture	AMERICAN MUSEUM OF NATURAL HISTORY	HiSeq X Ten	PAIRED	unspecified	GENOMIC	ILLUMINA	SAMN44049146	Aprosmictus erythropterus	SRP535600	PRJNA1157411	2025-11-30	485.0	288.0
SRR30881297	Targeted-Capture	AMERICAN MUSEUM OF NATURAL HISTORY	HiSeq X Ten	PAIRED	unspecified	GENOMIC	ILLUMINA	SAMN44049145	Aprosmictus erythropterus	SRP535600	PRJNA1157411	2025-11-30	309.0	287.0
SRR30881302	Targeted-Capture	AMERICAN MUSEUM OF NATURAL HISTORY	HiSeq X Ten	PAIRED	unspecified	GENOMIC	ILLUMINA	SAMN44049194	Aprosmictus erythropterus	SRP535600	PRJNA1157411	2025-11-30	1464.0	288.0
SRR30881303	Targeted-Capture	AMERICAN MUSEUM OF NATURAL HISTORY	HiSeq X Ten	PAIRED	unspecified	GENOMIC	ILLUMINA	SAMN44049193	Aprosmictus erythropterus	SRP535600	PRJNA1157411	2025-11-30	744.0	288.0
SRR30881304	Targeted-Capture	AMERICAN MUSEUM OF NATURAL HISTORY	HiSeq X Ten	PAIRED	unspecified	GENOMIC	ILLUMINA	SAMN44049192	Aprosmictus erythropterus	SRP535600	PRJNA1157411	2025-11-30	705.0	289.0
SRR30881308	Targeted-Capture	AMERICAN MUSEUM OF NATURAL HISTORY	HiSeq X Ten	PAIRED	unspecified	GENOMIC	ILLUMINA	SAMN44049144	Aprosmictus erythropterus	SRP535600	PRJNA1157411	2025-11-30	197.0	286.0
SRR30881319	Targeted-Capture	AMERICAN MUSEUM OF NATURAL HISTORY	HiSeq X Ten	PAIRED	unspecified	GENOMIC	ILLUMINA	SAMN44049143	Aprosmictus erythropterus	SRP535600	PRJNA1157411	2025-11-30	335.0	287.0
SRR30881330	Targeted-Capture	AMERICAN MUSEUM OF NATURAL HISTORY	HiSeq X Ten	PAIRED	unspecified	GENOMIC	ILLUMINA	SAMN44049142	Aprosmictus erythropterus	SRP535600	PRJNA1157411	2025-11-30	569.0	287.0
SRR30881341	Targeted-Capture	AMERICAN MUSEUM OF NATURAL HISTORY	HiSeq X Ten	PAIRED	unspecified	GENOMIC	ILLUMINA	SAMN44049141	Aprosmictus erythropterus	SRP535600	PRJNA1157411	2025-11-30	353.0	288.0
SRR13483945	WGS	AMNH	Illumina HiSeq 3000	PAIRED	Hybrid Selection	GENOMIC	ILLUMINA	SAMN17062353	Aprosmictus jonquillaceus	SRP302372	PRJNA692616	2023-03-27	1666.0	268.0
SRR30881292	Targeted-Capture	AMERICAN MUSEUM OF NATURAL HISTORY	HiSeq X Ten	PAIRED	unspecified	GENOMIC	ILLUMINA	SAMN44049148	Aprosmictus jonquillaceus	SRP535600	PRJNA1157411	2025-11-30	1470.0	277.0
SRR30881350	Targeted-Capture	AMERICAN MUSEUM OF NATURAL HISTORY	HiSeq X Ten	PAIRED	unspecified	GENOMIC	ILLUMINA	SAMN44049150	Aprosmictus jonquillaceus	SRP535600	PRJNA1157411	2025-11-30	2.0	189.0
SRR30881351	Targeted-Capture	AMERICAN MUSEUM OF NATURAL HISTORY	HiSeq X Ten	PAIRED	unspecified	GENOMIC	ILLUMINA	SAMN44049149	Aprosmictus jonquillaceus	SRP535600	PRJNA1157411	2025-11-30	3401.0	275.0
SRR12073111	WGS	IRIDIAN GENOMES	HiSeq X Ten	SINGLE	RANDOM	GENOMIC	ILLUMINA	SAMN15314809	Ara ambiguus	SRP267847	PRJNA640359	2020-06-23	1117.0	5808.0
SRR12045419	WGS	IRIDIAN GENOMES	HiSeq X Ten	PAIRED	RANDOM	GENOMIC	ILLUMINA	SAMN15314809	Ara ambiguus	SRP267847	PRJNA640359	2021-03-03	21011.0	300.0
SRR13483643	WGS	AMNH	Illumina HiSeq 3000	PAIRED	Hybrid Selection	GENOMIC	ILLUMINA	SAMN17062334	Ara ambiguus	SRP302372	PRJNA692616	2023-03-27	1968.0	233.0
ERR11779894	WGS	INSTITUTE FOR SYSTEMS GENOMICS	PromethION	SINGLE	RANDOM	GENOMIC	OXFORD_NANOPORE	SAMEA113970100	Ara ambiguus	ERP149133	PRJEB63985	2023-09-07		
SRR34218486	WGS	IRIDIAN GENOMES	Illumina NovaSeq 6000	PAIRED	RANDOM	GENOMIC	ILLUMINA	SAMN49650687	Ara ambiguus	SRP267847	PRJNA640359	2025-06-26	29812.0	316.0
SRR8064814	WGS	IRIDIAN GENOMES	HiSeq X Ten	PAIRED	RANDOM	GENOMIC	ILLUMINA	SAMN10247388	Ara ararauna	SRP165887	PRJNA497082	2018-10-16	24874.0	300.0
SRR11362849	WGS	IRIDIAN GENOMES	HiSeq X Ten	SINGLE	RANDOM	GENOMIC	ILLUMINA	SAMN10247388	Ara ararauna	SRP165887	PRJNA497082	2020-03-21	1135.0	4432.0
SRR16687838	WGS	IRIDIAN GENOMES	HiSeq X Ten	PAIRED	RANDOM	GENOMIC	ILLUMINA	SAMN10247388	Ara ararauna	SRP165887	PRJNA497082	2021-11-02	26638.0	300.0
SRR17850469	Bisulfite-Seq	GEO	Illumina HiSeq 3000	SINGLE	Reduced Representation	GENOMIC	ILLUMINA	SAMN25559655	Ara ararauna	SRP357738	PRJNA802599	2022-06-19	1118.0	51.0
SRR17850470	Bisulfite-Seq	GEO	Illumina HiSeq 3000	SINGLE	Reduced Representation	GENOMIC	ILLUMINA	SAMN25559656	Ara ararauna	SRP357738	PRJNA802599	2022-06-19	945.0	61.0
SRR17851726	Bisulfite-Seq	GEO	Illumina HiSeq 3000	SINGLE	Reduced Representation	GENOMIC	ILLUMINA	SAMN25561371	Ara ararauna	SRP357738	PRJNA802599	2022-06-19	1425.0	61.0
SRR17851727	Bisulfite-Seq	GEO	Illumina HiSeq 3000	SINGLE	Reduced Representation	GENOMIC	ILLUMINA	SAMN25561372	Ara ararauna	SRP357738	PRJNA802599	2022-06-19	630.0	51.0
SRR17851728	Bisulfite-Seq	GEO	Illumina HiSeq 3000	SINGLE	Reduced Representation	GENOMIC	ILLUMINA	SAMN25561375	Ara ararauna	SRP357738	PRJNA802599	2022-06-19	1335.0	61.0
SRR13483938	WGS	AMNH	HiSeq X Ten	PAIRED	Hybrid Selection	GENOMIC	ILLUMINA	SAMN17062359	Ara ararauna	SRP302372	PRJNA692616	2023-03-27	373.0	194.0
SRR33849487	AMPLICON	UNIVERSITY OF LEICESTER	MinION	SINGLE	PCR	GENOMIC	OXFORD_NANOPORE	SAMN48894927	Ara ararauna	SRP589967	PRJNA1272083	2025-06-05	19.0	167.0
SRR35337611	AMPLICON	NORTHEAST FORESTRY UNIVERSITY	BGISEQ-500	SINGLE	PCR	GENOMIC	BGISEQ	SAMN51235077	Ara ararauna	SRP619045	PRJNA1322092	2025-09-11	29.0	400.0
SRR25724499	Targeted-Capture	UNIVERSIDAD DE ZARAGOZA	NextSeq 500	PAIRED	PCR	GENOMIC	ILLUMINA	SAMN37108971	Ara ararauna	SRP456330	PRJNA1008069	2025-12-19	250.0	136.0
SRR25724502	Targeted-Capture	UNIVERSIDAD DE ZARAGOZA	NextSeq 500	PAIRED	PCR	GENOMIC	ILLUMINA	SAMN37108968	Ara ararauna	SRP456330	PRJNA1008069	2025-12-19	167.0	136.0
SRR35797103	WGS	UNIVERSIDAD DE ZARAGOZA	Illumina NovaSeq X	PAIRED	other	GENOMIC	ILLUMINA	SAMN52752739	Ara ararauna	SRP632730	PRJNA1345577	2025-12-19	10262.0	302.0
SRR35797104	WGS	UNIVERSIDAD DE ZARAGOZA	Illumina NovaSeq X	PAIRED	other	GENOMIC	ILLUMINA	SAMN52752738	Ara ararauna	SRP632730	PRJNA1345577	2025-12-19	9051.0	302.0
SRR36798611	WGS	G10K	Sequel II	SINGLE	size fractionation	GENOMIC	PACBIO_SMRT	SAMN33059336	Ara ararauna	SRP661671	PRJNA1401920	2026-01-12	29453.0	16293.0
SRR36798612	WGS	G10K	Sequel II	SINGLE	size fractionation	GENOMIC	PACBIO_SMRT	SAMN33059336	Ara ararauna	SRP661671	PRJNA1401920	2026-01-12	10101.0	17385.0
SRR36798613	WGS	G10K	Sequel II	SINGLE	size fractionation	GENOMIC	PACBIO_SMRT	SAMN33059336	Ara ararauna	SRP661671	PRJNA1401920	2026-01-12	92204.0	17613.0
SRR36798614	WGS	G10K	Sequel II	SINGLE	size fractionation	GENOMIC	PACBIO_SMRT	SAMN33059336	Ara ararauna	SRP661671	PRJNA1401920	2026-01-12	25065.0	17219.0
SRR36798615	WGS	G10K	Sequel II	SINGLE	size fractionation	GENOMIC	PACBIO_SMRT	SAMN33059336	Ara ararauna	SRP661671	PRJNA1401920	2026-01-12	62711.0	14748.0
SRR36798616	WGS	G10K	Sequel II	SINGLE	size fractionation	GENOMIC	PACBIO_SMRT	SAMN33059336	Ara ararauna	SRP661671	PRJNA1401920	2026-01-12	19833.0	13497.0
SRR36798617	WGS	G10K	Sequel II	SINGLE	size fractionation	GENOMIC	PACBIO_SMRT	SAMN33059336	Ara ararauna	SRP661671	PRJNA1401920	2026-01-12	19836.0	13496.0
SRR36798618	Hi-C	G10K	Illumina NovaSeq 6000	PAIRED	Restriction Digest	GENOMIC	ILLUMINA	SAMN33059336	Ara ararauna	SRP661671	PRJNA1401920	2026-01-12	64516.0	302.0
ERR17348505	WGS	LUND UNIVERSITY	Illumina NovaSeq 6000	PAIRED	RANDOM	GENOMIC	ILLUMINA	SAMEA122719383	Ara ararauna	ERP192249	PRJEB111643	2026-06-02	45832.0	302.0
SRR8782865	WGS	IRIDIAN GENOMES	HiSeq X Ten	PAIRED	RANDOM	GENOMIC	ILLUMINA	SAMN11250489	Ara chloropterus	SRP189368	PRJNA528950	2019-03-25	23883.0	300.0
SRR11411344	WGS	IRIDIAN GENOMES	HiSeq X Ten	SINGLE	RANDOM	GENOMIC	ILLUMINA	SAMN11250489	Ara chloropterus	SRP189368	PRJNA528950	2020-03-24	1128.0	1908.0
SRR13452039	WGS	UNIVERSITY OF VIENNA	HiSeq X Ten	PAIRED	RANDOM	GENOMIC	ILLUMINA	SAMN17370667	Ara chloropterus	SRP293459	PRJNA679636	2021-01-18	11205.0	300.0
SRR13483675	WGS	AMNH	HiSeq X Ten	PAIRED	Hybrid Selection	GENOMIC	ILLUMINA	SAMN17062299	Ara chloropterus	SRP302372	PRJNA692616	2023-03-27	521.0	201.0
SRR25548347	WGS	MONTCLAIR STATE UNIVERSITY	HiSeq X Ten	PAIRED	RANDOM	GENOMIC	ILLUMINA	SAMN36685106	Ara chloropterus	SRP453700	PRJNA997712	2023-08-07	48269.0	302.0
SRR35337612	AMPLICON	NORTHEAST FORESTRY UNIVERSITY	BGISEQ-500	SINGLE	PCR	GENOMIC	BGISEQ	SAMN51235076	Ara chloropterus	SRP619045	PRJNA1322092	2025-09-11	101.0	400.0
SRR25724505	Targeted-Capture	UNIVERSIDAD DE ZARAGOZA	NextSeq 500	PAIRED	PCR	GENOMIC	ILLUMINA	SAMN37108965	Ara chloropterus	SRP456330	PRJNA1008069	2025-12-19	181.0	136.0
SRR8064809	WGS	IRIDIAN GENOMES	HiSeq X Ten	PAIRED	RANDOM	GENOMIC	ILLUMINA	SAMN10247383	Ara glaucogularis	SRP165884	PRJNA497077	2018-10-16	23141.0	300.0
SRR11522397	WGS	IRIDIAN GENOMES	HiSeq X Ten	SINGLE	RANDOM	GENOMIC	ILLUMINA	SAMN10247383	Ara glaucogularis	SRP165884	PRJNA497077	2020-04-11	1137.0	4007.0
SRR12121896	WGS	TEXAS A&M UNIVERSITY	Illumina NovaSeq 6000	PAIRED	RANDOM PCR	GENOMIC	ILLUMINA	SAMN15376960	Ara glaucogularis	SRP269435	PRJNA642113	2020-06-30	32724.0	301.0
SRR12121894	WGS	TEXAS A&M UNIVERSITY	GridION	SINGLE	RANDOM	GENOMIC	OXFORD_NANOPORE	SAMN15376960	Ara glaucogularis	SRP269435	PRJNA642113	2020-07-02	24187.0	10112.0
SRR12121895	WGS	TEXAS A&M UNIVERSITY	Illumina NovaSeq 6000	PAIRED	RANDOM PCR	GENOMIC	ILLUMINA	SAMN15376960	Ara glaucogularis	SRP269435	PRJNA642113	2020-07-13	223730.0	298.0
ERR6797212	WGS	IBE (INSTITUT DE BIOLOGIA EVOLUTIVA)	GridION	SINGLE	RANDOM	GENOMIC	OXFORD_NANOPORE	SAMEA9957013	Ara glaucogularis	ERP131830	PRJEB47550	2021-09-29	87669.0	12067.0
ERR6797211	WGS	IBE (INSTITUT DE BIOLOGIA EVOLUTIVA)	GridION	SINGLE	RANDOM	GENOMIC	OXFORD_NANOPORE	SAMEA9957013	Ara glaucogularis	ERP131830	PRJEB47550	2021-09-30	3465.0	12854.0
ERR6797213	WGS	IBE (INSTITUT DE BIOLOGIA EVOLUTIVA)	GridION	SINGLE	RANDOM	GENOMIC	OXFORD_NANOPORE	SAMEA9957013	Ara glaucogularis	ERP131830	PRJEB47550	2021-09-30	3465.0	12854.0
ERR6797214	WGS	IBE (INSTITUT DE BIOLOGIA EVOLUTIVA)	GridION	SINGLE	RANDOM	GENOMIC	OXFORD_NANOPORE	SAMEA9957013	Ara glaucogularis	ERP131830	PRJEB47550	2021-09-30		
SRR17072485	WGS	UNIVERSITY OF COPENHAGEN	BGISEQ-500	PAIRED	RANDOM	GENOMIC	BGISEQ	SAMN21971268	Ara glaucogularis	SRP348604	PRJNA767781	2022-12-27	82500.0	200.0
SRR17072496	WGS	UNIVERSITY OF COPENHAGEN	BGISEQ-500	PAIRED	RANDOM	GENOMIC	BGISEQ	SAMN21971269	Ara glaucogularis	SRP348604	PRJNA767781	2022-12-27	82500.0	200.0
SRR17072910	WGS	UNIVERSITY OF COPENHAGEN	BGISEQ-500	PAIRED	RANDOM	GENOMIC	BGISEQ	SAMN21971270	Ara glaucogularis	SRP348604	PRJNA767781	2022-12-27	54498.0	200.0
SRR17072921	WGS	UNIVERSITY OF COPENHAGEN	BGISEQ-500	PAIRED	RANDOM	GENOMIC	BGISEQ	SAMN21971270	Ara glaucogularis	SRP348604	PRJNA767781	2022-12-27	28001.0	200.0
SRR13483953	WGS	AMNH	HiSeq X Ten	PAIRED	Hybrid Selection	GENOMIC	ILLUMINA	SAMN17062301	Ara glaucogularis	SRP302372	PRJNA692616	2023-03-27	580.0	197.0
SRR13012687	OTHER	UNIVERSITY OF CALIFORNIA, SANTA BARBARA	NextSeq 500	SINGLE	Hybrid Selection	GENOMIC	ILLUMINA	SAMN16690478	Ara macao	SRP291783	PRJNA675137	2021-03-17	710.0	71.0
SRR13012688	OTHER	UNIVERSITY OF CALIFORNIA, SANTA BARBARA	NextSeq 500	SINGLE	Hybrid Selection	GENOMIC	ILLUMINA	SAMN16690477	Ara macao	SRP291783	PRJNA675137	2021-03-17	2217.0	71.0
SRR13012689	OTHER	UNIVERSITY OF CALIFORNIA, SANTA BARBARA	NextSeq 500	SINGLE	Hybrid Selection	GENOMIC	ILLUMINA	SAMN16690476	Ara macao	SRP291783	PRJNA675137	2021-03-17	1345.0	71.0
SRR13012690	OTHER	UNIVERSITY OF CALIFORNIA, SANTA BARBARA	NextSeq 500	SINGLE	Hybrid Selection	GENOMIC	ILLUMINA	SAMN16690475	Ara macao	SRP291783	PRJNA675137	2021-03-17	1025.0	71.0
SRR19754889	WGS	IRIDIAN GENOMES	HiSeq X Ten	PAIRED	RANDOM	GENOMIC	ILLUMINA	SAMN25884803	Ara macao	SRP382734	PRJNA703524	2022-06-20	22055.0	300.0
SRR25548343	WGS	MONTCLAIR STATE UNIVERSITY	HiSeq X Ten	PAIRED	RANDOM	GENOMIC	ILLUMINA	SAMN36685103	Ara macao	SRP453700	PRJNA997712	2023-08-07	31065.0	302.0
SRR25548344	WGS	MONTCLAIR STATE UNIVERSITY	HiSeq X Ten	PAIRED	RANDOM	GENOMIC	ILLUMINA	SAMN36685102	Ara macao	SRP453700	PRJNA997712	2023-08-07	25160.0	302.0
SRR25548345	WGS	MONTCLAIR STATE UNIVERSITY	HiSeq X Ten	PAIRED	RANDOM	GENOMIC	ILLUMINA	SAMN36685101	Ara macao	SRP453700	PRJNA997712	2023-08-07	31856.0	302.0
SRR25548346	WGS	MONTCLAIR STATE UNIVERSITY	HiSeq X Ten	PAIRED	RANDOM	GENOMIC	ILLUMINA	SAMN36685100	Ara macao	SRP453700	PRJNA997712	2023-08-07	25737.0	302.0
SRR25548348	WGS	MONTCLAIR STATE UNIVERSITY	HiSeq X Ten	PAIRED	RANDOM	GENOMIC	ILLUMINA	SAMN36685105	Ara macao	SRP453700	PRJNA997712	2023-08-07	41810.0	302.0
SRR25548349	WGS	MONTCLAIR STATE UNIVERSITY	HiSeq X Ten	PAIRED	RANDOM	GENOMIC	ILLUMINA	SAMN36685104	Ara macao	SRP453700	PRJNA997712	2023-08-07	39057.0	302.0
SRR25724486	Targeted-Capture	UNIVERSIDAD DE ZARAGOZA	NextSeq 500	PAIRED	PCR	GENOMIC	ILLUMINA	SAMN37108961	Ara macao	SRP456330	PRJNA1008069	2025-12-19	280.0	136.0
SRR25724496	Targeted-Capture	UNIVERSIDAD DE ZARAGOZA	NextSeq 500	PAIRED	PCR	GENOMIC	ILLUMINA	SAMN37108973	Ara macao	SRP456330	PRJNA1008069	2025-12-19	195.0	136.0
SRR25724508	Targeted-Capture	UNIVERSIDAD DE ZARAGOZA	NextSeq 500	PAIRED	PCR	GENOMIC	ILLUMINA	SAMN37108962	Ara macao	SRP456330	PRJNA1008069	2025-12-19	210.0	136.0
SRR7426197	OTHER	PENNSYLVANIA STATE UNIVERSITY	Illumina HiSeq 2500	PAIRED	Hybrid Selection	GENOMIC	ILLUMINA	SAMN09481976	Ara macao cyanopterus	SRP151303	PRJNA477839	2018-08-14	2366.0	134.0
SRR7426198	OTHER	PENNSYLVANIA STATE UNIVERSITY	Illumina HiSeq 2500	PAIRED	Hybrid Selection	GENOMIC	ILLUMINA	SAMN09481973	Ara macao cyanopterus	SRP151303	PRJNA477839	2018-08-14	2419.0	192.0
SRR7426199	OTHER	PENNSYLVANIA STATE UNIVERSITY	Illumina HiSeq 2500	PAIRED	Hybrid Selection	GENOMIC	ILLUMINA	SAMN09481973	Ara macao cyanopterus	SRP151303	PRJNA477839	2018-08-14	1469.0	174.0
SRR7426200	OTHER	PENNSYLVANIA STATE UNIVERSITY	Illumina HiSeq 2500	PAIRED	Hybrid Selection	GENOMIC	ILLUMINA	SAMN09481972	Ara macao cyanopterus	SRP151303	PRJNA477839	2018-08-14	1079.0	134.0
SRR7426201	OTHER	PENNSYLVANIA STATE UNIVERSITY	Illumina HiSeq 2500	PAIRED	Hybrid Selection	GENOMIC	ILLUMINA	SAMN09481978	Ara macao cyanopterus	SRP151303	PRJNA477839	2018-08-14	1974.0	190.0
SRR7426202	OTHER	PENNSYLVANIA STATE UNIVERSITY	Illumina HiSeq 2500	PAIRED	Hybrid Selection	GENOMIC	ILLUMINA	SAMN09481978	Ara macao cyanopterus	SRP151303	PRJNA477839	2018-08-14	2509.0	174.0
SRR7426203	OTHER	PENNSYLVANIA STATE UNIVERSITY	NextSeq 500	PAIRED	Hybrid Selection	GENOMIC	ILLUMINA	SAMN09481965	Ara macao cyanopterus	SRP151303	PRJNA477839	2018-08-14	1595.0	166.0
SRR7426204	OTHER	PENNSYLVANIA STATE UNIVERSITY	NextSeq 500	PAIRED	Hybrid Selection	GENOMIC	ILLUMINA	SAMN09481962	Ara macao cyanopterus	SRP151303	PRJNA477839	2018-08-14	3858.0	120.0
SRR7426205	OTHER	PENNSYLVANIA STATE UNIVERSITY	NextSeq 500	PAIRED	Hybrid Selection	GENOMIC	ILLUMINA	SAMN09481975	Ara macao cyanopterus	SRP151303	PRJNA477839	2018-08-14	1864.0	193.0
SRR7426206	OTHER	PENNSYLVANIA STATE UNIVERSITY	NextSeq 500	PAIRED	Hybrid Selection	GENOMIC	ILLUMINA	SAMN09481966	Ara macao cyanopterus	SRP151303	PRJNA477839	2018-08-14	2180.0	196.0
SRR7426207	OTHER	PENNSYLVANIA STATE UNIVERSITY	NextSeq 500	PAIRED	Hybrid Selection	GENOMIC	ILLUMINA	SAMN09481974	Ara macao cyanopterus	SRP151303	PRJNA477839	2018-08-14	2168.0	160.0
SRR7426208	OTHER	PENNSYLVANIA STATE UNIVERSITY	NextSeq 500	PAIRED	Hybrid Selection	GENOMIC	ILLUMINA	SAMN09481971	Ara macao cyanopterus	SRP151303	PRJNA477839	2018-08-14	1706.0	157.0
SRR7426209	OTHER	PENNSYLVANIA STATE UNIVERSITY	Illumina HiSeq 2500	PAIRED	Hybrid Selection	GENOMIC	ILLUMINA	SAMN09481969	Ara macao cyanopterus	SRP151303	PRJNA477839	2018-08-14	2906.0	120.0
SRR7426210	OTHER	PENNSYLVANIA STATE UNIVERSITY	NextSeq 500	PAIRED	Hybrid Selection	GENOMIC	ILLUMINA	SAMN09481968	Ara macao cyanopterus	SRP151303	PRJNA477839	2018-08-14	2881.0	188.0
SRR7426211	OTHER	PENNSYLVANIA STATE UNIVERSITY	NextSeq 500	PAIRED	Hybrid Selection	GENOMIC	ILLUMINA	SAMN09481970	Ara macao cyanopterus	SRP151303	PRJNA477839	2018-08-14	2204.0	125.0
SRR7426212	OTHER	PENNSYLVANIA STATE UNIVERSITY	NextSeq 500	PAIRED	Hybrid Selection	GENOMIC	ILLUMINA	SAMN09481964	Ara macao cyanopterus	SRP151303	PRJNA477839	2018-08-14	6042.0	113.0
SRR7426213	OTHER	PENNSYLVANIA STATE UNIVERSITY	Illumina HiSeq 2500	PAIRED	Hybrid Selection	GENOMIC	ILLUMINA	SAMN09481967	Ara macao cyanopterus	SRP151303	PRJNA477839	2018-08-14	2549.0	187.0
SRR7426214	OTHER	PENNSYLVANIA STATE UNIVERSITY	NextSeq 500	PAIRED	Hybrid Selection	GENOMIC	ILLUMINA	SAMN09481963	Ara macao cyanopterus	SRP151303	PRJNA477839	2018-08-14	2676.0	196.0
SRR7426215	OTHER	PENNSYLVANIA STATE UNIVERSITY	NextSeq 500	PAIRED	Hybrid Selection	GENOMIC	ILLUMINA	SAMN09481977	Ara macao cyanopterus	SRP151303	PRJNA477839	2018-08-14	5926.0	123.0
SRR7426216	OTHER	PENNSYLVANIA STATE UNIVERSITY	Illumina HiSeq 2500	PAIRED	Hybrid Selection	GENOMIC	ILLUMINA	SAMN09481967	Ara macao cyanopterus	SRP151303	PRJNA477839	2018-08-14	1697.0	161.0
SRR13483937	WGS	AMNH	HiSeq X Ten	PAIRED	Hybrid Selection	GENOMIC	ILLUMINA	SAMN17062360	Ara macao cyanopterus	SRP302372	PRJNA692616	2023-03-27	184.0	194.0
SRR8782883	WGS	IRIDIAN GENOMES	HiSeq X Ten	PAIRED	RANDOM	GENOMIC	ILLUMINA	SAMN11250506	Ara militaris	SRP189371	PRJNA528956	2019-03-25	22600.0	300.0
SRR11522399	WGS	IRIDIAN GENOMES	HiSeq X Ten	SINGLE	RANDOM	GENOMIC	ILLUMINA	SAMN11250506	Ara militaris	SRP189371	PRJNA528956	2020-04-11	1100.0	2403.0
SRR13483936	WGS	AMNH	HiSeq X Ten	PAIRED	Hybrid Selection	GENOMIC	ILLUMINA	SAMN17062361	Ara militaris	SRP302372	PRJNA692616	2023-03-27	230.0	193.0
ERR17681176	Hi-C	WELLCOME SANGER INSTITUTE	Illumina NovaSeq X	PAIRED	Restriction Digest	GENOMIC	ILLUMINA	SAMEA118680534	Ara militaris	ERP203071	PRJEB123066	2026-08-06	130456.0	302.0
ERR17875022	WGS	WELLCOME SANGER INSTITUTE	PromethION	SINGLE	RANDOM	GENOMIC	OXFORD_NANOPORE	SAMEA118680534	Ara militaris	ERP203071	PRJEB123066	2026-09-13		
SRR15222631	WGS	IRIDIAN GENOMES	HiSeq X Ten	PAIRED	RANDOM	GENOMIC	ILLUMINA	SAMN19459792	Ara rubrogenys	SRP329583	PRJNA703525	2021-07-23	22210.0	300.0
ERR6797223	WGS	IBE (INSTITUT DE BIOLOGIA EVOLUTIVA)	GridION	SINGLE	RANDOM	GENOMIC	OXFORD_NANOPORE	SAMEA9957015	Ara rubrogenys	ERP131831	PRJEB47551	2021-09-30	103650.0	14136.0
ERR6797224	WGS	IBE (INSTITUT DE BIOLOGIA EVOLUTIVA)	GridION	SINGLE	RANDOM	GENOMIC	OXFORD_NANOPORE	SAMEA9957015	Ara rubrogenys	ERP131831	PRJEB47551	2021-09-30		
SRR13483935	WGS	AMNH	HiSeq X Ten	PAIRED	Hybrid Selection	GENOMIC	ILLUMINA	SAMN17062362	Ara rubrogenys	SRP302372	PRJNA692616	2023-03-27	172.0	193.0
SRR20653273	WGS	IRIDIAN GENOMES	HiSeq X Ten	PAIRED	RANDOM	GENOMIC	ILLUMINA	SAMN18863566	Ara severus	SRP388250	PRJNA703526	2022-07-26	23906.0	300.0
SRR13483934	WGS	AMNH	HiSeq X Ten	PAIRED	Hybrid Selection	GENOMIC	ILLUMINA	SAMN17062363	Ara severus	SRP302372	PRJNA692616	2023-03-27	107.0	192.0
SRR6237615	WGS	SWEDISH MUSEUM OF NATURAL HISTORY	HiSeq X Ten	PAIRED	RANDOM	GENOMIC	ILLUMINA	SAMN07833754	Ara tricolor	SRP123066	PRJNA415927	2018-03-01	68948.0	302.0
SRR6237616	WGS	SWEDISH MUSEUM OF NATURAL HISTORY	HiSeq X Ten	PAIRED	RANDOM	GENOMIC	ILLUMINA	SAMN07833755	Ara tricolor	SRP123066	PRJNA415927	2018-03-01	62245.0	302.0
SRR16761984	WGS	IRIDIAN GENOMES	HiSeq X Ten	PAIRED	RANDOM	GENOMIC	ILLUMINA	SAMN18520317	Aratinga auricapillus	SRP344385	PRJNA703527	2021-11-05	26768.0	300.0
SRR13483896	WGS	AMNH	HiSeq X Ten	PAIRED	Hybrid Selection	GENOMIC	ILLUMINA	SAMN17062306	Aratinga auricapillus	SRP302372	PRJNA692616	2023-03-27	773.0	190.0
SRR13036372	WGS	IRIDIAN GENOMES	HiSeq X Ten	PAIRED	RANDOM	GENOMIC	ILLUMINA	SAMN16755364	Aratinga jandaya	SRP292206	PRJNA676138	2020-11-11	16929.0	300.0
SRR13753093	WGS	IRIDIAN GENOMES	HiSeq X Ten	PAIRED	RANDOM	GENOMIC	ILLUMINA	SAMN16755364	Aratinga jandaya	SRP292206	PRJNA676138	2021-02-20	28146.0	300.0
SRR13483885	WGS	AMNH	HiSeq X Ten	PAIRED	Hybrid Selection	GENOMIC	ILLUMINA	SAMN17062307	Aratinga jandaya	SRP302372	PRJNA692616	2023-03-27	193.0	195.0
SRR16642977	WGS	IRIDIAN GENOMES	HiSeq X Ten	PAIRED	RANDOM	GENOMIC	ILLUMINA	SAMN18520318	Aratinga maculata	SRP343872	PRJNA703528	2021-11-01	30655.0	300.0
SRR28374721	Targeted-Capture	AMERICAN MUSEUM OF NATURAL HISTORY	HiSeq X Ten	PAIRED	Reduced Representation	GENOMIC	ILLUMINA	SAMN40022376	Aratinga maculata	SRP302372	PRJNA692616	2024-03-18	17976.0	458.0
SRR14762073	WGS	IRIDIAN GENOMES	HiSeq X Ten	PAIRED	RANDOM	GENOMIC	ILLUMINA	SAMN18520319	Aratinga nenday	SRP323268	PRJNA479483	2021-06-08	23055.0	300.0
SRR13483853	WGS	AMNH	HiSeq X Ten	PAIRED	Hybrid Selection	GENOMIC	ILLUMINA	SAMN17062435	Aratinga nenday	SRP302372	PRJNA692616	2023-03-27	177.0	268.0
SRR5173510	WGS	IRIDIAN GENOMES	Illumina HiSeq X Ten	PAIRED	RANDOM	GENOMIC	ILLUMINA	SAMN06181670	Aratinga solstitialis	SRP096724	PRJNA358718	2017-01-18	20955.0	302.0
SRR6856176	WGS	IRIDIAN GENOMES	HiSeq X Ten	SINGLE	RANDOM	GENOMIC	ILLUMINA	SAMN06181670	Aratinga solstitialis	SRP096724	PRJNA358718	2018-03-19	19473.0	145.0
SRR7909631	ncRNA-Seq	SAARLAND UNIVERSITY	Illumina HiSeq 2500	SINGLE	other	TRANSCRIPTOMIC	ILLUMINA	SAMN10138754	Aratinga solstitialis	SRP162759	PRJNA493626	2019-03-29	2188.0	50.0
ERR3887795	WGS	INSTITUT DE BIOLOGIA EVOLUTIVA (CSIC-UPF)	HiSeq X Ten	PAIRED	RANDOM	GENOMIC	ILLUMINA	SAMEA6520284	Aratinga solstitialis	ERP119789	PRJEB36582	2020-02-07	32890.0	302.0
ERR3887797	WGS	INSTITUT DE BIOLOGIA EVOLUTIVA (CSIC-UPF)	HiSeq X Ten	PAIRED	RANDOM	GENOMIC	ILLUMINA	SAMEA6520284	Aratinga solstitialis	ERP119789	PRJEB36582	2020-02-07	52580.0	302.0
ERR3888577	WGS	INSTITUT DE BIOLOGIA EVOLUTIVA (CSIC-UPF)	HiSeq X Ten	PAIRED	RANDOM	GENOMIC	ILLUMINA	SAMEA6520284	Aratinga solstitialis	ERP119789	PRJEB36582	2020-02-08	54115.0	302.0
ERR3888671	WGS	INSTITUT DE BIOLOGIA EVOLUTIVA (CSIC-UPF)	HiSeq X Ten	PAIRED	RANDOM	GENOMIC	ILLUMINA	SAMEA6520284	Aratinga solstitialis	ERP119789	PRJEB36582	2020-02-08	138237.0	302.0
SRR11362852	WGS	IRIDIAN GENOMES	HiSeq X Ten	SINGLE	RANDOM	GENOMIC	ILLUMINA	SAMN06181670	Aratinga solstitialis	SRP096724	PRJNA358718	2020-03-21	1224.0	3115.0
SRR13483874	WGS	AMNH	HiSeq X Ten	PAIRED	Hybrid Selection	GENOMIC	ILLUMINA	SAMN17062308	Aratinga solstitialis	SRP302372	PRJNA692616	2023-03-27	250.0	194.0
SRR34218487	WGS	IRIDIAN GENOMES	Illumina NovaSeq 6000	PAIRED	RANDOM	GENOMIC	ILLUMINA	SAMN49650631	Aratinga solstitialis	SRP096724	PRJNA358718	2025-06-26	34286.0	316.0
SRR7533333	WGS	IRIDIAN GENOMES	HiSeq X Ten	PAIRED	RANDOM	GENOMIC	ILLUMINA	SAMN09681954	Aratinga weddellii	SRP154221	PRJNA481535	2018-07-17	18394.0	300.0
SRR11527068	WGS	IRIDIAN GENOMES	HiSeq X Ten	SINGLE	RANDOM	GENOMIC	ILLUMINA	SAMN09681954	Aratinga weddellii	SRP154221	PRJNA481535	2020-04-12	1114.0	6144.0
SRR13483932	WGS	AMNH	HiSeq X Ten	PAIRED	Hybrid Selection	GENOMIC	ILLUMINA	SAMN17062365	Barnardius barnardi	SRP302372	PRJNA692616	2023-03-27	221.0	193.0
SRR21034920	WGS	IRIDIAN GENOMES	HiSeq X Ten	PAIRED	RANDOM	GENOMIC	ILLUMINA	SAMN18863597	Barnardius zonarius	SRP391958	PRJNA703529	2022-08-13	23701.0	300.0
SRR13483930	WGS	AMNH	HiSeq X Ten	PAIRED	Hybrid Selection	GENOMIC	ILLUMINA	SAMN17062366	Barnardius zonarius	SRP302372	PRJNA692616	2023-03-27	176.0	192.0
SRR13483927	WGS	AMNH	HiSeq X Ten	PAIRED	Hybrid Selection	GENOMIC	ILLUMINA	SAMN17062369	Bolbopsittacus lunulatus	SRP302372	PRJNA692616	2023-03-27	144.0	191.0
SRR24579578	WGS	HONG KONG UNIVERSITY	Illumina HiSeq 2500	PAIRED	unspecified	GENOMIC	ILLUMINA	SAMN35027631	Bolbopsittacus lunulatus	SRP437930	PRJNA971241	2023-08-24	4968.0	251.0
SRR13483929	WGS	AMNH	Illumina HiSeq 3000	PAIRED	Hybrid Selection	GENOMIC	ILLUMINA	SAMN17062367	Bolborhynchus ferrugineifrons	SRP302372	PRJNA692616	2023-03-27	242.0	182.0
SRR21034921	WGS	IRIDIAN GENOMES	HiSeq X Ten	PAIRED	RANDOM	GENOMIC	ILLUMINA	SAMN18613274	Bolborhynchus lineola	SRP391959	PRJNA703531	2022-08-13	35187.0	300.0
SRR13483926	WGS	AMNH	HiSeq X Ten	PAIRED	Hybrid Selection	GENOMIC	ILLUMINA	SAMN17062370	Bolborhynchus orbygnesius	SRP302372	PRJNA692616	2023-03-27	286.0	194.0
SRR13483924	WGS	AMNH	HiSeq X Ten	PAIRED	Hybrid Selection	GENOMIC	ILLUMINA	SAMN17062372	Brotogeris chiriri	SRP302372	PRJNA692616	2023-03-27	220.0	192.0
SRR29714037	WGS	IRIDIAN GENOMES	HiSeq X Ten	PAIRED	RANDOM	GENOMIC	ILLUMINA	SAMN41767410	Brotogeris chiriri	SRP518138	PRJNA703532	2024-07-05	34154.0	300.0
SRR23336496	WGS	IRIDIAN GENOMES	HiSeq X Ten	PAIRED	RANDOM	GENOMIC	ILLUMINA	SAMN33058345	Brotogeris chrysoptera	SRP420896	PRJNA703533	2023-02-03	23103.0	300.0
SRR13483933	WGS	AMNH	HiSeq X Ten	PAIRED	Hybrid Selection	GENOMIC	ILLUMINA	SAMN17062364	Brotogeris chrysoptera	SRP302372	PRJNA692616	2023-03-27	442.0	201.0
SRR13483925	WGS	AMNH	HiSeq X Ten	PAIRED	Hybrid Selection	GENOMIC	ILLUMINA	SAMN17062371	Brotogeris cyanoptera	SRP302372	PRJNA692616	2023-03-27	314.0	193.0
SRR28968560	WGS	IRIDIAN GENOMES	HiSeq X Ten	PAIRED	RANDOM	GENOMIC	ILLUMINA	SAMN40504056	Brotogeris cyanoptera	SRP506543	PRJNA703534	2024-05-08	36597.0	300.0
SRR13483923	WGS	AMNH	HiSeq X Ten	PAIRED	Hybrid Selection	GENOMIC	ILLUMINA	SAMN17062373	Brotogeris jugularis	SRP302372	PRJNA692616	2023-03-27	217.0	192.0
SRR13483922	WGS	AMNH	HiSeq X Ten	PAIRED	Hybrid Selection	GENOMIC	ILLUMINA	SAMN17062374	Brotogeris pyrrhoptera	SRP302372	PRJNA692616	2023-03-27	239.0	193.0
SRR28963962	WGS	IRIDIAN GENOMES	HiSeq X Ten	PAIRED	RANDOM	GENOMIC	ILLUMINA	SAMN41263018	Brotogeris pyrrhoptera	SRP506471	PRJNA479485	2024-05-08	40459.0	300.0
SRR13483921	WGS	AMNH	HiSeq X Ten	PAIRED	Hybrid Selection	GENOMIC	ILLUMINA	SAMN17062375	Brotogeris sanctithomae	SRP302372	PRJNA692616	2023-03-27	288.0	191.0
SRR28896746	WGS	IRIDIAN GENOMES	HiSeq X Ten	PAIRED	RANDOM	GENOMIC	ILLUMINA	SAMN41160372	Brotogeris sanctithomae	SRP505697	PRJNA703536	2024-05-04	36982.0	300.0
SRR13483919	WGS	AMNH	HiSeq X Ten	PAIRED	Hybrid Selection	GENOMIC	ILLUMINA	SAMN17062376	Brotogeris tirica	SRP302372	PRJNA692616	2023-03-27	199.0	192.0
SRR25665017	WGS	IRIDIAN GENOMES	HiSeq X Ten	PAIRED	RANDOM	GENOMIC	ILLUMINA	SAMN37032506	Brotogeris tirica	SRP455617	PRJNA703538	2023-08-17	32343.0	300.0
SRR13483918	WGS	AMNH	HiSeq X Ten	PAIRED	Hybrid Selection	GENOMIC	ILLUMINA	SAMN17062377	Brotogeris versicolurus	SRP302372	PRJNA692616	2023-03-27	187.0	192.0
SRR29707163	WGS	IRIDIAN GENOMES	HiSeq X Ten	PAIRED	RANDOM	GENOMIC	ILLUMINA	SAMN41767406	Brotogeris versicolurus	SRP518019	PRJNA703539	2024-07-04	25131.0	300.0
SRR19067743	WGS	IRIDIAN GENOMES	HiSeq X Ten	PAIRED	RANDOM	GENOMIC	ILLUMINA	SAMN18865571	Cacatua alba	SRP373448	PRJNA703547	2022-05-03	24571.0	300.0
SRR17849997	Bisulfite-Seq	GEO	Illumina HiSeq 3000	SINGLE	Reduced Representation	GENOMIC	ILLUMINA	SAMN25561690	Cacatua alba	SRP357738	PRJNA802599	2022-06-19	1049.0	51.0
SRR17849998	Bisulfite-Seq	GEO	Illumina HiSeq 3000	SINGLE	Reduced Representation	GENOMIC	ILLUMINA	SAMN25561693	Cacatua alba	SRP357738	PRJNA802599	2022-06-19	746.0	61.0
SRR17849999	Bisulfite-Seq	GEO	Illumina HiSeq 3000	SINGLE	Reduced Representation	GENOMIC	ILLUMINA	SAMN25561695	Cacatua alba	SRP357738	PRJNA802599	2022-06-19	1060.0	51.0
SRR13483917	WGS	AMNH	HiSeq X Ten	PAIRED	Hybrid Selection	GENOMIC	ILLUMINA	SAMN17062378	Cacatua alba	SRP302372	PRJNA692616	2023-03-27	123.0	201.0
ERR16009356	WGS	UNIVERSITY OF CONNECTICUT	PromethION	SINGLE	RANDOM	GENOMIC	OXFORD_NANOPORE	SAMEA120586039	Cacatua alba	ERP185495	PRJEB104190	2025-12-14		
ERR11810762	WGS	INSTITUTE FOR SYSTEMS GENOMICS	PromethION	SINGLE	RANDOM	GENOMIC	OXFORD_NANOPORE	SAMEA114245581	Cacatua citrinocristata	ERP150061	PRJEB64890	2024-01-02		
SRR10852853	RNA-Seq	MAX PLANCK INSTITUTE FOR ORNITHOLOGY-SEEWIESEN	Illumina HiSeq 2500	PAIRED	RANDOM	TRANSCRIPTOMIC	ILLUMINA	SAMN13755116	Cacatua ducorpsii	SRP240625	PRJNA599522	2020-08-13	5080.0	100.0
SRR21034924	WGS	IRIDIAN GENOMES	HiSeq X Ten	PAIRED	RANDOM	GENOMIC	ILLUMINA	SAMN18613275	Cacatua ducorpsii	SRP391962	PRJNA703548	2022-08-13	57327.0	300.0
SRR13483657	WGS	AMNH	HiSeq X Ten	PAIRED	Hybrid Selection	GENOMIC	ILLUMINA	SAMN17062612	Cacatua ducorpsii	SRP302372	PRJNA692616	2023-03-27	4508.0	262.0
SRR13483912	WGS	AMNH	HiSeq X Ten	PAIRED	Hybrid Selection	GENOMIC	ILLUMINA	SAMN17062383	Cacatua galerita	SRP302372	PRJNA692616	2023-03-27	171.0	201.0
SRR26030272	WGS	IRIDIAN GENOMES	HiSeq X Ten	PAIRED	RANDOM	GENOMIC	ILLUMINA	SAMN37350434	Cacatua galerita	SRP459713	PRJNA703552	2023-09-11	26230.0	300.0
SRR13483905	WGS	AMNH	HiSeq X Ten	PAIRED	Hybrid Selection	GENOMIC	ILLUMINA	SAMN17062389	Cacatua goffiniana	SRP302372	PRJNA692616	2023-03-27	276.0	192.0
SRR13483656	WGS	AMNH	HiSeq X Ten	PAIRED	Hybrid Selection	GENOMIC	ILLUMINA	SAMN17062613	Cacatua haematuropygia	SRP302372	PRJNA692616	2023-03-27	165.0	201.0
ERR11189719	WGS	INSTITUTE FOR SYSTEMS GENOMICS	PromethION	SINGLE	RANDOM	GENOMIC	OXFORD_NANOPORE	SAMEA112864659	Cacatua haematuropygia	ERP145580	PRJEB60513	2023-04-08		
SRR30316674	WGS	IRIDIAN GENOMES	HiSeq X Ten	PAIRED	RANDOM	GENOMIC	ILLUMINA	SAMN41767772	Cacatua haematuropygia	SRP527634	PRJNA703554	2024-08-20	35319.0	300.0
SRR21034926	WGS	IRIDIAN GENOMES	HiSeq X Ten	PAIRED	RANDOM	GENOMIC	ILLUMINA	SAMN18863883	Cacatua moluccensis	SRP391964	PRJNA703555	2022-08-13	40504.0	300.0
SRR13483910	WGS	AMNH	HiSeq X Ten	PAIRED	Hybrid Selection	GENOMIC	ILLUMINA	SAMN17062385	Cacatua moluccensis	SRP302372	PRJNA692616	2023-03-27	250.0	201.0
SRR23711627	WGS	IRIDIAN GENOMES	HiSeq X Ten	PAIRED	RANDOM	GENOMIC	ILLUMINA	SAMN32398553	Cacatua ophthalmica	SRP425850	PRJNA703556	2023-03-06	14938.0	300.0
SRR13483958	WGS	AMNH	HiSeq X Ten	PAIRED	Hybrid Selection	GENOMIC	ILLUMINA	SAMN17062341	Cacatua ophthalmica	SRP302372	PRJNA692616	2023-03-27	2135.0	268.0
SRR13483904	WGS	AMNH	HiSeq X Ten	PAIRED	Hybrid Selection	GENOMIC	ILLUMINA	SAMN17062390	Cacatua pastinator	SRP302372	PRJNA692616	2023-03-27	166.0	187.0
SRR23337459	WGS	IRIDIAN GENOMES	HiSeq X Ten	PAIRED	RANDOM	GENOMIC	ILLUMINA	SAMN33059337	Cacatua sanguinea	SRP420906	PRJNA703558	2023-02-03	26344.0	300.0
SRR13483907	WGS	AMNH	HiSeq X Ten	PAIRED	Hybrid Selection	GENOMIC	ILLUMINA	SAMN17062387	Cacatua sanguinea	SRP302372	PRJNA692616	2023-03-27	185.0	201.0
SRR31823170	WGS	JAMES COOK UNIVERSITY	Illumina NovaSeq 6000	PAIRED	PCR	METAGENOMIC	ILLUMINA	SAMN45957024	Cacatua sanguinea papillomavirus 1	SRP553681	PRJNA1202390	2024-12-24	7552.0	300.0
SRR8236580	WGS	LOUISIANA STATE UNIVERSITY	Illumina HiSeq 2000	PAIRED	Hybrid Selection	GENOMIC	ILLUMINA	SAMN10450281	Cacatua sulphurea	SRP170078	PRJNA480834	2018-11-21	462.0	200.0
SRR13483906	WGS	AMNH	HiSeq X Ten	PAIRED	Hybrid Selection	GENOMIC	ILLUMINA	SAMN17062388	Cacatua sulphurea	SRP302372	PRJNA692616	2023-03-27	576.0	201.0
SRR24055585	WGS	IRIDIAN GENOMES	HiSeq X Ten	PAIRED	RANDOM	GENOMIC	ILLUMINA	SAMN34059932	Cacatua sulphurea	SRP430690	PRJNA703559	2023-04-03	33160.0	300.0
SRR23335510	WGS	IRIDIAN GENOMES	HiSeq X Ten	PAIRED	RANDOM	GENOMIC	ILLUMINA	SAMN33057209	Cacatua tenuirostris	SRP420873	PRJNA553061	2023-02-03	15290.0	300.0
SRR13483903	WGS	AMNH	HiSeq X Ten	PAIRED	Hybrid Selection	GENOMIC	ILLUMINA	SAMN17062391	Cacatua tenuirostris	SRP302372	PRJNA692616	2023-03-27	183.0	191.0
SRR12045429	WGS	IRIDIAN GENOMES	HiSeq X Ten	PAIRED	RANDOM	GENOMIC	ILLUMINA	SAMN15314810	Callocephalon fimbriatum	SRP267850	PRJNA640361	2020-06-18	22806.0	300.0
SRR12115973	WGS	IRIDIAN GENOMES	HiSeq X Ten	SINGLE	RANDOM	GENOMIC	ILLUMINA	SAMN15314810	Callocephalon fimbriatum	SRP267850	PRJNA640361	2020-06-30	1040.0	3378.0
SRR17850025	Bisulfite-Seq	GEO	Illumina HiSeq 3000	SINGLE	Reduced Representation	GENOMIC	ILLUMINA	SAMN25561968	Callocephalon fimbriatum	SRP357738	PRJNA802599	2022-06-19	735.0	51.0
SRR17850026	Bisulfite-Seq	GEO	Illumina HiSeq 3000	SINGLE	Reduced Representation	GENOMIC	ILLUMINA	SAMN25561971	Callocephalon fimbriatum	SRP357738	PRJNA802599	2022-06-19	923.0	51.0
SRR17850027	Bisulfite-Seq	GEO	Illumina HiSeq 3000	SINGLE	Reduced Representation	GENOMIC	ILLUMINA	SAMN25561974	Callocephalon fimbriatum	SRP357738	PRJNA802599	2022-06-19	676.0	51.0
SRR13483914	WGS	AMNH	HiSeq X Ten	PAIRED	Hybrid Selection	GENOMIC	ILLUMINA	SAMN17062381	Callocephalon fimbriatum	SRP302372	PRJNA692616	2023-03-27	332.0	201.0
SRR9871074	RAD-Seq	UNIVERSITY OF SYDNEY	Illumina HiSeq 2500	SINGLE	Reduced Representation	GENOMIC	ILLUMINA	SAMN12404642	Calyptorhynchus banksii	SRP216942	PRJNA557608	2019-09-30	173.0	77.0
SRR9871075	RAD-Seq	UNIVERSITY OF SYDNEY	Illumina HiSeq 2500	SINGLE	Reduced Representation	GENOMIC	ILLUMINA	SAMN12404639	Calyptorhynchus banksii	SRP216942	PRJNA557608	2019-09-30	177.0	77.0
SRR9871076	RAD-Seq	UNIVERSITY OF SYDNEY	Illumina HiSeq 2500	SINGLE	Reduced Representation	GENOMIC	ILLUMINA	SAMN12404640	Calyptorhynchus banksii	SRP216942	PRJNA557608	2019-09-30	180.0	77.0
SRR9871077	RAD-Seq	UNIVERSITY OF SYDNEY	Illumina HiSeq 2500	SINGLE	Reduced Representation	GENOMIC	ILLUMINA	SAMN12404637	Calyptorhynchus banksii	SRP216942	PRJNA557608	2019-09-30	185.0	77.0
SRR9871078	RAD-Seq	UNIVERSITY OF SYDNEY	Illumina HiSeq 2500	SINGLE	Reduced Representation	GENOMIC	ILLUMINA	SAMN12404638	Calyptorhynchus banksii	SRP216942	PRJNA557608	2019-09-30	176.0	77.0
SRR9871079	RAD-Seq	UNIVERSITY OF SYDNEY	Illumina HiSeq 2500	SINGLE	Reduced Representation	GENOMIC	ILLUMINA	SAMN12404645	Calyptorhynchus banksii	SRP216942	PRJNA557608	2019-09-30	169.0	77.0
SRR9871080	RAD-Seq	UNIVERSITY OF SYDNEY	Illumina HiSeq 2500	SINGLE	Reduced Representation	GENOMIC	ILLUMINA	SAMN12404646	Calyptorhynchus banksii	SRP216942	PRJNA557608	2019-09-30	177.0	77.0
SRR9871081	RAD-Seq	UNIVERSITY OF SYDNEY	Illumina HiSeq 2500	SINGLE	Reduced Representation	GENOMIC	ILLUMINA	SAMN12404736	Calyptorhynchus banksii	SRP216942	PRJNA557608	2019-09-30	159.0	77.0
SRR9871082	RAD-Seq	UNIVERSITY OF SYDNEY	Illumina HiSeq 2500	SINGLE	Reduced Representation	GENOMIC	ILLUMINA	SAMN12404735	Calyptorhynchus banksii	SRP216942	PRJNA557608	2019-09-30	138.0	77.0
SRR9871083	RAD-Seq	UNIVERSITY OF SYDNEY	Illumina HiSeq 2500	SINGLE	Reduced Representation	GENOMIC	ILLUMINA	SAMN12404635	Calyptorhynchus banksii	SRP216942	PRJNA557608	2019-09-30	180.0	77.0
SRR9871084	RAD-Seq	UNIVERSITY OF SYDNEY	Illumina HiSeq 2500	SINGLE	Reduced Representation	GENOMIC	ILLUMINA	SAMN12404636	Calyptorhynchus banksii	SRP216942	PRJNA557608	2019-09-30	179.0	77.0
SRR9871085	RAD-Seq	UNIVERSITY OF SYDNEY	Illumina HiSeq 2500	SINGLE	Reduced Representation	GENOMIC	ILLUMINA	SAMN12404732	Calyptorhynchus banksii	SRP216942	PRJNA557608	2019-09-30	174.0	77.0
SRR9871086	RAD-Seq	UNIVERSITY OF SYDNEY	Illumina HiSeq 2500	SINGLE	Reduced Representation	GENOMIC	ILLUMINA	SAMN12404731	Calyptorhynchus banksii	SRP216942	PRJNA557608	2019-09-30	137.0	77.0
SRR9871087	RAD-Seq	UNIVERSITY OF SYDNEY	Illumina HiSeq 2500	SINGLE	Reduced Representation	GENOMIC	ILLUMINA	SAMN12404734	Calyptorhynchus banksii	SRP216942	PRJNA557608	2019-09-30	156.0	77.0
SRR9871088	RAD-Seq	UNIVERSITY OF SYDNEY	Illumina HiSeq 2500	SINGLE	Reduced Representation	GENOMIC	ILLUMINA	SAMN12404733	Calyptorhynchus banksii	SRP216942	PRJNA557608	2019-09-30	160.0	77.0
SRR9871089	RAD-Seq	UNIVERSITY OF SYDNEY	Illumina HiSeq 2500	SINGLE	Reduced Representation	GENOMIC	ILLUMINA	SAMN12404728	Calyptorhynchus banksii	SRP216942	PRJNA557608	2019-09-30	166.0	77.0
SRR9871090	RAD-Seq	UNIVERSITY OF SYDNEY	Illumina HiSeq 2500	SINGLE	Reduced Representation	GENOMIC	ILLUMINA	SAMN12404727	Calyptorhynchus banksii	SRP216942	PRJNA557608	2019-09-30	156.0	77.0
SRR9871091	RAD-Seq	UNIVERSITY OF SYDNEY	Illumina HiSeq 2500	SINGLE	Reduced Representation	GENOMIC	ILLUMINA	SAMN12404627	Calyptorhynchus banksii	SRP216942	PRJNA557608	2019-09-30	170.0	77.0
SRR9871092	RAD-Seq	UNIVERSITY OF SYDNEY	Illumina HiSeq 2500	SINGLE	Reduced Representation	GENOMIC	ILLUMINA	SAMN12404628	Calyptorhynchus banksii	SRP216942	PRJNA557608	2019-09-30	172.0	77.0
SRR9871093	RAD-Seq	UNIVERSITY OF SYDNEY	Illumina HiSeq 2500	SINGLE	Reduced Representation	GENOMIC	ILLUMINA	SAMN12404659	Calyptorhynchus banksii	SRP216942	PRJNA557608	2019-09-30	177.0	77.0
SRR9871094	RAD-Seq	UNIVERSITY OF SYDNEY	Illumina HiSeq 2500	SINGLE	Reduced Representation	GENOMIC	ILLUMINA	SAMN12404661	Calyptorhynchus banksii	SRP216942	PRJNA557608	2019-09-30	173.0	77.0
SRR9871095	RAD-Seq	UNIVERSITY OF SYDNEY	Illumina HiSeq 2500	SINGLE	Reduced Representation	GENOMIC	ILLUMINA	SAMN12404672	Calyptorhynchus banksii	SRP216942	PRJNA557608	2019-09-30	174.0	77.0
SRR9871096	RAD-Seq	UNIVERSITY OF SYDNEY	Illumina HiSeq 2500	SINGLE	Reduced Representation	GENOMIC	ILLUMINA	SAMN12404690	Calyptorhynchus banksii	SRP216942	PRJNA557608	2019-09-30	185.0	77.0
SRR9871097	RAD-Seq	UNIVERSITY OF SYDNEY	Illumina HiSeq 2500	SINGLE	Reduced Representation	GENOMIC	ILLUMINA	SAMN12404689	Calyptorhynchus banksii	SRP216942	PRJNA557608	2019-09-30	184.0	77.0
SRR9871098	RAD-Seq	UNIVERSITY OF SYDNEY	Illumina HiSeq 2500	SINGLE	Reduced Representation	GENOMIC	ILLUMINA	SAMN12404688	Calyptorhynchus banksii	SRP216942	PRJNA557608	2019-09-30	193.0	77.0
SRR9871099	RAD-Seq	UNIVERSITY OF SYDNEY	Illumina HiSeq 2500	SINGLE	Reduced Representation	GENOMIC	ILLUMINA	SAMN12404687	Calyptorhynchus banksii	SRP216942	PRJNA557608	2019-09-30	183.0	77.0
SRR9871100	RAD-Seq	UNIVERSITY OF SYDNEY	Illumina HiSeq 2500	SINGLE	Reduced Representation	GENOMIC	ILLUMINA	SAMN12404694	Calyptorhynchus banksii	SRP216942	PRJNA557608	2019-09-30	189.0	77.0
SRR9871101	RAD-Seq	UNIVERSITY OF SYDNEY	Illumina HiSeq 2500	SINGLE	Reduced Representation	GENOMIC	ILLUMINA	SAMN12404693	Calyptorhynchus banksii	SRP216942	PRJNA557608	2019-09-30	181.0	77.0
SRR9871102	RAD-Seq	UNIVERSITY OF SYDNEY	Illumina HiSeq 2500	SINGLE	Reduced Representation	GENOMIC	ILLUMINA	SAMN12404692	Calyptorhynchus banksii	SRP216942	PRJNA557608	2019-09-30	213.0	77.0
SRR9871103	RAD-Seq	UNIVERSITY OF SYDNEY	Illumina HiSeq 2500	SINGLE	Reduced Representation	GENOMIC	ILLUMINA	SAMN12404691	Calyptorhynchus banksii	SRP216942	PRJNA557608	2019-09-30	215.0	77.0
SRR9871104	RAD-Seq	UNIVERSITY OF SYDNEY	Illumina HiSeq 2500	SINGLE	Reduced Representation	GENOMIC	ILLUMINA	SAMN12404696	Calyptorhynchus banksii	SRP216942	PRJNA557608	2019-09-30	188.0	77.0
SRR9871105	RAD-Seq	UNIVERSITY OF SYDNEY	Illumina HiSeq 2500	SINGLE	Reduced Representation	GENOMIC	ILLUMINA	SAMN12404695	Calyptorhynchus banksii	SRP216942	PRJNA557608	2019-09-30	180.0	77.0
SRR9871106	RAD-Seq	UNIVERSITY OF SYDNEY	Illumina HiSeq 2500	SINGLE	Reduced Representation	GENOMIC	ILLUMINA	SAMN12404825	Calyptorhynchus banksii	SRP216942	PRJNA557608	2019-09-30	167.0	77.0
SRR9871107	RAD-Seq	UNIVERSITY OF SYDNEY	Illumina HiSeq 2500	SINGLE	Reduced Representation	GENOMIC	ILLUMINA	SAMN12404826	Calyptorhynchus banksii	SRP216942	PRJNA557608	2019-09-30	163.0	77.0
SRR9871108	RAD-Seq	UNIVERSITY OF SYDNEY	Illumina HiSeq 2500	SINGLE	Reduced Representation	GENOMIC	ILLUMINA	SAMN12404665	Calyptorhynchus banksii	SRP216942	PRJNA557608	2019-09-30	182.0	77.0
SRR9871109	RAD-Seq	UNIVERSITY OF SYDNEY	Illumina HiSeq 2500	SINGLE	Reduced Representation	GENOMIC	ILLUMINA	SAMN12404666	Calyptorhynchus banksii	SRP216942	PRJNA557608	2019-09-30	179.0	77.0
SRR9871110	RAD-Seq	UNIVERSITY OF SYDNEY	Illumina HiSeq 2500	SINGLE	Reduced Representation	GENOMIC	ILLUMINA	SAMN12404842	Calyptorhynchus banksii	SRP216942	PRJNA557608	2019-09-30	165.0	77.0
SRR9871111	RAD-Seq	UNIVERSITY OF SYDNEY	Illumina HiSeq 2500	SINGLE	Reduced Representation	GENOMIC	ILLUMINA	SAMN12404632	Calyptorhynchus banksii	SRP216942	PRJNA557608	2019-09-30	178.0	77.0
SRR9871112	RAD-Seq	UNIVERSITY OF SYDNEY	Illumina HiSeq 2500	SINGLE	Reduced Representation	GENOMIC	ILLUMINA	SAMN12404657	Calyptorhynchus banksii	SRP216942	PRJNA557608	2019-09-30	179.0	77.0
SRR9871113	RAD-Seq	UNIVERSITY OF SYDNEY	Illumina HiSeq 2500	SINGLE	Reduced Representation	GENOMIC	ILLUMINA	SAMN12404658	Calyptorhynchus banksii	SRP216942	PRJNA557608	2019-09-30	181.0	77.0
SRR9871114	RAD-Seq	UNIVERSITY OF SYDNEY	Illumina HiSeq 2500	SINGLE	Reduced Representation	GENOMIC	ILLUMINA	SAMN12404841	Calyptorhynchus banksii	SRP216942	PRJNA557608	2019-09-30	193.0	77.0
SRR9871115	RAD-Seq	UNIVERSITY OF SYDNEY	Illumina HiSeq 2500	SINGLE	Reduced Representation	GENOMIC	ILLUMINA	SAMN12404660	Calyptorhynchus banksii	SRP216942	PRJNA557608	2019-09-30	175.0	77.0
SRR9871116	RAD-Seq	UNIVERSITY OF SYDNEY	Illumina HiSeq 2500	SINGLE	Reduced Representation	GENOMIC	ILLUMINA	SAMN12404629	Calyptorhynchus banksii	SRP216942	PRJNA557608	2019-09-30	177.0	77.0
SRR9871117	RAD-Seq	UNIVERSITY OF SYDNEY	Illumina HiSeq 2500	SINGLE	Reduced Representation	GENOMIC	ILLUMINA	SAMN12404662	Calyptorhynchus banksii	SRP216942	PRJNA557608	2019-09-30	178.0	77.0
SRR9871118	RAD-Seq	UNIVERSITY OF SYDNEY	Illumina HiSeq 2500	SINGLE	Reduced Representation	GENOMIC	ILLUMINA	SAMN12404663	Calyptorhynchus banksii	SRP216942	PRJNA557608	2019-09-30	172.0	77.0
SRR9871119	RAD-Seq	UNIVERSITY OF SYDNEY	Illumina HiSeq 2500	SINGLE	Reduced Representation	GENOMIC	ILLUMINA	SAMN12404664	Calyptorhynchus banksii	SRP216942	PRJNA557608	2019-09-30	178.0	77.0
SRR9871120	RAD-Seq	UNIVERSITY OF SYDNEY	Illumina HiSeq 2500	SINGLE	Reduced Representation	GENOMIC	ILLUMINA	SAMN12404844	Calyptorhynchus banksii	SRP216942	PRJNA557608	2019-09-30	209.0	77.0
SRR9871121	RAD-Seq	UNIVERSITY OF SYDNEY	Illumina HiSeq 2500	SINGLE	Reduced Representation	GENOMIC	ILLUMINA	SAMN12404630	Calyptorhynchus banksii	SRP216942	PRJNA557608	2019-09-30	183.0	77.0
SRR9871122	RAD-Seq	UNIVERSITY OF SYDNEY	Illumina HiSeq 2500	SINGLE	Reduced Representation	GENOMIC	ILLUMINA	SAMN12404843	Calyptorhynchus banksii	SRP216942	PRJNA557608	2019-09-30	211.0	77.0
SRR9871123	RAD-Seq	UNIVERSITY OF SYDNEY	Illumina HiSeq 2500	SINGLE	Reduced Representation	GENOMIC	ILLUMINA	SAMN12404730	Calyptorhynchus banksii	SRP216942	PRJNA557608	2019-09-30	152.0	77.0
SRR9871124	RAD-Seq	UNIVERSITY OF SYDNEY	Illumina HiSeq 2500	SINGLE	Reduced Representation	GENOMIC	ILLUMINA	SAMN12404838	Calyptorhynchus banksii	SRP216942	PRJNA557608	2019-09-30	202.0	77.0
SRR9871125	RAD-Seq	UNIVERSITY OF SYDNEY	Illumina HiSeq 2500	SINGLE	Reduced Representation	GENOMIC	ILLUMINA	SAMN12404729	Calyptorhynchus banksii	SRP216942	PRJNA557608	2019-09-30	175.0	77.0
SRR9871126	RAD-Seq	UNIVERSITY OF SYDNEY	Illumina HiSeq 2500	SINGLE	Reduced Representation	GENOMIC	ILLUMINA	SAMN12404837	Calyptorhynchus banksii	SRP216942	PRJNA557608	2019-09-30	216.0	77.0
SRR9871127	RAD-Seq	UNIVERSITY OF SYDNEY	Illumina HiSeq 2500	SINGLE	Reduced Representation	GENOMIC	ILLUMINA	SAMN12404716	Calyptorhynchus banksii	SRP216942	PRJNA557608	2019-09-30	94.0	77.0
SRR9871128	RAD-Seq	UNIVERSITY OF SYDNEY	Illumina HiSeq 2500	SINGLE	Reduced Representation	GENOMIC	ILLUMINA	SAMN12404715	Calyptorhynchus banksii	SRP216942	PRJNA557608	2019-09-30	97.0	77.0
SRR9871129	RAD-Seq	UNIVERSITY OF SYDNEY	Illumina HiSeq 2500	SINGLE	Reduced Representation	GENOMIC	ILLUMINA	SAMN12404840	Calyptorhynchus banksii	SRP216942	PRJNA557608	2019-09-30	169.0	77.0
SRR9871130	RAD-Seq	UNIVERSITY OF SYDNEY	Illumina HiSeq 2500	SINGLE	Reduced Representation	GENOMIC	ILLUMINA	SAMN12404711	Calyptorhynchus banksii	SRP216942	PRJNA557608	2019-09-30	88.0	77.0
SRR9871131	RAD-Seq	UNIVERSITY OF SYDNEY	Illumina HiSeq 2500	SINGLE	Reduced Representation	GENOMIC	ILLUMINA	SAMN12404714	Calyptorhynchus banksii	SRP216942	PRJNA557608	2019-09-30	92.0	77.0
SRR9871132	RAD-Seq	UNIVERSITY OF SYDNEY	Illumina HiSeq 2500	SINGLE	Reduced Representation	GENOMIC	ILLUMINA	SAMN12404713	Calyptorhynchus banksii	SRP216942	PRJNA557608	2019-09-30	103.0	77.0
SRR9871133	RAD-Seq	UNIVERSITY OF SYDNEY	Illumina HiSeq 2500	SINGLE	Reduced Representation	GENOMIC	ILLUMINA	SAMN12404708	Calyptorhynchus banksii	SRP216942	PRJNA557608	2019-09-30	90.0	77.0
SRR9871134	RAD-Seq	UNIVERSITY OF SYDNEY	Illumina HiSeq 2500	SINGLE	Reduced Representation	GENOMIC	ILLUMINA	SAMN12404707	Calyptorhynchus banksii	SRP216942	PRJNA557608	2019-09-30	93.0	77.0
SRR9871135	RAD-Seq	UNIVERSITY OF SYDNEY	Illumina HiSeq 2500	SINGLE	Reduced Representation	GENOMIC	ILLUMINA	SAMN12404839	Calyptorhynchus banksii	SRP216942	PRJNA557608	2019-09-30	181.0	77.0
SRR9871136	RAD-Seq	UNIVERSITY OF SYDNEY	Illumina HiSeq 2500	SINGLE	Reduced Representation	GENOMIC	ILLUMINA	SAMN12404709	Calyptorhynchus banksii	SRP216942	PRJNA557608	2019-09-30	92.0	77.0
SRR9871137	RAD-Seq	UNIVERSITY OF SYDNEY	Illumina HiSeq 2500	SINGLE	Reduced Representation	GENOMIC	ILLUMINA	SAMN12404812	Calyptorhynchus banksii	SRP216942	PRJNA557608	2019-09-30	75.0	77.0
SRR9871138	RAD-Seq	UNIVERSITY OF SYDNEY	Illumina HiSeq 2500	SINGLE	Reduced Representation	GENOMIC	ILLUMINA	SAMN12404676	Calyptorhynchus banksii	SRP216942	PRJNA557608	2019-09-30	178.0	77.0
SRR9871139	RAD-Seq	UNIVERSITY OF SYDNEY	Illumina HiSeq 2500	SINGLE	Reduced Representation	GENOMIC	ILLUMINA	SAMN12404675	Calyptorhynchus banksii	SRP216942	PRJNA557608	2019-09-30	182.0	77.0
SRR9871140	RAD-Seq	UNIVERSITY OF SYDNEY	Illumina HiSeq 2500	SINGLE	Reduced Representation	GENOMIC	ILLUMINA	SAMN12404668	Calyptorhynchus banksii	SRP216942	PRJNA557608	2019-09-30	176.0	77.0
SRR9871141	RAD-Seq	UNIVERSITY OF SYDNEY	Illumina HiSeq 2500	SINGLE	Reduced Representation	GENOMIC	ILLUMINA	SAMN12404667	Calyptorhynchus banksii	SRP216942	PRJNA557608	2019-09-30	179.0	77.0
SRR9871142	RAD-Seq	UNIVERSITY OF SYDNEY	Illumina HiSeq 2500	SINGLE	Reduced Representation	GENOMIC	ILLUMINA	SAMN12404670	Calyptorhynchus banksii	SRP216942	PRJNA557608	2019-09-30	178.0	77.0
SRR9871143	RAD-Seq	UNIVERSITY OF SYDNEY	Illumina HiSeq 2500	SINGLE	Reduced Representation	GENOMIC	ILLUMINA	SAMN12404669	Calyptorhynchus banksii	SRP216942	PRJNA557608	2019-09-30	173.0	77.0
SRR9871146	RAD-Seq	UNIVERSITY OF SYDNEY	Illumina HiSeq 2500	SINGLE	Reduced Representation	GENOMIC	ILLUMINA	SAMN12404674	Calyptorhynchus banksii	SRP216942	PRJNA557608	2019-09-30	180.0	77.0
SRR9871147	RAD-Seq	UNIVERSITY OF SYDNEY	Illumina HiSeq 2500	SINGLE	Reduced Representation	GENOMIC	ILLUMINA	SAMN12404673	Calyptorhynchus banksii	SRP216942	PRJNA557608	2019-09-30	160.0	77.0
SRR9871148	RAD-Seq	UNIVERSITY OF SYDNEY	Illumina HiSeq 2500	SINGLE	Reduced Representation	GENOMIC	ILLUMINA	SAMN12404779	Calyptorhynchus banksii	SRP216942	PRJNA557608	2019-09-30	168.0	77.0
SRR9871149	RAD-Seq	UNIVERSITY OF SYDNEY	Illumina HiSeq 2500	SINGLE	Reduced Representation	GENOMIC	ILLUMINA	SAMN12404780	Calyptorhynchus banksii	SRP216942	PRJNA557608	2019-09-30	199.0	77.0
SRR9871150	RAD-Seq	UNIVERSITY OF SYDNEY	Illumina HiSeq 2500	SINGLE	Reduced Representation	GENOMIC	ILLUMINA	SAMN12404777	Calyptorhynchus banksii	SRP216942	PRJNA557608	2019-09-30	168.0	77.0
SRR9871151	RAD-Seq	UNIVERSITY OF SYDNEY	Illumina HiSeq 2500	SINGLE	Reduced Representation	GENOMIC	ILLUMINA	SAMN12404778	Calyptorhynchus banksii	SRP216942	PRJNA557608	2019-09-30	184.0	77.0
SRR9871152	RAD-Seq	UNIVERSITY OF SYDNEY	Illumina HiSeq 2500	SINGLE	Reduced Representation	GENOMIC	ILLUMINA	SAMN12404783	Calyptorhynchus banksii	SRP216942	PRJNA557608	2019-09-30	147.0	77.0
SRR9871153	RAD-Seq	UNIVERSITY OF SYDNEY	Illumina HiSeq 2500	SINGLE	Reduced Representation	GENOMIC	ILLUMINA	SAMN12404784	Calyptorhynchus banksii	SRP216942	PRJNA557608	2019-09-30	162.0	77.0
SRR9871155	RAD-Seq	UNIVERSITY OF SYDNEY	Illumina HiSeq 2500	SINGLE	Reduced Representation	GENOMIC	ILLUMINA	SAMN12404782	Calyptorhynchus banksii	SRP216942	PRJNA557608	2019-09-30	158.0	77.0
SRR9871156	RAD-Seq	UNIVERSITY OF SYDNEY	Illumina HiSeq 2500	SINGLE	Reduced Representation	GENOMIC	ILLUMINA	SAMN12404785	Calyptorhynchus banksii	SRP216942	PRJNA557608	2019-09-30	163.0	77.0
SRR9871157	RAD-Seq	UNIVERSITY OF SYDNEY	Illumina HiSeq 2500	SINGLE	Reduced Representation	GENOMIC	ILLUMINA	SAMN12404786	Calyptorhynchus banksii	SRP216942	PRJNA557608	2019-09-30	160.0	77.0
SRR9871158	RAD-Seq	UNIVERSITY OF SYDNEY	Illumina HiSeq 2500	SINGLE	Reduced Representation	GENOMIC	ILLUMINA	SAMN12404761	Calyptorhynchus banksii	SRP216942	PRJNA557608	2019-09-30	176.0	77.0
SRR9871160	RAD-Seq	UNIVERSITY OF SYDNEY	Illumina HiSeq 2500	SINGLE	Reduced Representation	GENOMIC	ILLUMINA	SAMN12404763	Calyptorhynchus banksii	SRP216942	PRJNA557608	2019-09-30	160.0	77.0
SRR9871161	RAD-Seq	UNIVERSITY OF SYDNEY	Illumina HiSeq 2500	SINGLE	Reduced Representation	GENOMIC	ILLUMINA	SAMN12404764	Calyptorhynchus banksii	SRP216942	PRJNA557608	2019-09-30	145.0	77.0
SRR9871162	RAD-Seq	UNIVERSITY OF SYDNEY	Illumina HiSeq 2500	SINGLE	Reduced Representation	GENOMIC	ILLUMINA	SAMN12404757	Calyptorhynchus banksii	SRP216942	PRJNA557608	2019-09-30	161.0	77.0
SRR9871163	RAD-Seq	UNIVERSITY OF SYDNEY	Illumina HiSeq 2500	SINGLE	Reduced Representation	GENOMIC	ILLUMINA	SAMN12404758	Calyptorhynchus banksii	SRP216942	PRJNA557608	2019-09-30	150.0	77.0
SRR9871164	RAD-Seq	UNIVERSITY OF SYDNEY	Illumina HiSeq 2500	SINGLE	Reduced Representation	GENOMIC	ILLUMINA	SAMN12404759	Calyptorhynchus banksii	SRP216942	PRJNA557608	2019-09-30	171.0	77.0
SRR9871165	RAD-Seq	UNIVERSITY OF SYDNEY	Illumina HiSeq 2500	SINGLE	Reduced Representation	GENOMIC	ILLUMINA	SAMN12404760	Calyptorhynchus banksii	SRP216942	PRJNA557608	2019-09-30	155.0	77.0
SRR9871166	RAD-Seq	UNIVERSITY OF SYDNEY	Illumina HiSeq 2500	SINGLE	Reduced Representation	GENOMIC	ILLUMINA	SAMN12404765	Calyptorhynchus banksii	SRP216942	PRJNA557608	2019-09-30	165.0	77.0
SRR9871167	RAD-Seq	UNIVERSITY OF SYDNEY	Illumina HiSeq 2500	SINGLE	Reduced Representation	GENOMIC	ILLUMINA	SAMN12404766	Calyptorhynchus banksii	SRP216942	PRJNA557608	2019-09-30	155.0	77.0
SRR9871168	RAD-Seq	UNIVERSITY OF SYDNEY	Illumina HiSeq 2500	SINGLE	Reduced Representation	GENOMIC	ILLUMINA	SAMN12404811	Calyptorhynchus banksii	SRP216942	PRJNA557608	2019-09-30	113.0	77.0
SRR9871169	RAD-Seq	UNIVERSITY OF SYDNEY	Illumina HiSeq 2500	SINGLE	Reduced Representation	GENOMIC	ILLUMINA	SAMN12404814	Calyptorhynchus banksii	SRP216942	PRJNA557608	2019-09-30	189.0	77.0
SRR9871170	RAD-Seq	UNIVERSITY OF SYDNEY	Illumina HiSeq 2500	SINGLE	Reduced Representation	GENOMIC	ILLUMINA	SAMN12404813	Calyptorhynchus banksii	SRP216942	PRJNA557608	2019-09-30	125.0	77.0
SRR9871171	RAD-Seq	UNIVERSITY OF SYDNEY	Illumina HiSeq 2500	SINGLE	Reduced Representation	GENOMIC	ILLUMINA	SAMN12404808	Calyptorhynchus banksii	SRP216942	PRJNA557608	2019-09-30	48.0	77.0
SRR9871172	RAD-Seq	UNIVERSITY OF SYDNEY	Illumina HiSeq 2500	SINGLE	Reduced Representation	GENOMIC	ILLUMINA	SAMN12404807	Calyptorhynchus banksii	SRP216942	PRJNA557608	2019-09-30	171.0	77.0
SRR9871173	RAD-Seq	UNIVERSITY OF SYDNEY	Illumina HiSeq 2500	SINGLE	Reduced Representation	GENOMIC	ILLUMINA	SAMN12404810	Calyptorhynchus banksii	SRP216942	PRJNA557608	2019-09-30	176.0	77.0
SRR9871174	RAD-Seq	UNIVERSITY OF SYDNEY	Illumina HiSeq 2500	SINGLE	Reduced Representation	GENOMIC	ILLUMINA	SAMN12404809	Calyptorhynchus banksii	SRP216942	PRJNA557608	2019-09-30	194.0	77.0
SRR9871175	RAD-Seq	UNIVERSITY OF SYDNEY	Illumina HiSeq 2500	SINGLE	Reduced Representation	GENOMIC	ILLUMINA	SAMN12404816	Calyptorhynchus banksii	SRP216942	PRJNA557608	2019-09-30	173.0	77.0
SRR9871176	RAD-Seq	UNIVERSITY OF SYDNEY	Illumina HiSeq 2500	SINGLE	Reduced Representation	GENOMIC	ILLUMINA	SAMN12404815	Calyptorhynchus banksii	SRP216942	PRJNA557608	2019-09-30	174.0	77.0
SRR9871177	RAD-Seq	UNIVERSITY OF SYDNEY	Illumina HiSeq 2500	SINGLE	Reduced Representation	GENOMIC	ILLUMINA	SAMN12404745	Calyptorhynchus banksii	SRP216942	PRJNA557608	2019-09-30	155.0	77.0
SRR9871178	RAD-Seq	UNIVERSITY OF SYDNEY	Illumina HiSeq 2500	SINGLE	Reduced Representation	GENOMIC	ILLUMINA	SAMN12404746	Calyptorhynchus banksii	SRP216942	PRJNA557608	2019-09-30	171.0	77.0
SRR9871179	RAD-Seq	UNIVERSITY OF SYDNEY	Illumina HiSeq 2500	SINGLE	Reduced Representation	GENOMIC	ILLUMINA	SAMN12404743	Calyptorhynchus banksii	SRP216942	PRJNA557608	2019-09-30	165.0	77.0
SRR9871180	RAD-Seq	UNIVERSITY OF SYDNEY	Illumina HiSeq 2500	SINGLE	Reduced Representation	GENOMIC	ILLUMINA	SAMN12404744	Calyptorhynchus banksii	SRP216942	PRJNA557608	2019-09-30	128.0	77.0
SRR9871181	RAD-Seq	UNIVERSITY OF SYDNEY	Illumina HiSeq 2500	SINGLE	Reduced Representation	GENOMIC	ILLUMINA	SAMN12404741	Calyptorhynchus banksii	SRP216942	PRJNA557608	2019-09-30	168.0	77.0
SRR9871182	RAD-Seq	UNIVERSITY OF SYDNEY	Illumina HiSeq 2500	SINGLE	Reduced Representation	GENOMIC	ILLUMINA	SAMN12404742	Calyptorhynchus banksii	SRP216942	PRJNA557608	2019-09-30	162.0	77.0
SRR9871183	RAD-Seq	UNIVERSITY OF SYDNEY	Illumina HiSeq 2500	SINGLE	Reduced Representation	GENOMIC	ILLUMINA	SAMN12404739	Calyptorhynchus banksii	SRP216942	PRJNA557608	2019-09-30	155.0	77.0
SRR9871184	RAD-Seq	UNIVERSITY OF SYDNEY	Illumina HiSeq 2500	SINGLE	Reduced Representation	GENOMIC	ILLUMINA	SAMN12404740	Calyptorhynchus banksii	SRP216942	PRJNA557608	2019-09-30	160.0	77.0
SRR9871185	RAD-Seq	UNIVERSITY OF SYDNEY	Illumina HiSeq 2500	SINGLE	Reduced Representation	GENOMIC	ILLUMINA	SAMN12404737	Calyptorhynchus banksii	SRP216942	PRJNA557608	2019-09-30	149.0	77.0
SRR9871186	RAD-Seq	UNIVERSITY OF SYDNEY	Illumina HiSeq 2500	SINGLE	Reduced Representation	GENOMIC	ILLUMINA	SAMN12404738	Calyptorhynchus banksii	SRP216942	PRJNA557608	2019-09-30	161.0	77.0
SRR9871187	RAD-Seq	UNIVERSITY OF SYDNEY	Illumina HiSeq 2500	SINGLE	Reduced Representation	GENOMIC	ILLUMINA	SAMN12404725	Calyptorhynchus banksii	SRP216942	PRJNA557608	2019-09-30	171.0	77.0
SRR9871188	RAD-Seq	UNIVERSITY OF SYDNEY	Illumina HiSeq 2500	SINGLE	Reduced Representation	GENOMIC	ILLUMINA	SAMN12404726	Calyptorhynchus banksii	SRP216942	PRJNA557608	2019-09-30	160.0	77.0
SRR9871189	RAD-Seq	UNIVERSITY OF SYDNEY	Illumina HiSeq 2500	SINGLE	Reduced Representation	GENOMIC	ILLUMINA	SAMN12404723	Calyptorhynchus banksii	SRP216942	PRJNA557608	2019-09-30	170.0	77.0
SRR9871190	RAD-Seq	UNIVERSITY OF SYDNEY	Illumina HiSeq 2500	SINGLE	Reduced Representation	GENOMIC	ILLUMINA	SAMN12404724	Calyptorhynchus banksii	SRP216942	PRJNA557608	2019-09-30	166.0	77.0
SRR9871191	RAD-Seq	UNIVERSITY OF SYDNEY	Illumina HiSeq 2500	SINGLE	Reduced Representation	GENOMIC	ILLUMINA	SAMN12404721	Calyptorhynchus banksii	SRP216942	PRJNA557608	2019-09-30	170.0	77.0
SRR9871192	RAD-Seq	UNIVERSITY OF SYDNEY	Illumina HiSeq 2500	SINGLE	Reduced Representation	GENOMIC	ILLUMINA	SAMN12404722	Calyptorhynchus banksii	SRP216942	PRJNA557608	2019-09-30	168.0	77.0
SRR9871193	RAD-Seq	UNIVERSITY OF SYDNEY	Illumina HiSeq 2500	SINGLE	Reduced Representation	GENOMIC	ILLUMINA	SAMN12404719	Calyptorhynchus banksii	SRP216942	PRJNA557608	2019-09-30	91.0	77.0
SRR9871194	RAD-Seq	UNIVERSITY OF SYDNEY	Illumina HiSeq 2500	SINGLE	Reduced Representation	GENOMIC	ILLUMINA	SAMN12404720	Calyptorhynchus banksii	SRP216942	PRJNA557608	2019-09-30	94.0	77.0
SRR9871195	RAD-Seq	UNIVERSITY OF SYDNEY	Illumina HiSeq 2500	SINGLE	Reduced Representation	GENOMIC	ILLUMINA	SAMN12404717	Calyptorhynchus banksii	SRP216942	PRJNA557608	2019-09-30	94.0	77.0
SRR9871196	RAD-Seq	UNIVERSITY OF SYDNEY	Illumina HiSeq 2500	SINGLE	Reduced Representation	GENOMIC	ILLUMINA	SAMN12404718	Calyptorhynchus banksii	SRP216942	PRJNA557608	2019-09-30	94.0	77.0
SRR9871197	RAD-Seq	UNIVERSITY OF SYDNEY	Illumina HiSeq 2500	SINGLE	Reduced Representation	GENOMIC	ILLUMINA	SAMN12404643	Calyptorhynchus banksii	SRP216942	PRJNA557608	2019-09-30	178.0	77.0
SRR9871198	RAD-Seq	UNIVERSITY OF SYDNEY	Illumina HiSeq 2500	SINGLE	Reduced Representation	GENOMIC	ILLUMINA	SAMN12404644	Calyptorhynchus banksii	SRP216942	PRJNA557608	2019-09-30	173.0	77.0
SRR9871199	RAD-Seq	UNIVERSITY OF SYDNEY	Illumina HiSeq 2500	SINGLE	Reduced Representation	GENOMIC	ILLUMINA	SAMN12404641	Calyptorhynchus banksii	SRP216942	PRJNA557608	2019-09-30	184.0	77.0
SRR9871200	RAD-Seq	UNIVERSITY OF SYDNEY	Illumina HiSeq 2500	SINGLE	Reduced Representation	GENOMIC	ILLUMINA	SAMN12404685	Calyptorhynchus banksii	SRP216942	PRJNA557608	2019-09-30	180.0	77.0
SRR9871201	RAD-Seq	UNIVERSITY OF SYDNEY	Illumina HiSeq 2500	SINGLE	Reduced Representation	GENOMIC	ILLUMINA	SAMN12404686	Calyptorhynchus banksii	SRP216942	PRJNA557608	2019-09-30	172.0	77.0
SRR9871202	RAD-Seq	UNIVERSITY OF SYDNEY	Illumina HiSeq 2500	SINGLE	Reduced Representation	GENOMIC	ILLUMINA	SAMN12404679	Calyptorhynchus banksii	SRP216942	PRJNA557608	2019-09-30	173.0	77.0
SRR9871203	RAD-Seq	UNIVERSITY OF SYDNEY	Illumina HiSeq 2500	SINGLE	Reduced Representation	GENOMIC	ILLUMINA	SAMN12404680	Calyptorhynchus banksii	SRP216942	PRJNA557608	2019-09-30	179.0	77.0
SRR9871204	RAD-Seq	UNIVERSITY OF SYDNEY	Illumina HiSeq 2500	SINGLE	Reduced Representation	GENOMIC	ILLUMINA	SAMN12404677	Calyptorhynchus banksii	SRP216942	PRJNA557608	2019-09-30	179.0	77.0
SRR9871205	RAD-Seq	UNIVERSITY OF SYDNEY	Illumina HiSeq 2500	SINGLE	Reduced Representation	GENOMIC	ILLUMINA	SAMN12404678	Calyptorhynchus banksii	SRP216942	PRJNA557608	2019-09-30	175.0	77.0
SRR9871206	RAD-Seq	UNIVERSITY OF SYDNEY	Illumina HiSeq 2500	SINGLE	Reduced Representation	GENOMIC	ILLUMINA	SAMN12404683	Calyptorhynchus banksii	SRP216942	PRJNA557608	2019-09-30	180.0	77.0
SRR9871207	RAD-Seq	UNIVERSITY OF SYDNEY	Illumina HiSeq 2500	SINGLE	Reduced Representation	GENOMIC	ILLUMINA	SAMN12404684	Calyptorhynchus banksii	SRP216942	PRJNA557608	2019-09-30	182.0	77.0
SRR9871208	RAD-Seq	UNIVERSITY OF SYDNEY	Illumina HiSeq 2500	SINGLE	Reduced Representation	GENOMIC	ILLUMINA	SAMN12404681	Calyptorhynchus banksii	SRP216942	PRJNA557608	2019-09-30	179.0	77.0
SRR9871209	RAD-Seq	UNIVERSITY OF SYDNEY	Illumina HiSeq 2500	SINGLE	Reduced Representation	GENOMIC	ILLUMINA	SAMN12404682	Calyptorhynchus banksii	SRP216942	PRJNA557608	2019-09-30	178.0	77.0
SRR9871210	RAD-Seq	UNIVERSITY OF SYDNEY	Illumina HiSeq 2500	SINGLE	Reduced Representation	GENOMIC	ILLUMINA	SAMN12404768	Calyptorhynchus banksii	SRP216942	PRJNA557608	2019-09-30	176.0	77.0
SRR9871211	RAD-Seq	UNIVERSITY OF SYDNEY	Illumina HiSeq 2500	SINGLE	Reduced Representation	GENOMIC	ILLUMINA	SAMN12404767	Calyptorhynchus banksii	SRP216942	PRJNA557608	2019-09-30	155.0	77.0
SRR9871212	RAD-Seq	UNIVERSITY OF SYDNEY	Illumina HiSeq 2500	SINGLE	Reduced Representation	GENOMIC	ILLUMINA	SAMN12404770	Calyptorhynchus banksii	SRP216942	PRJNA557608	2019-09-30	126.0	77.0
SRR9871213	RAD-Seq	UNIVERSITY OF SYDNEY	Illumina HiSeq 2500	SINGLE	Reduced Representation	GENOMIC	ILLUMINA	SAMN12404769	Calyptorhynchus banksii	SRP216942	PRJNA557608	2019-09-30	176.0	77.0
SRR9871214	RAD-Seq	UNIVERSITY OF SYDNEY	Illumina HiSeq 2500	SINGLE	Reduced Representation	GENOMIC	ILLUMINA	SAMN12404772	Calyptorhynchus banksii	SRP216942	PRJNA557608	2019-09-30	157.0	77.0
SRR9871215	RAD-Seq	UNIVERSITY OF SYDNEY	Illumina HiSeq 2500	SINGLE	Reduced Representation	GENOMIC	ILLUMINA	SAMN12404771	Calyptorhynchus banksii	SRP216942	PRJNA557608	2019-09-30	168.0	77.0
SRR9871216	RAD-Seq	UNIVERSITY OF SYDNEY	Illumina HiSeq 2500	SINGLE	Reduced Representation	GENOMIC	ILLUMINA	SAMN12404774	Calyptorhynchus banksii	SRP216942	PRJNA557608	2019-09-30	149.0	77.0
SRR9871217	RAD-Seq	UNIVERSITY OF SYDNEY	Illumina HiSeq 2500	SINGLE	Reduced Representation	GENOMIC	ILLUMINA	SAMN12404773	Calyptorhynchus banksii	SRP216942	PRJNA557608	2019-09-30	151.0	77.0
SRR9871218	RAD-Seq	UNIVERSITY OF SYDNEY	Illumina HiSeq 2500	SINGLE	Reduced Representation	GENOMIC	ILLUMINA	SAMN12404776	Calyptorhynchus banksii	SRP216942	PRJNA557608	2019-09-30	151.0	77.0
SRR9871219	RAD-Seq	UNIVERSITY OF SYDNEY	Illumina HiSeq 2500	SINGLE	Reduced Representation	GENOMIC	ILLUMINA	SAMN12404775	Calyptorhynchus banksii	SRP216942	PRJNA557608	2019-09-30	163.0	77.0
SRR9871220	RAD-Seq	UNIVERSITY OF SYDNEY	Illumina HiSeq 2500	SINGLE	Reduced Representation	GENOMIC	ILLUMINA	SAMN12404750	Calyptorhynchus banksii	SRP216942	PRJNA557608	2019-09-30	166.0	77.0
SRR9871221	RAD-Seq	UNIVERSITY OF SYDNEY	Illumina HiSeq 2500	SINGLE	Reduced Representation	GENOMIC	ILLUMINA	SAMN12404749	Calyptorhynchus banksii	SRP216942	PRJNA557608	2019-09-30	163.0	77.0
SRR9871222	RAD-Seq	UNIVERSITY OF SYDNEY	Illumina HiSeq 2500	SINGLE	Reduced Representation	GENOMIC	ILLUMINA	SAMN12404748	Calyptorhynchus banksii	SRP216942	PRJNA557608	2019-09-30	162.0	77.0
SRR9871223	RAD-Seq	UNIVERSITY OF SYDNEY	Illumina HiSeq 2500	SINGLE	Reduced Representation	GENOMIC	ILLUMINA	SAMN12404747	Calyptorhynchus banksii	SRP216942	PRJNA557608	2019-09-30	157.0	77.0
SRR9871224	RAD-Seq	UNIVERSITY OF SYDNEY	Illumina HiSeq 2500	SINGLE	Reduced Representation	GENOMIC	ILLUMINA	SAMN12404754	Calyptorhynchus banksii	SRP216942	PRJNA557608	2019-09-30	200.0	77.0
SRR9871225	RAD-Seq	UNIVERSITY OF SYDNEY	Illumina HiSeq 2500	SINGLE	Reduced Representation	GENOMIC	ILLUMINA	SAMN12404753	Calyptorhynchus banksii	SRP216942	PRJNA557608	2019-09-30	182.0	77.0
SRR9871226	RAD-Seq	UNIVERSITY OF SYDNEY	Illumina HiSeq 2500	SINGLE	Reduced Representation	GENOMIC	ILLUMINA	SAMN12404752	Calyptorhynchus banksii	SRP216942	PRJNA557608	2019-09-30	183.0	77.0
SRR9871227	RAD-Seq	UNIVERSITY OF SYDNEY	Illumina HiSeq 2500	SINGLE	Reduced Representation	GENOMIC	ILLUMINA	SAMN12404751	Calyptorhynchus banksii	SRP216942	PRJNA557608	2019-09-30	159.0	77.0
SRR9871228	RAD-Seq	UNIVERSITY OF SYDNEY	Illumina HiSeq 2500	SINGLE	Reduced Representation	GENOMIC	ILLUMINA	SAMN12404756	Calyptorhynchus banksii	SRP216942	PRJNA557608	2019-09-30	154.0	77.0
SRR9871229	RAD-Seq	UNIVERSITY OF SYDNEY	Illumina HiSeq 2500	SINGLE	Reduced Representation	GENOMIC	ILLUMINA	SAMN12404755	Calyptorhynchus banksii	SRP216942	PRJNA557608	2019-09-30	145.0	77.0
SRR9871230	RAD-Seq	UNIVERSITY OF SYDNEY	Illumina HiSeq 2500	SINGLE	Reduced Representation	GENOMIC	ILLUMINA	SAMN12404712	Calyptorhynchus banksii	SRP216942	PRJNA557608	2019-09-30	89.0	77.0
SRR9871231	RAD-Seq	UNIVERSITY OF SYDNEY	Illumina HiSeq 2500	SINGLE	Reduced Representation	GENOMIC	ILLUMINA	SAMN12404631	Calyptorhynchus banksii	SRP216942	PRJNA557608	2019-09-30	172.0	77.0
SRR9871232	RAD-Seq	UNIVERSITY OF SYDNEY	Illumina HiSeq 2500	SINGLE	Reduced Representation	GENOMIC	ILLUMINA	SAMN12404833	Calyptorhynchus banksii	SRP216942	PRJNA557608	2019-09-30	186.0	77.0
SRR9871233	RAD-Seq	UNIVERSITY OF SYDNEY	Illumina HiSeq 2500	SINGLE	Reduced Representation	GENOMIC	ILLUMINA	SAMN12404834	Calyptorhynchus banksii	SRP216942	PRJNA557608	2019-09-30	177.0	77.0
SRR9871234	RAD-Seq	UNIVERSITY OF SYDNEY	Illumina HiSeq 2500	SINGLE	Reduced Representation	GENOMIC	ILLUMINA	SAMN12404831	Calyptorhynchus banksii	SRP216942	PRJNA557608	2019-09-30	151.0	77.0
SRR9871235	RAD-Seq	UNIVERSITY OF SYDNEY	Illumina HiSeq 2500	SINGLE	Reduced Representation	GENOMIC	ILLUMINA	SAMN12404832	Calyptorhynchus banksii	SRP216942	PRJNA557608	2019-09-30	184.0	77.0
SRR9871236	RAD-Seq	UNIVERSITY OF SYDNEY	Illumina HiSeq 2500	SINGLE	Reduced Representation	GENOMIC	ILLUMINA	SAMN12404829	Calyptorhynchus banksii	SRP216942	PRJNA557608	2019-09-30	166.0	77.0
SRR9871237	RAD-Seq	UNIVERSITY OF SYDNEY	Illumina HiSeq 2500	SINGLE	Reduced Representation	GENOMIC	ILLUMINA	SAMN12404830	Calyptorhynchus banksii	SRP216942	PRJNA557608	2019-09-30	169.0	77.0
SRR9871238	RAD-Seq	UNIVERSITY OF SYDNEY	Illumina HiSeq 2500	SINGLE	Reduced Representation	GENOMIC	ILLUMINA	SAMN12404827	Calyptorhynchus banksii	SRP216942	PRJNA557608	2019-09-30	187.0	77.0
SRR9871239	RAD-Seq	UNIVERSITY OF SYDNEY	Illumina HiSeq 2500	SINGLE	Reduced Representation	GENOMIC	ILLUMINA	SAMN12404828	Calyptorhynchus banksii	SRP216942	PRJNA557608	2019-09-30	156.0	77.0
SRR9871240	RAD-Seq	UNIVERSITY OF SYDNEY	Illumina HiSeq 2500	SINGLE	Reduced Representation	GENOMIC	ILLUMINA	SAMN12404835	Calyptorhynchus banksii	SRP216942	PRJNA557608	2019-09-30	186.0	77.0
SRR9871241	RAD-Seq	UNIVERSITY OF SYDNEY	Illumina HiSeq 2500	SINGLE	Reduced Representation	GENOMIC	ILLUMINA	SAMN12404836	Calyptorhynchus banksii	SRP216942	PRJNA557608	2019-09-30	157.0	77.0
SRR9871242	RAD-Seq	UNIVERSITY OF SYDNEY	Illumina HiSeq 2500	SINGLE	Reduced Representation	GENOMIC	ILLUMINA	SAMN12404656	Calyptorhynchus banksii	SRP216942	PRJNA557608	2019-09-30	175.0	77.0
SRR9871243	RAD-Seq	UNIVERSITY OF SYDNEY	Illumina HiSeq 2500	SINGLE	Reduced Representation	GENOMIC	ILLUMINA	SAMN12404655	Calyptorhynchus banksii	SRP216942	PRJNA557608	2019-09-30	172.0	77.0
SRR9871244	RAD-Seq	UNIVERSITY OF SYDNEY	Illumina HiSeq 2500	SINGLE	Reduced Representation	GENOMIC	ILLUMINA	SAMN12404654	Calyptorhynchus banksii	SRP216942	PRJNA557608	2019-09-30	170.0	77.0
SRR9871245	RAD-Seq	UNIVERSITY OF SYDNEY	Illumina HiSeq 2500	SINGLE	Reduced Representation	GENOMIC	ILLUMINA	SAMN12404653	Calyptorhynchus banksii	SRP216942	PRJNA557608	2019-09-30	159.0	77.0
SRR9871246	RAD-Seq	UNIVERSITY OF SYDNEY	Illumina HiSeq 2500	SINGLE	Reduced Representation	GENOMIC	ILLUMINA	SAMN12404652	Calyptorhynchus banksii	SRP216942	PRJNA557608	2019-09-30	177.0	77.0
SRR9871247	RAD-Seq	UNIVERSITY OF SYDNEY	Illumina HiSeq 2500	SINGLE	Reduced Representation	GENOMIC	ILLUMINA	SAMN12404651	Calyptorhynchus banksii	SRP216942	PRJNA557608	2019-09-30	172.0	77.0
SRR9871248	RAD-Seq	UNIVERSITY OF SYDNEY	Illumina HiSeq 2500	SINGLE	Reduced Representation	GENOMIC	ILLUMINA	SAMN12404650	Calyptorhynchus banksii	SRP216942	PRJNA557608	2019-09-30	176.0	77.0
SRR9871249	RAD-Seq	UNIVERSITY OF SYDNEY	Illumina HiSeq 2500	SINGLE	Reduced Representation	GENOMIC	ILLUMINA	SAMN12404649	Calyptorhynchus banksii	SRP216942	PRJNA557608	2019-09-30	179.0	77.0
SRR9871250	RAD-Seq	UNIVERSITY OF SYDNEY	Illumina HiSeq 2500	SINGLE	Reduced Representation	GENOMIC	ILLUMINA	SAMN12404648	Calyptorhynchus banksii	SRP216942	PRJNA557608	2019-09-30	177.0	77.0
SRR9871251	RAD-Seq	UNIVERSITY OF SYDNEY	Illumina HiSeq 2500	SINGLE	Reduced Representation	GENOMIC	ILLUMINA	SAMN12404647	Calyptorhynchus banksii	SRP216942	PRJNA557608	2019-09-30	173.0	77.0
SRR9871252	RAD-Seq	UNIVERSITY OF SYDNEY	Illumina HiSeq 2500	SINGLE	Reduced Representation	GENOMIC	ILLUMINA	SAMN12404671	Calyptorhynchus banksii	SRP216942	PRJNA557608	2019-09-30	174.0	77.0
SRR9871253	RAD-Seq	UNIVERSITY OF SYDNEY	Illumina HiSeq 2500	SINGLE	Reduced Representation	GENOMIC	ILLUMINA	SAMN12404823	Calyptorhynchus banksii	SRP216942	PRJNA557608	2019-09-30	183.0	77.0
SRR9871254	RAD-Seq	UNIVERSITY OF SYDNEY	Illumina HiSeq 2500	SINGLE	Reduced Representation	GENOMIC	ILLUMINA	SAMN12404824	Calyptorhynchus banksii	SRP216942	PRJNA557608	2019-09-30	187.0	77.0
SRR9871255	RAD-Seq	UNIVERSITY OF SYDNEY	Illumina HiSeq 2500	SINGLE	Reduced Representation	GENOMIC	ILLUMINA	SAMN12404821	Calyptorhynchus banksii	SRP216942	PRJNA557608	2019-09-30	177.0	77.0
SRR9871256	RAD-Seq	UNIVERSITY OF SYDNEY	Illumina HiSeq 2500	SINGLE	Reduced Representation	GENOMIC	ILLUMINA	SAMN12404822	Calyptorhynchus banksii	SRP216942	PRJNA557608	2019-09-30	175.0	77.0
SRR9871257	RAD-Seq	UNIVERSITY OF SYDNEY	Illumina HiSeq 2500	SINGLE	Reduced Representation	GENOMIC	ILLUMINA	SAMN12404819	Calyptorhynchus banksii	SRP216942	PRJNA557608	2019-09-30	189.0	77.0
SRR9871258	RAD-Seq	UNIVERSITY OF SYDNEY	Illumina HiSeq 2500	SINGLE	Reduced Representation	GENOMIC	ILLUMINA	SAMN12404820	Calyptorhynchus banksii	SRP216942	PRJNA557608	2019-09-30	170.0	77.0
SRR9871259	RAD-Seq	UNIVERSITY OF SYDNEY	Illumina HiSeq 2500	SINGLE	Reduced Representation	GENOMIC	ILLUMINA	SAMN12404817	Calyptorhynchus banksii	SRP216942	PRJNA557608	2019-09-30	165.0	77.0
SRR9871260	RAD-Seq	UNIVERSITY OF SYDNEY	Illumina HiSeq 2500	SINGLE	Reduced Representation	GENOMIC	ILLUMINA	SAMN12404818	Calyptorhynchus banksii	SRP216942	PRJNA557608	2019-09-30	201.0	77.0
SRR9871261	RAD-Seq	UNIVERSITY OF SYDNEY	Illumina HiSeq 2500	SINGLE	Reduced Representation	GENOMIC	ILLUMINA	SAMN12404634	Calyptorhynchus banksii	SRP216942	PRJNA557608	2019-09-30	177.0	77.0
SRR9871263	RAD-Seq	UNIVERSITY OF SYDNEY	Illumina HiSeq 2500	SINGLE	Reduced Representation	GENOMIC	ILLUMINA	SAMN12404845	Calyptorhynchus banksii	SRP216942	PRJNA557608	2019-09-30	178.0	77.0
SRR9871264	RAD-Seq	UNIVERSITY OF SYDNEY	Illumina HiSeq 2500	SINGLE	Reduced Representation	GENOMIC	ILLUMINA	SAMN12404805	Calyptorhynchus banksii	SRP216942	PRJNA557608	2019-09-30	186.0	77.0
SRR9871265	RAD-Seq	UNIVERSITY OF SYDNEY	Illumina HiSeq 2500	SINGLE	Reduced Representation	GENOMIC	ILLUMINA	SAMN12404806	Calyptorhynchus banksii	SRP216942	PRJNA557608	2019-09-30	177.0	77.0
SRR9871266	RAD-Seq	UNIVERSITY OF SYDNEY	Illumina HiSeq 2500	SINGLE	Reduced Representation	GENOMIC	ILLUMINA	SAMN12404797	Calyptorhynchus banksii	SRP216942	PRJNA557608	2019-09-30	185.0	77.0
SRR9871267	RAD-Seq	UNIVERSITY OF SYDNEY	Illumina HiSeq 2500	SINGLE	Reduced Representation	GENOMIC	ILLUMINA	SAMN12404798	Calyptorhynchus banksii	SRP216942	PRJNA557608	2019-09-30	173.0	77.0
SRR9871268	RAD-Seq	UNIVERSITY OF SYDNEY	Illumina HiSeq 2500	SINGLE	Reduced Representation	GENOMIC	ILLUMINA	SAMN12404799	Calyptorhynchus banksii	SRP216942	PRJNA557608	2019-09-30	164.0	77.0
SRR9871269	RAD-Seq	UNIVERSITY OF SYDNEY	Illumina HiSeq 2500	SINGLE	Reduced Representation	GENOMIC	ILLUMINA	SAMN12404800	Calyptorhynchus banksii	SRP216942	PRJNA557608	2019-09-30	176.0	77.0
SRR9871270	RAD-Seq	UNIVERSITY OF SYDNEY	Illumina HiSeq 2500	SINGLE	Reduced Representation	GENOMIC	ILLUMINA	SAMN12404801	Calyptorhynchus banksii	SRP216942	PRJNA557608	2019-09-30	158.0	77.0
SRR9871271	RAD-Seq	UNIVERSITY OF SYDNEY	Illumina HiSeq 2500	SINGLE	Reduced Representation	GENOMIC	ILLUMINA	SAMN12404802	Calyptorhynchus banksii	SRP216942	PRJNA557608	2019-09-30	187.0	77.0
SRR9871272	RAD-Seq	UNIVERSITY OF SYDNEY	Illumina HiSeq 2500	SINGLE	Reduced Representation	GENOMIC	ILLUMINA	SAMN12404803	Calyptorhynchus banksii	SRP216942	PRJNA557608	2019-09-30	165.0	77.0
SRR9871273	RAD-Seq	UNIVERSITY OF SYDNEY	Illumina HiSeq 2500	SINGLE	Reduced Representation	GENOMIC	ILLUMINA	SAMN12404804	Calyptorhynchus banksii	SRP216942	PRJNA557608	2019-09-30	156.0	77.0
SRR9871274	RAD-Seq	UNIVERSITY OF SYDNEY	Illumina HiSeq 2500	SINGLE	Reduced Representation	GENOMIC	ILLUMINA	SAMN12404710	Calyptorhynchus banksii	SRP216942	PRJNA557608	2019-09-30	95.0	77.0
SRR9871275	RAD-Seq	UNIVERSITY OF SYDNEY	Illumina HiSeq 2500	SINGLE	Reduced Representation	GENOMIC	ILLUMINA	SAMN12404633	Calyptorhynchus banksii	SRP216942	PRJNA557608	2019-09-30	179.0	77.0
SRR9871276	RAD-Seq	UNIVERSITY OF SYDNEY	Illumina HiSeq 2500	SINGLE	Reduced Representation	GENOMIC	ILLUMINA	SAMN12404705	Calyptorhynchus banksii	SRP216942	PRJNA557608	2019-09-30	94.0	77.0
SRR9871277	RAD-Seq	UNIVERSITY OF SYDNEY	Illumina HiSeq 2500	SINGLE	Reduced Representation	GENOMIC	ILLUMINA	SAMN12404706	Calyptorhynchus banksii	SRP216942	PRJNA557608	2019-09-30	94.0	77.0
SRR9871278	RAD-Seq	UNIVERSITY OF SYDNEY	Illumina HiSeq 2500	SINGLE	Reduced Representation	GENOMIC	ILLUMINA	SAMN12404701	Calyptorhynchus banksii	SRP216942	PRJNA557608	2019-09-30	92.0	77.0
SRR9871279	RAD-Seq	UNIVERSITY OF SYDNEY	Illumina HiSeq 2500	SINGLE	Reduced Representation	GENOMIC	ILLUMINA	SAMN12404702	Calyptorhynchus banksii	SRP216942	PRJNA557608	2019-09-30	89.0	77.0
SRR9871280	RAD-Seq	UNIVERSITY OF SYDNEY	Illumina HiSeq 2500	SINGLE	Reduced Representation	GENOMIC	ILLUMINA	SAMN12404703	Calyptorhynchus banksii	SRP216942	PRJNA557608	2019-09-30	92.0	77.0
SRR9871281	RAD-Seq	UNIVERSITY OF SYDNEY	Illumina HiSeq 2500	SINGLE	Reduced Representation	GENOMIC	ILLUMINA	SAMN12404704	Calyptorhynchus banksii	SRP216942	PRJNA557608	2019-09-30	90.0	77.0
SRR9871282	RAD-Seq	UNIVERSITY OF SYDNEY	Illumina HiSeq 2500	SINGLE	Reduced Representation	GENOMIC	ILLUMINA	SAMN12404697	Calyptorhynchus banksii	SRP216942	PRJNA557608	2019-09-30	100.0	77.0
SRR9871283	RAD-Seq	UNIVERSITY OF SYDNEY	Illumina HiSeq 2500	SINGLE	Reduced Representation	GENOMIC	ILLUMINA	SAMN12404698	Calyptorhynchus banksii	SRP216942	PRJNA557608	2019-09-30	95.0	77.0
SRR9871284	RAD-Seq	UNIVERSITY OF SYDNEY	Illumina HiSeq 2500	SINGLE	Reduced Representation	GENOMIC	ILLUMINA	SAMN12404699	Calyptorhynchus banksii	SRP216942	PRJNA557608	2019-09-30	94.0	77.0
SRR9871285	RAD-Seq	UNIVERSITY OF SYDNEY	Illumina HiSeq 2500	SINGLE	Reduced Representation	GENOMIC	ILLUMINA	SAMN12404700	Calyptorhynchus banksii	SRP216942	PRJNA557608	2019-09-30	94.0	77.0
SRR9871286	RAD-Seq	UNIVERSITY OF SYDNEY	Illumina HiSeq 2500	SINGLE	Reduced Representation	GENOMIC	ILLUMINA	SAMN12404794	Calyptorhynchus banksii	SRP216942	PRJNA557608	2019-09-30	155.0	77.0
SRR9871287	RAD-Seq	UNIVERSITY OF SYDNEY	Illumina HiSeq 2500	SINGLE	Reduced Representation	GENOMIC	ILLUMINA	SAMN12404793	Calyptorhynchus banksii	SRP216942	PRJNA557608	2019-09-30	159.0	77.0
SRR9871288	RAD-Seq	UNIVERSITY OF SYDNEY	Illumina HiSeq 2500	SINGLE	Reduced Representation	GENOMIC	ILLUMINA	SAMN12404792	Calyptorhynchus banksii	SRP216942	PRJNA557608	2019-09-30	158.0	77.0
SRR9871289	RAD-Seq	UNIVERSITY OF SYDNEY	Illumina HiSeq 2500	SINGLE	Reduced Representation	GENOMIC	ILLUMINA	SAMN12404791	Calyptorhynchus banksii	SRP216942	PRJNA557608	2019-09-30	152.0	77.0
SRR9871290	RAD-Seq	UNIVERSITY OF SYDNEY	Illumina HiSeq 2500	SINGLE	Reduced Representation	GENOMIC	ILLUMINA	SAMN12404790	Calyptorhynchus banksii	SRP216942	PRJNA557608	2019-09-30	153.0	77.0
SRR9871292	RAD-Seq	UNIVERSITY OF SYDNEY	Illumina HiSeq 2500	SINGLE	Reduced Representation	GENOMIC	ILLUMINA	SAMN12404788	Calyptorhynchus banksii	SRP216942	PRJNA557608	2019-09-30	167.0	77.0
SRR9871293	RAD-Seq	UNIVERSITY OF SYDNEY	Illumina HiSeq 2500	SINGLE	Reduced Representation	GENOMIC	ILLUMINA	SAMN12404787	Calyptorhynchus banksii	SRP216942	PRJNA557608	2019-09-30	118.0	77.0
SRR9871294	RAD-Seq	UNIVERSITY OF SYDNEY	Illumina HiSeq 2500	SINGLE	Reduced Representation	GENOMIC	ILLUMINA	SAMN12404796	Calyptorhynchus banksii	SRP216942	PRJNA557608	2019-09-30	174.0	77.0
SRR9871295	RAD-Seq	UNIVERSITY OF SYDNEY	Illumina HiSeq 2500	SINGLE	Reduced Representation	GENOMIC	ILLUMINA	SAMN12404795	Calyptorhynchus banksii	SRP216942	PRJNA557608	2019-09-30	156.0	77.0
SRR13483899	WGS	AMNH	HiSeq X Ten	PAIRED	Hybrid Selection	GENOMIC	ILLUMINA	SAMN17062395	Calyptorhynchus banksii	SRP302372	PRJNA692616	2023-03-27	288.0	193.0
SRR9871144	RAD-Seq	UNIVERSITY OF SYDNEY	Illumina HiSeq 2500	SINGLE	Reduced Representation	GENOMIC	ILLUMINA	SAMN12404847	Calyptorhynchus lathami	SRP216942	PRJNA557608	2019-09-30	168.0	77.0
SRR9871145	RAD-Seq	UNIVERSITY OF SYDNEY	Illumina HiSeq 2500	SINGLE	Reduced Representation	GENOMIC	ILLUMINA	SAMN12404848	Calyptorhynchus lathami	SRP216942	PRJNA557608	2019-09-30	188.0	77.0
SRR9871154	RAD-Seq	UNIVERSITY OF SYDNEY	Illumina HiSeq 2500	SINGLE	Reduced Representation	GENOMIC	ILLUMINA	SAMN12404781	Calyptorhynchus lathami	SRP216942	PRJNA557608	2019-09-30	159.0	77.0
SRR9871159	RAD-Seq	UNIVERSITY OF SYDNEY	Illumina HiSeq 2500	SINGLE	Reduced Representation	GENOMIC	ILLUMINA	SAMN12404762	Calyptorhynchus lathami	SRP216942	PRJNA557608	2019-09-30	159.0	77.0
SRR9871262	RAD-Seq	UNIVERSITY OF SYDNEY	Illumina HiSeq 2500	SINGLE	Reduced Representation	GENOMIC	ILLUMINA	SAMN12404846	Calyptorhynchus lathami	SRP216942	PRJNA557608	2019-09-30	179.0	77.0
SRR9871291	RAD-Seq	UNIVERSITY OF SYDNEY	Illumina HiSeq 2500	SINGLE	Reduced Representation	GENOMIC	ILLUMINA	SAMN12404789	Calyptorhynchus lathami	SRP216942	PRJNA557608	2019-09-30	190.0	77.0
SRR13483894	WGS	AMNH	HiSeq X Ten	PAIRED	Hybrid Selection	GENOMIC	ILLUMINA	SAMN17062397	Calyptorhynchus lathami	SRP302372	PRJNA692616	2023-03-27	81.0	191.0
SRR8591032	WGS	AMNH	Illumina HiSeq 3000	PAIRED	Hybrid Selection	GENOMIC	ILLUMINA	SAMN10331240	Chalcopsitta atra	SRP186257	PRJNA498485	2019-02-19	379.0	186.0
SRR8591033	WGS	AMNH	Illumina HiSeq 3000	PAIRED	Hybrid Selection	GENOMIC	ILLUMINA	SAMN10331241	Chalcopsitta atra	SRP186257	PRJNA498485	2019-02-19	359.0	187.0
SRR8591034	WGS	AMNH	Illumina HiSeq 3000	PAIRED	Hybrid Selection	GENOMIC	ILLUMINA	SAMN10331242	Chalcopsitta atra atra	SRP186257	PRJNA498485	2019-02-28	226.0	195.0
SRR8591035	WGS	AMNH	Illumina HiSeq 3000	PAIRED	Hybrid Selection	GENOMIC	ILLUMINA	SAMN10331243	Chalcopsitta atra bernsteini	SRP186257	PRJNA498485	2019-02-28	371.0	195.0
SRR8591036	WGS	AMNH	Illumina HiSeq 3000	PAIRED	Hybrid Selection	GENOMIC	ILLUMINA	SAMN10331244	Chalcopsitta atra insignis	SRP186257	PRJNA498485	2019-02-28	153.0	191.0
SRR32083720	WGS	IRIDIAN GENOMES	Illumina NovaSeq 6000	PAIRED	RANDOM	GENOMIC	ILLUMINA	SAMN18613279	Chalcopsitta duivenbodei	SRP559196	PRJNA703566	2025-01-22	19622.0	300.0
SRR8591037	WGS	AMNH	Illumina HiSeq 3000	PAIRED	Hybrid Selection	GENOMIC	ILLUMINA	SAMN10331245	Chalcopsitta duivenbodei duivenbodei	SRP186257	PRJNA498485	2019-02-19	793.0	189.0
SRR8591038	WGS	AMNH	Illumina HiSeq 3000	PAIRED	Hybrid Selection	GENOMIC	ILLUMINA	SAMN10331246	Chalcopsitta duivenbodei syringanuchalis	SRP186257	PRJNA498485	2019-02-19	328.0	194.0
SRR8591039	WGS	AMNH	Illumina HiSeq 3000	PAIRED	Hybrid Selection	GENOMIC	ILLUMINA	SAMN10331247	Chalcopsitta scintillata	SRP186257	PRJNA498485	2019-02-19	845.0	188.0
SRR8591040	WGS	AMNH	Illumina HiSeq 3000	PAIRED	Hybrid Selection	GENOMIC	ILLUMINA	SAMN10331248	Chalcopsitta scintillata	SRP186257	PRJNA498485	2019-02-19	361.0	187.0
SRR8591133	WGS	AMNH	Illumina HiSeq 3000	PAIRED	Hybrid Selection	GENOMIC	ILLUMINA	SAMN10331250	Chalcopsitta scintillata chloroptera	SRP186257	PRJNA498485	2019-02-19	337.0	192.0
SRR8591041	WGS	AMNH	Illumina HiSeq 3000	PAIRED	Hybrid Selection	GENOMIC	ILLUMINA	SAMN10331249	Chalcopsitta scintillata chloroptera	SRP186257	PRJNA498485	2019-02-28	110.0	193.0
SRR8591134	WGS	AMNH	Illumina HiSeq 3000	PAIRED	Hybrid Selection	GENOMIC	ILLUMINA	SAMN10331251	Chalcopsitta scintillata rubrifrons	SRP186257	PRJNA498485	2019-02-19	421.0	191.0
SRR8591135	WGS	AMNH	Illumina HiSeq 3000	PAIRED	Hybrid Selection	GENOMIC	ILLUMINA	SAMN10331251	Chalcopsitta scintillata rubrifrons	SRP186257	PRJNA498485	2019-02-19	421.0	191.0
SRR8591136	WGS	AMNH	Illumina HiSeq 3000	PAIRED	Hybrid Selection	GENOMIC	ILLUMINA	SAMN10331251	Chalcopsitta scintillata rubrifrons	SRP186257	PRJNA498485	2019-02-19	30.0	188.0
SRR8591129	WGS	AMNH	Illumina HiSeq 3000	PAIRED	Hybrid Selection	GENOMIC	ILLUMINA	SAMN10331252	Chalcopsitta scintillata scintillata	SRP186257	PRJNA498485	2019-02-19	250.0	193.0
SRR8591153	WGS	AMNH	Illumina HiSeq 3000	PAIRED	Hybrid Selection	GENOMIC	ILLUMINA	SAMN10331289	Charminetta wilhelminae	SRP186257	PRJNA498485	2019-02-28	205.0	195.0
SRR8591206	WGS	AMNH	Illumina HiSeq 3000	PAIRED	Hybrid Selection	GENOMIC	ILLUMINA	SAMN10331290	Charminetta wilhelminae	SRP186257	PRJNA498485	2019-02-28	259.0	187.0
SRR8591130	WGS	AMNH	Illumina HiSeq 3000	PAIRED	Hybrid Selection	GENOMIC	ILLUMINA	SAMN10331253	Charmosyna amabilis	SRP186257	PRJNA498485	2019-02-19	557.0	193.0
SRR8591131	WGS	AMNH	Illumina HiSeq 3000	PAIRED	Hybrid Selection	GENOMIC	ILLUMINA	SAMN10331253	Charmosyna amabilis	SRP186257	PRJNA498485	2019-02-19	557.0	193.0
SRR8591132	WGS	AMNH	Illumina HiSeq 3000	PAIRED	Hybrid Selection	GENOMIC	ILLUMINA	SAMN10331253	Charmosyna amabilis	SRP186257	PRJNA498485	2019-02-19	99.0	185.0
SRR8591138	WGS	AMNH	Illumina HiSeq 3000	PAIRED	Hybrid Selection	GENOMIC	ILLUMINA	SAMN10331254	Charmosyna amabilis	SRP186257	PRJNA498485	2019-02-19	526.0	185.0
SRR8591139	WGS	AMNH	Illumina HiSeq 3000	PAIRED	Hybrid Selection	GENOMIC	ILLUMINA	SAMN10331254	Charmosyna amabilis	SRP186257	PRJNA498485	2019-02-19	526.0	185.0
SRR8591159	WGS	AMNH	Illumina HiSeq 3000	PAIRED	Hybrid Selection	GENOMIC	ILLUMINA	SAMN10331255	Charmosyna josefinae cyclopum	SRP186257	PRJNA498485	2019-02-19	3001.0	188.0
SRR8591158	WGS	AMNH	Illumina HiSeq 3000	PAIRED	Hybrid Selection	GENOMIC	ILLUMINA	SAMN10331256	Charmosyna josefinae josefinae	SRP186257	PRJNA498485	2019-02-28	515.0	188.0
SRR8591161	WGS	AMNH	Illumina HiSeq 3000	PAIRED	Hybrid Selection	GENOMIC	ILLUMINA	SAMN10331257	Charmosyna josefinae sepikiana	SRP186257	PRJNA498485	2019-02-19	283.0	189.0
SRR8591160	WGS	AMNH	Illumina HiSeq 3000	PAIRED	Hybrid Selection	GENOMIC	ILLUMINA	SAMN10331258	Charmosyna margarethae	SRP186257	PRJNA498485	2019-02-19	952.0	187.0
SRR8591163	WGS	AMNH	Illumina HiSeq 3000	PAIRED	Hybrid Selection	GENOMIC	ILLUMINA	SAMN10331259	Charmosyna margarethae	SRP186257	PRJNA498485	2019-02-19	985.0	152.0
SRR8591162	WGS	AMNH	Illumina HiSeq 3000	PAIRED	Hybrid Selection	GENOMIC	ILLUMINA	SAMN10331260	Charmosyna meeki	SRP186257	PRJNA498485	2019-02-19	320.0	191.0
SRR8591165	WGS	AMNH	Illumina HiSeq 3000	PAIRED	Hybrid Selection	GENOMIC	ILLUMINA	SAMN10331261	Charmosyna meeki	SRP186257	PRJNA498485	2019-02-19	464.0	187.0
SRR8591164	WGS	AMNH	Illumina HiSeq 3000	PAIRED	Hybrid Selection	GENOMIC	ILLUMINA	SAMN10331262	Charmosyna multistriata	SRP186257	PRJNA498485	2019-02-19	330.0	187.0
SRR8591167	WGS	AMNH	Illumina HiSeq 3000	PAIRED	Hybrid Selection	GENOMIC	ILLUMINA	SAMN10331263	Charmosyna multistriata	SRP186257	PRJNA498485	2019-02-19	343.0	186.0
SRR8591166	WGS	AMNH	Illumina HiSeq 3000	PAIRED	Hybrid Selection	GENOMIC	ILLUMINA	SAMN10331264	Charmosyna palmarum	SRP186257	PRJNA498485	2019-02-19	70.0	187.0
SRR8591186	WGS	AMNH	Illumina HiSeq 3000	PAIRED	Hybrid Selection	GENOMIC	ILLUMINA	SAMN10331265	Charmosyna palmarum	SRP186257	PRJNA498485	2019-02-19	38.0	185.0
SRR8591184	WGS	AMNH	Illumina HiSeq 3000	PAIRED	Hybrid Selection	GENOMIC	ILLUMINA	SAMN10331267	Charmosyna palmarum	SRP186257	PRJNA498485	2019-02-28	143.0	191.0
SRR8591187	WGS	AMNH	Illumina HiSeq 3000	PAIRED	Hybrid Selection	GENOMIC	ILLUMINA	SAMN10331266	Charmosyna palmarum	SRP186257	PRJNA498485	2019-02-28	286.0	190.0
SRR8591185	WGS	AMNH	Illumina HiSeq 3000	PAIRED	Hybrid Selection	GENOMIC	ILLUMINA	SAMN10331268	Charmosyna papou goliathina	SRP186257	PRJNA498485	2019-02-19	1151.0	195.0
SRR8591190	WGS	AMNH	Illumina HiSeq 3000	PAIRED	Hybrid Selection	GENOMIC	ILLUMINA	SAMN10331269	Charmosyna papou goliathina	SRP186257	PRJNA498485	2019-02-19	372.0	198.0
SRR8591191	WGS	AMNH	Illumina HiSeq 3000	PAIRED	Hybrid Selection	GENOMIC	ILLUMINA	SAMN10331270	Charmosyna papou papou	SRP186257	PRJNA498485	2019-02-28	198.0	195.0
SRR8591188	WGS	AMNH	Illumina HiSeq 3000	PAIRED	Hybrid Selection	GENOMIC	ILLUMINA	SAMN10331271	Charmosyna papou stellae	SRP186257	PRJNA498485	2019-02-19	379.0	187.0
SRR8591189	WGS	AMNH	Illumina HiSeq 3000	PAIRED	Hybrid Selection	GENOMIC	ILLUMINA	SAMN10331272	Charmosyna papou stellae	SRP186257	PRJNA498485	2019-02-19	240.0	187.0
SRR8591193	WGS	AMNH	Illumina HiSeq 3000	PAIRED	Hybrid Selection	GENOMIC	ILLUMINA	SAMN10331273	Charmosyna papou wahnesi	SRP186257	PRJNA498485	2019-02-28	348.0	195.0
SRR8591194	WGS	AMNH	Illumina HiSeq 3000	PAIRED	Hybrid Selection	GENOMIC	ILLUMINA	SAMN10331274	Charmosyna placentis intensior	SRP186257	PRJNA498485	2019-02-21	291.0	100.0
SRR8591192	WGS	AMNH	Illumina HiSeq 3000	PAIRED	Hybrid Selection	GENOMIC	ILLUMINA	SAMN10331276	Charmosyna placentis ornata	SRP186257	PRJNA498485	2019-02-19	437.0	190.0
SRR8591195	WGS	AMNH	Illumina HiSeq 3000	PAIRED	Hybrid Selection	GENOMIC	ILLUMINA	SAMN10331275	Charmosyna placentis ornata	SRP186257	PRJNA498485	2019-02-28	214.0	184.0
SRR8591104	WGS	AMNH	Illumina HiSeq 3000	PAIRED	Hybrid Selection	GENOMIC	ILLUMINA	SAMN10331277	Charmosyna placentis pallidior	SRP186257	PRJNA498485	2019-02-28	280.0	187.0
SRR8591181	WGS	AMNH	Illumina HiSeq 3000	PAIRED	Hybrid Selection	GENOMIC	ILLUMINA	SAMN10331278	Charmosyna placentis placentis	SRP186257	PRJNA498485	2019-02-19	222.0	189.0
SRR8591182	WGS	AMNH	Illumina HiSeq 3000	PAIRED	Hybrid Selection	GENOMIC	ILLUMINA	SAMN10331278	Charmosyna placentis placentis	SRP186257	PRJNA498485	2019-02-19	551.0	196.0
SRR8591183	WGS	AMNH	Illumina HiSeq 3000	PAIRED	Hybrid Selection	GENOMIC	ILLUMINA	SAMN10331278	Charmosyna placentis placentis	SRP186257	PRJNA498485	2019-02-19	551.0	196.0
SRR8591178	WGS	AMNH	Illumina HiSeq 3000	PAIRED	Hybrid Selection	GENOMIC	ILLUMINA	SAMN10331280	Charmosyna placentis subplacens	SRP186257	PRJNA498485	2019-02-19	497.0	187.0
SRR8591180	WGS	AMNH	Illumina HiSeq 3000	PAIRED	Hybrid Selection	GENOMIC	ILLUMINA	SAMN10331279	Charmosyna placentis subplacens	SRP186257	PRJNA498485	2019-02-28	303.0	195.0
SRR8591012	WGS	AMNH	Illumina HiSeq 3000	PAIRED	Hybrid Selection	GENOMIC	ILLUMINA	SAMN10331282	Charmosyna pulchella pulchella	SRP186257	PRJNA498485	2019-02-28	94.0	187.0
SRR8591013	WGS	AMNH	Illumina HiSeq 3000	PAIRED	Hybrid Selection	GENOMIC	ILLUMINA	SAMN10331281	Charmosyna pulchella pulchella	SRP186257	PRJNA498485	2019-02-28	452.0	187.0
SRR8591119	WGS	AMNH	Illumina HiSeq 3000	PAIRED	Hybrid Selection	GENOMIC	ILLUMINA	SAMN10331283	Charmosyna pulchella rothschildi	SRP186257	PRJNA498485	2019-02-19	761.0	192.0
SRR8591123	WGS	AMNH	Illumina HiSeq 3000	PAIRED	Hybrid Selection	GENOMIC	ILLUMINA	SAMN10331284	Charmosyna rubrigularis	SRP186257	PRJNA498485	2019-02-19	1976.0	187.0
SRR8591125	WGS	AMNH	Illumina HiSeq 3000	PAIRED	Hybrid Selection	GENOMIC	ILLUMINA	SAMN10331285	Charmosyna rubronotata rubronotata	SRP186257	PRJNA498485	2019-02-19	704.0	188.0
SRR8591126	WGS	AMNH	Illumina HiSeq 3000	PAIRED	Hybrid Selection	GENOMIC	ILLUMINA	SAMN10331286	Charmosyna rubronotata rubronotata	SRP186257	PRJNA498485	2019-02-28	1165.0	189.0
SRR8591128	WGS	AMNH	Illumina HiSeq 3000	PAIRED	Hybrid Selection	GENOMIC	ILLUMINA	SAMN10331287	Charmosyna rubronotata rubronotata	SRP186257	PRJNA498485	2019-02-28	167.0	188.0
SRR8591137	WGS	AMNH	Illumina HiSeq 3000	PAIRED	Hybrid Selection	GENOMIC	ILLUMINA	SAMN10331288	Charmosyna toxopei	SRP186257	PRJNA498485	2019-02-19	1051.0	185.0
SRR8591140	WGS	AMNH	Illumina HiSeq 3000	PAIRED	Hybrid Selection	GENOMIC	ILLUMINA	SAMN10331288	Charmosyna toxopei	SRP186257	PRJNA498485	2019-02-19	593.0	188.0
SRR8591179	WGS	AMNH	Illumina HiSeq 3000	PAIRED	Hybrid Selection	GENOMIC	ILLUMINA	SAMN10331288	Charmosyna toxopei	SRP186257	PRJNA498485	2019-02-19	593.0	188.0
ERR3623511	WGS	INSTITUT DE BIOLOGIA EVOLUTIVA (CSIC-UPF)	BGISEQ-500	SINGLE	RANDOM	GENOMIC	BGISEQ	SAMEA5744561	Conuropsis carolinensis	ERP115898	PRJEB33130	2019-11-17	1595.0	64.0
ERR3624106	WGS	INSTITUT DE BIOLOGIA EVOLUTIVA (CSIC-UPF)	BGISEQ-500	SINGLE	RANDOM	GENOMIC	BGISEQ	SAMEA5744561	Conuropsis carolinensis	ERP115898	PRJEB33130	2019-11-17	1592.0	58.0
ERR3624107	WGS	INSTITUT DE BIOLOGIA EVOLUTIVA (CSIC-UPF)	BGISEQ-500	SINGLE	RANDOM	GENOMIC	BGISEQ	SAMEA5744561	Conuropsis carolinensis	ERP115898	PRJEB33130	2019-11-17	1761.0	61.0
ERR3624122	WGS	INSTITUT DE BIOLOGIA EVOLUTIVA (CSIC-UPF)	BGISEQ-500	SINGLE	RANDOM	GENOMIC	BGISEQ	SAMEA5744561	Conuropsis carolinensis	ERP115898	PRJEB33130	2019-11-17	2769.0	63.0
ERR3624305	WGS	INSTITUT DE BIOLOGIA EVOLUTIVA (CSIC-UPF)	BGISEQ-500	SINGLE	RANDOM	GENOMIC	BGISEQ	SAMEA5744561	Conuropsis carolinensis	ERP115898	PRJEB33130	2019-11-17	7459.0	85.0
ERR3624321	WGS	INSTITUT DE BIOLOGIA EVOLUTIVA (CSIC-UPF)	BGISEQ-500	SINGLE	RANDOM	GENOMIC	BGISEQ	SAMEA5744561	Conuropsis carolinensis	ERP115898	PRJEB33130	2019-11-17	5531.0	83.0
ERR3624582	WGS	INSTITUT DE BIOLOGIA EVOLUTIVA (CSIC-UPF)	BGISEQ-500	SINGLE	RANDOM	GENOMIC	BGISEQ	SAMEA5744561	Conuropsis carolinensis	ERP115898	PRJEB33130	2019-11-17	6126.0	72.0
ERR3624978	WGS	INSTITUT DE BIOLOGIA EVOLUTIVA (CSIC-UPF)	BGISEQ-500	SINGLE	RANDOM	GENOMIC	BGISEQ	SAMEA5744561	Conuropsis carolinensis	ERP115898	PRJEB33130	2019-11-17	7758.0	77.0
SRR12612937	WGS	AMNH	Illumina HiSeq 2500	PAIRED	Hybrid Selection	GENOMIC	ILLUMINA	SAMN15961293	Conuropsis carolinensis	SRP281634	PRJNA660786	2021-04-02	2.0	185.0
SRR12612938	WGS	AMNH	Illumina HiSeq 2500	PAIRED	Hybrid Selection	GENOMIC	ILLUMINA	SAMN15961292	Conuropsis carolinensis	SRP281634	PRJNA660786	2021-04-02	2.0	186.0
SRR12612939	WGS	AMNH	Illumina HiSeq 2500	PAIRED	Hybrid Selection	GENOMIC	ILLUMINA	SAMN15961291	Conuropsis carolinensis	SRP281634	PRJNA660786	2021-04-02	309.0	187.0
SRR12612940	WGS	AMNH	Illumina HiSeq 2500	PAIRED	Hybrid Selection	GENOMIC	ILLUMINA	SAMN15961290	Conuropsis carolinensis	SRP281634	PRJNA660786	2021-04-02	1.0	187.0
SRR12612941	WGS	AMNH	Illumina HiSeq 2500	PAIRED	Hybrid Selection	GENOMIC	ILLUMINA	SAMN15961289	Conuropsis carolinensis	SRP281634	PRJNA660786	2021-04-02	392.0	196.0
SRR12612942	WGS	AMNH	Illumina HiSeq 2500	PAIRED	Hybrid Selection	GENOMIC	ILLUMINA	SAMN15961288	Conuropsis carolinensis	SRP281634	PRJNA660786	2021-04-02	334.0	196.0
SRR12612943	WGS	AMNH	Illumina HiSeq 2500	PAIRED	Hybrid Selection	GENOMIC	ILLUMINA	SAMN15961287	Conuropsis carolinensis	SRP281634	PRJNA660786	2021-04-02	475.0	196.0
SRR12612944	WGS	AMNH	Illumina HiSeq 2500	PAIRED	Hybrid Selection	GENOMIC	ILLUMINA	SAMN15961286	Conuropsis carolinensis	SRP281634	PRJNA660786	2021-04-02	269.0	196.0
SRR12612945	WGS	AMNH	Illumina HiSeq 2500	PAIRED	Hybrid Selection	GENOMIC	ILLUMINA	SAMN15961285	Conuropsis carolinensis	SRP281634	PRJNA660786	2021-04-02	566.0	195.0
SRR12612947	WGS	AMNH	Illumina HiSeq 2500	PAIRED	Hybrid Selection	GENOMIC	ILLUMINA	SAMN15961284	Conuropsis carolinensis	SRP281634	PRJNA660786	2021-04-02	508.0	195.0
SRR21023482	WGS	IRIDIAN GENOMES	HiSeq X Ten	PAIRED	RANDOM	GENOMIC	ILLUMINA	SAMN25582409	Conuropsis carolinensis	SRP405475	PRJNA802724	2022-08-12	192525.0	300.0
SRR13483916	WGS	AMNH	HiSeq X Ten	PAIRED	Hybrid Selection	GENOMIC	ILLUMINA	SAMN17062379	Conuropsis carolinensis carolinensis	SRP302372	PRJNA692616	2023-03-27	360.0	201.0
SRR13483963	WGS	AMNH	HiSeq X Ten	PAIRED	Hybrid Selection	GENOMIC	ILLUMINA	SAMN17062336	Coracopsis barklyi	SRP302372	PRJNA692616	2023-03-27	704.0	214.0
SRR29713776	WGS	IRIDIAN GENOMES	HiSeq X Ten	PAIRED	RANDOM	GENOMIC	ILLUMINA	SAMN41767409	Coracopsis nigra	SRP518131	PRJNA479488	2024-07-05	28053.0	300.0
SRR13483901	WGS	AMNH	HiSeq X Ten	PAIRED	Hybrid Selection	GENOMIC	ILLUMINA	SAMN17062393	Coracopsis nigra nigra	SRP302372	PRJNA692616	2023-03-27	195.0	191.0
SRR19070319	WGS	IRIDIAN GENOMES	HiSeq X Ten	PAIRED	RANDOM	GENOMIC	ILLUMINA	SAMN18613280	Coracopsis vasa	SRP373463	PRJNA479489	2022-05-03	21954.0	300.0
SRR13483900	WGS	AMNH	HiSeq X Ten	PAIRED	Hybrid Selection	GENOMIC	ILLUMINA	SAMN17062394	Coracopsis vasa	SRP302372	PRJNA692616	2023-03-27	158.0	191.0
SRR17850793	Bisulfite-Seq	GEO	Illumina HiSeq 3000	SINGLE	Reduced Representation	GENOMIC	ILLUMINA	SAMN25561788	Cyanoliseus patagonus	SRP357738	PRJNA802599	2022-06-19	731.0	51.0
SRR17850794	Bisulfite-Seq	GEO	Illumina HiSeq 3000	SINGLE	Reduced Representation	GENOMIC	ILLUMINA	SAMN25561790	Cyanoliseus patagonus	SRP357738	PRJNA802599	2022-06-19	654.0	51.0
SRR17852341	Bisulfite-Seq	GEO	Illumina HiSeq 3000	SINGLE	Reduced Representation	GENOMIC	ILLUMINA	SAMN25561683	Cyanoliseus patagonus	SRP357738	PRJNA802599	2022-06-19	521.0	51.0
SRR17852342	Bisulfite-Seq	GEO	Illumina HiSeq 3000	SINGLE	Reduced Representation	GENOMIC	ILLUMINA	SAMN25561685	Cyanoliseus patagonus	SRP357738	PRJNA802599	2022-06-19	935.0	61.0
SRR17852343	Bisulfite-Seq	GEO	Illumina HiSeq 3000	SINGLE	Reduced Representation	GENOMIC	ILLUMINA	SAMN25561686	Cyanoliseus patagonus	SRP357738	PRJNA802599	2022-06-19	911.0	61.0
SRR21034925	WGS	IRIDIAN GENOMES	HiSeq X Ten	PAIRED	RANDOM	GENOMIC	ILLUMINA	SAMN18863656	Cyanoliseus patagonus	SRP391963	PRJNA703591	2022-08-13	23195.0	300.0
SRR13483908	WGS	AMNH	HiSeq X Ten	PAIRED	Hybrid Selection	GENOMIC	ILLUMINA	SAMN17062386	Cyanoliseus patagonus	SRP302372	PRJNA692616	2023-03-27	377.0	201.0
SRR35608324	WGS	ZHEJIANG UNIVERSITY	DNBSEQ-G400	PAIRED	RANDOM	GENOMIC	DNBSEQ	SAMN50656833	Cyanoliseus patagonus	SRP627083	PRJNA1307197	2025-09-25	172171.0	242.0
SRR15037507	WGS	IRIDIAN GENOMES	HiSeq X Ten	PAIRED	RANDOM	GENOMIC	ILLUMINA	SAMN19969212	Cyanopsitta spixii	SRP326854	PRJNA703592	2022-08-31	119670.0	300.0
SRR13483867	WGS	AMNH	HiSeq X Ten	PAIRED	Hybrid Selection	GENOMIC	ILLUMINA	SAMN17062422	Cyanopsitta spixii	SRP302372	PRJNA692616	2023-03-27	1428.0	262.0
SRR13483891	WGS	AMNH	Illumina HiSeq 3000	PAIRED	Hybrid Selection	GENOMIC	ILLUMINA	SAMN17062400	Cyanoramphus auriceps	SRP302372	PRJNA692616	2023-03-27	333.0	195.0
SRR13483890	WGS	AMNH	HiSeq X Ten	PAIRED	Hybrid Selection	GENOMIC	ILLUMINA	SAMN17062401	Cyanoramphus cookii	SRP302372	PRJNA692616	2023-03-27	390.0	189.0
SRR13483668	WGS	AMNH	HiSeq X Ten	PAIRED	Hybrid Selection	GENOMIC	ILLUMINA	SAMN17062602	Cyanoramphus forbesi	SRP302372	PRJNA692616	2023-03-27	93.0	191.0
SRR13483889	WGS	AMNH	Illumina HiSeq 3000	PAIRED	Hybrid Selection	GENOMIC	ILLUMINA	SAMN17062402	Cyanoramphus hochstetteri	SRP302372	PRJNA692616	2023-03-27	325.0	192.0
SRR13483664	WGS	AMNH	Illumina HiSeq 3000	PAIRED	Hybrid Selection	GENOMIC	ILLUMINA	SAMN17062606	Cyanoramphus malherbi	SRP302372	PRJNA692616	2023-03-27	1171.0	268.0
SRR10852807	RNA-Seq	MAX PLANCK INSTITUTE FOR ORNITHOLOGY-SEEWIESEN	Illumina HiSeq 2500	PAIRED	RANDOM	TRANSCRIPTOMIC	ILLUMINA	SAMN13755158	Cyanoramphus novaezelandiae	SRP240625	PRJNA599522	2020-08-13	5800.0	100.0
SRR21034927	WGS	IRIDIAN GENOMES	HiSeq X Ten	PAIRED	RANDOM	GENOMIC	ILLUMINA	SAMN18613281	Cyanoramphus novaezelandiae	SRP391965	PRJNA703598	2022-08-13	43022.0	300.0
SRR13483888	WGS	AMNH	HiSeq X Ten	PAIRED	Hybrid Selection	GENOMIC	ILLUMINA	SAMN17062403	Cyanoramphus novaezelandiae	SRP302372	PRJNA692616	2023-03-27	173.0	190.0
SRR13483887	WGS	AMNH	Illumina HiSeq 3000	PAIRED	Hybrid Selection	GENOMIC	ILLUMINA	SAMN17062404	Cyanoramphus saisseti	SRP302372	PRJNA692616	2023-03-27	466.0	190.0
SRR28896300	WGS	IRIDIAN GENOMES	HiSeq X Ten	PAIRED	RANDOM	GENOMIC	ILLUMINA	SAMN41162364	Cyanoramphus saisseti	SRP505693	PRJNA703599	2024-05-04	24614.0	300.0
SRR13483886	WGS	AMNH	HiSeq X Ten	PAIRED	Hybrid Selection	GENOMIC	ILLUMINA	SAMN17062405	Cyanoramphus unicolor	SRP302372	PRJNA692616	2023-03-27	724.0	192.0
SRR8591029	WGS	AMNH	Illumina HiSeq 3000	PAIRED	Hybrid Selection	GENOMIC	ILLUMINA	SAMN10331411	Cyclopsitta diophthalma	SRP186257	PRJNA498485	2019-02-19	348.0	186.0
SRR17851590	Bisulfite-Seq	GEO	Illumina HiSeq 3000	SINGLE	Reduced Representation	GENOMIC	ILLUMINA	SAMN25560727	Cyclopsitta diophthalma	SRP357738	PRJNA802599	2022-06-19	1102.0	51.0
SRR17851591	Bisulfite-Seq	GEO	Illumina HiSeq 3000	SINGLE	Reduced Representation	GENOMIC	ILLUMINA	SAMN25560728	Cyclopsitta diophthalma	SRP357738	PRJNA802599	2022-06-19	696.0	51.0
SRR17851592	Bisulfite-Seq	GEO	Illumina HiSeq 3000	SINGLE	Reduced Representation	GENOMIC	ILLUMINA	SAMN25560729	Cyclopsitta diophthalma	SRP357738	PRJNA802599	2022-06-19	723.0	51.0
SRR13483915	WGS	AMNH	HiSeq X Ten	PAIRED	Hybrid Selection	GENOMIC	ILLUMINA	SAMN17062380	Cyclopsitta diophthalma	SRP302372	PRJNA692616	2023-03-27	376.0	201.0
SRR35608328	WGS	ZHEJIANG UNIVERSITY	DNBSEQ-G400	PAIRED	RANDOM	GENOMIC	DNBSEQ	SAMN50656830	Cyclopsitta diophthalma	SRP627083	PRJNA1307197	2025-09-25	101302.0	242.0
SRR13483911	WGS	AMNH	HiSeq X Ten	PAIRED	Hybrid Selection	GENOMIC	ILLUMINA	SAMN17062384	Cyclopsitta gulielmitertii	SRP302372	PRJNA692616	2023-03-27	465.0	201.0
SRR19579423	WGS	IRIDIAN GENOMES	HiSeq X Ten	PAIRED	RANDOM	GENOMIC	ILLUMINA	SAMN25884804	Deroptyus accipitrinus	SRP379084	PRJNA703673	2022-06-08	36496.0	300.0
SRR13483884	WGS	AMNH	HiSeq X Ten	PAIRED	Hybrid Selection	GENOMIC	ILLUMINA	SAMN17062406	Deroptyus accipitrinus	SRP302372	PRJNA692616	2023-03-27	347.0	201.0
SRR13002228	WGS	IRIDIAN GENOMES	HiSeq X Ten	PAIRED	RANDOM	GENOMIC	ILLUMINA	SAMN16690509	Diopsittaca nobilis	SRP291489	PRJNA675142	2020-11-06	16089.0	300.0
SRR13753092	WGS	IRIDIAN GENOMES	HiSeq X Ten	PAIRED	RANDOM	GENOMIC	ILLUMINA	SAMN16690509	Diopsittaca nobilis	SRP291489	PRJNA675142	2021-02-20	26318.0	300.0
SRR8782866	WGS	IRIDIAN GENOMES	HiSeq X Ten	PAIRED	RANDOM	GENOMIC	ILLUMINA	SAMN11250500	Eclectus roratus	SRP189369	PRJNA528951	2019-03-25	21609.0	300.0
SRR11309055	WGS	IRIDIAN GENOMES	HiSeq X Ten	SINGLE	RANDOM	GENOMIC	ILLUMINA	SAMN11250500	Eclectus roratus	SRP189369	PRJNA528951	2020-03-15	1101.0	4728.0
SRR13483881	WGS	AMNH	HiSeq X Ten	PAIRED	Hybrid Selection	GENOMIC	ILLUMINA	SAMN17062409	Eclectus roratus	SRP302372	PRJNA692616	2023-03-27	193.0	192.0
SRR23710438	WGS	IRIDIAN GENOMES	HiSeq X Ten	PAIRED	RANDOM	GENOMIC	ILLUMINA	SAMN18520320	Enicognathus ferrugineus	SRP425846	PRJNA555786	2023-03-06	18228.0	300.0
SRR13483880	WGS	AMNH	HiSeq X Ten	PAIRED	Hybrid Selection	GENOMIC	ILLUMINA	SAMN17062410	Enicognathus ferrugineus ferrugineus	SRP302372	PRJNA692616	2023-03-27	348.0	194.0
SRR13483879	WGS	AMNH	HiSeq X Ten	PAIRED	Hybrid Selection	GENOMIC	ILLUMINA	SAMN17062411	Enicognathus leptorhynchus	SRP302372	PRJNA692616	2023-03-27	551.0	193.0
SRR23997490	WGS	IRIDIAN GENOMES	HiSeq X Ten	PAIRED	RANDOM	GENOMIC	ILLUMINA	SAMN32398554	Enicognathus leptorhynchus	SRP429824	PRJNA703677	2023-03-28	32807.0	300.0
SRR9946551	WGS	B10K CONSORTIUM	Illumina HiSeq X Ten	PAIRED	RANDOM	GENOMIC	ILLUMINA	SAMN12253931	Eolophus roseicapilla	SRP216675	PRJNA545868	2020-03-31	7390.0	300.0
SRR9946566	WGS	B10K CONSORTIUM	Illumina HiSeq X Ten	PAIRED	RANDOM	GENOMIC	ILLUMINA	SAMN12253931	Eolophus roseicapilla	SRP216675	PRJNA545868	2020-03-31	6193.0	300.0
SRR9947252	WGS	B10K CONSORTIUM	Illumina HiSeq X Ten	PAIRED	RANDOM	GENOMIC	ILLUMINA	SAMN12253931	Eolophus roseicapilla	SRP216675	PRJNA545868	2020-03-31	8278.0	300.0
SRR9947253	WGS	B10K CONSORTIUM	Illumina HiSeq X Ten	PAIRED	RANDOM	GENOMIC	ILLUMINA	SAMN12253931	Eolophus roseicapilla	SRP216675	PRJNA545868	2020-03-31	8391.0	300.0
SRR9947254	WGS	B10K CONSORTIUM	Illumina HiSeq X Ten	PAIRED	RANDOM	GENOMIC	ILLUMINA	SAMN12253931	Eolophus roseicapilla	SRP216675	PRJNA545868	2020-03-31	8212.0	300.0
SRR9947255	WGS	B10K CONSORTIUM	Illumina HiSeq 4000	PAIRED	RANDOM	GENOMIC	ILLUMINA	SAMN12253931	Eolophus roseicapilla	SRP216675	PRJNA545868	2020-03-31	17243.0	98.0
ERR4083609	WGS	MAX PLANCK INSTITUTE FOR DEVELOPMENTAL BIOLOGY	Illumina HiSeq 3000	PAIRED	RANDOM	METAGENOMIC	ILLUMINA	SAMEA6809487	Eolophus roseicapilla	ERP121451	PRJEB38078	2020-10-29	186.0	300.0
ERR4083826	WGS	MAX PLANCK INSTITUTE FOR DEVELOPMENTAL BIOLOGY	Illumina HiSeq 3000	PAIRED	RANDOM	METAGENOMIC	ILLUMINA	SAMEA6809487	Eolophus roseicapilla	ERP121451	PRJEB38078	2020-10-29	344.0	300.0
ERR4084072	WGS	MAX PLANCK INSTITUTE FOR DEVELOPMENTAL BIOLOGY	Illumina HiSeq 3000	PAIRED	RANDOM	METAGENOMIC	ILLUMINA	SAMEA6809487	Eolophus roseicapilla	ERP121451	PRJEB38078	2020-10-29	471.0	300.0
SRR13483878	WGS	AMNH	HiSeq X Ten	PAIRED	Hybrid Selection	GENOMIC	ILLUMINA	SAMN17062412	Eolophus roseicapilla	SRP302372	PRJNA692616	2023-03-27	182.0	192.0
SRR28399620	WGS	IRIDIAN GENOMES	HiSeq X Ten	PAIRED	RANDOM	GENOMIC	ILLUMINA	SAMN40555776	Eolophus roseicapilla	SRP496718	PRJNA703678	2024-03-20	34116.0	300.0
SRR8591049	WGS	AMNH	Illumina HiSeq 3000	PAIRED	Hybrid Selection	GENOMIC	ILLUMINA	SAMN10331291	Eos bornea	SRP186257	PRJNA498485	2019-02-19	654.0	187.0
SRR8591048	WGS	AMNH	Illumina HiSeq 3000	PAIRED	Hybrid Selection	GENOMIC	ILLUMINA	SAMN10331292	Eos bornea	SRP186257	PRJNA498485	2019-02-28	378.0	186.0
SRR8591051	WGS	AMNH	Illumina HiSeq 3000	PAIRED	Hybrid Selection	GENOMIC	ILLUMINA	SAMN10331293	Eos bornea bornea	SRP186257	PRJNA498485	2019-02-19	598.0	186.0
SRR8591050	WGS	AMNH	Illumina HiSeq 3000	PAIRED	Hybrid Selection	GENOMIC	ILLUMINA	SAMN10331294	Eos bornea cyanonotha	SRP186257	PRJNA498485	2019-02-19	436.0	186.0
SRR8591045	WGS	AMNH	Illumina HiSeq 3000	PAIRED	Hybrid Selection	GENOMIC	ILLUMINA	SAMN10331295	Eos cyanogenia	SRP186257	PRJNA498485	2019-02-19	450.0	186.0
SRR8591044	WGS	AMNH	Illumina HiSeq 3000	PAIRED	Hybrid Selection	GENOMIC	ILLUMINA	SAMN10331296	Eos cyanogenia	SRP186257	PRJNA498485	2019-02-28	439.0	188.0
SRR30335104	WGS	IRIDIAN GENOMES	HiSeq X Ten	PAIRED	RANDOM	GENOMIC	ILLUMINA	SAMN41767773	Eos cyanogenia	SRP527932	PRJNA703652	2024-08-22	35372.0	300.0
SRR8591047	WGS	AMNH	Illumina HiSeq 3000	PAIRED	Hybrid Selection	GENOMIC	ILLUMINA	SAMN10331297	Eos histrio	SRP186257	PRJNA498485	2019-02-19	495.0	187.0
SRR12044613	WGS	IRIDIAN GENOMES	HiSeq X Ten	PAIRED	RANDOM	GENOMIC	ILLUMINA	SAMN15314491	Eos histrio	SRP267831	PRJNA640343	2020-06-18	23264.0	300.0
SRR12080014	WGS	IRIDIAN GENOMES	MinION	SINGLE	RANDOM	GENOMIC	OXFORD_NANOPORE	SAMN15314491	Eos histrio	SRP267831	PRJNA640343	2020-06-24	623.0	713.0
SRR12620701	WGS	IRIDIAN GENOMES	HiSeq X Ten	PAIRED	RANDOM	GENOMIC	ILLUMINA	SAMN15314491	Eos histrio	SRP267831	PRJNA640343	2020-09-11	115488.0	300.0
SRR8591046	WGS	AMNH	Illumina HiSeq 3000	PAIRED	Hybrid Selection	GENOMIC	ILLUMINA	SAMN10331298	Eos histrio histrio	SRP186257	PRJNA498485	2019-02-19	515.0	186.0
SRR8591042	WGS	AMNH	Illumina HiSeq 3000	PAIRED	Hybrid Selection	GENOMIC	ILLUMINA	SAMN10331299	Eos histrio talautensis	SRP186257	PRJNA498485	2019-02-19	492.0	185.0
SRR8591043	WGS	AMNH	Illumina HiSeq 3000	PAIRED	Hybrid Selection	GENOMIC	ILLUMINA	SAMN10331299	Eos histrio talautensis	SRP186257	PRJNA498485	2019-02-19	492.0	185.0
SRR8591081	WGS	AMNH	Illumina HiSeq 3000	PAIRED	Hybrid Selection	GENOMIC	ILLUMINA	SAMN10331299	Eos histrio talautensis	SRP186257	PRJNA498485	2019-02-19	160.0	185.0
SRR8591079	WGS	AMNH	Illumina HiSeq 3000	PAIRED	Hybrid Selection	GENOMIC	ILLUMINA	SAMN10331301	Eos reticulata	SRP186257	PRJNA498485	2019-02-19	220.0	187.0
SRR8591082	WGS	AMNH	Illumina HiSeq 3000	PAIRED	Hybrid Selection	GENOMIC	ILLUMINA	SAMN10331300	Eos reticulata	SRP186257	PRJNA498485	2019-02-28	357.0	187.0
SRR8591080	WGS	AMNH	Illumina HiSeq 3000	PAIRED	Hybrid Selection	GENOMIC	ILLUMINA	SAMN10331302	Eos semilarvata	SRP186257	PRJNA498485	2019-02-19	570.0	186.0
SRR8591077	WGS	AMNH	Illumina HiSeq 3000	PAIRED	Hybrid Selection	GENOMIC	ILLUMINA	SAMN10331303	Eos semilarvata	SRP186257	PRJNA498485	2019-02-28	628.0	188.0
SRR12045012	WGS	IRIDIAN GENOMES	HiSeq X Ten	PAIRED	RANDOM	GENOMIC	ILLUMINA	SAMN15314656	Eos semilarvata	SRP267843	PRJNA640354	2020-06-18	22266.0	300.0
SRR12062478	WGS	IRIDIAN GENOMES	HiSeq X Ten	SINGLE	RANDOM	GENOMIC	ILLUMINA	SAMN15314656	Eos semilarvata	SRP267843	PRJNA640354	2020-06-21	1066.0	4890.0
SRR8591078	WGS	AMNH	Illumina HiSeq 3000	PAIRED	Hybrid Selection	GENOMIC	ILLUMINA	SAMN10331304	Eos squamata obiensis	SRP186257	PRJNA498485	2019-02-19	467.0	190.0
SRR8591073	WGS	AMNH	Illumina HiSeq 3000	PAIRED	Hybrid Selection	GENOMIC	ILLUMINA	SAMN10331305	Eos squamata squamata	SRP186257	PRJNA498485	2019-02-19	1149.0	188.0
SRR8591075	WGS	AMNH	Illumina HiSeq 3000	PAIRED	Hybrid Selection	GENOMIC	ILLUMINA	SAMN10331305	Eos squamata squamata	SRP186257	PRJNA498485	2019-02-19	861.0	197.0
SRR8591076	WGS	AMNH	Illumina HiSeq 3000	PAIRED	Hybrid Selection	GENOMIC	ILLUMINA	SAMN10331305	Eos squamata squamata	SRP186257	PRJNA498485	2019-02-19	861.0	197.0
SRR13483661	WGS	AMNH	HiSeq X Ten	PAIRED	Hybrid Selection	GENOMIC	ILLUMINA	SAMN17062608	Eunymphicus cornutus	SRP302372	PRJNA692616	2023-03-27	207.0	229.0
SRR13483660	WGS	AMNH	HiSeq X Ten	PAIRED	Hybrid Selection	GENOMIC	ILLUMINA	SAMN17062609	Eunymphicus uvaeensis	SRP302372	PRJNA692616	2023-03-27	206.0	247.0
SRR13483875	WGS	AMNH	HiSeq X Ten	PAIRED	Hybrid Selection	GENOMIC	ILLUMINA	SAMN17062415	Eupsittula astec	SRP302372	PRJNA692616	2023-03-27	197.0	192.0
SRR25338831	WGS	IRIDIAN GENOMES	HiSeq X Ten	PAIRED	RANDOM	GENOMIC	ILLUMINA	SAMN32398552	Eupsittula astec	SRP450323	PRJNA718318	2023-07-19	24375.0	300.0
SRR16904997	WGS	IRIDIAN GENOMES	HiSeq X Ten	PAIRED	RANDOM	GENOMIC	ILLUMINA	SAMN19459805	Eupsittula aurea	SRP345442	PRJNA703694	2021-11-10	22903.0	300.0
SRR13483877	WGS	AMNH	HiSeq X Ten	PAIRED	Hybrid Selection	GENOMIC	ILLUMINA	SAMN17062413	Eupsittula aurea	SRP302372	PRJNA692616	2023-03-27	289.0	193.0
SRR16642660	WGS	IRIDIAN GENOMES	HiSeq X Ten	PAIRED	RANDOM	GENOMIC	ILLUMINA	SAMN19459806	Eupsittula cactorum	SRP343857	PRJNA703695	2021-10-31	22009.0	300.0
SRR13483876	WGS	AMNH	HiSeq X Ten	PAIRED	Hybrid Selection	GENOMIC	ILLUMINA	SAMN17062414	Eupsittula cactorum caixana	SRP302372	PRJNA692616	2023-03-27	221.0	194.0
SRR13036345	WGS	IRIDIAN GENOMES	HiSeq X Ten	PAIRED	RANDOM	GENOMIC	ILLUMINA	SAMN16755340	Eupsittula canicularis	SRP292203	PRJNA676128	2020-11-11	9347.0	300.0
SRR13753100	WGS	IRIDIAN GENOMES	HiSeq X Ten	PAIRED	RANDOM	GENOMIC	ILLUMINA	SAMN16755340	Eupsittula canicularis	SRP292203	PRJNA676128	2021-02-20	14275.0	300.0
SRR13483786	WGS	AMNH	HiSeq X Ten	PAIRED	Hybrid Selection	GENOMIC	ILLUMINA	SAMN17062298	Eupsittula canicularis canicularis	SRP302372	PRJNA692616	2023-03-27	295.0	201.0
SRR16216124	WGS	IRIDIAN GENOMES	HiSeq X Ten	PAIRED	RANDOM	GENOMIC	ILLUMINA	SAMN18520321	Eupsittula nana	SRP340209	PRJNA703696	2021-10-06	38914.0	300.0
SRR10738943	WGS	IRIDIAN GENOMES	HiSeq X Ten	PAIRED	RANDOM	GENOMIC	ILLUMINA	SAMN13635021	Eupsittula pertinax	SRP238186	PRJNA596746	2019-12-19	29224.0	300.0
SRR11660206	WGS	IRIDIAN GENOMES	HiSeq X Ten	SINGLE	RANDOM	GENOMIC	ILLUMINA	SAMN13635021	Eupsittula pertinax	SRP238186	PRJNA596746	2020-05-01	1167.0	5200.0
SRR19632077	WGS	IRIDIAN GENOMES	HiSeq X Ten	PAIRED	RANDOM	GENOMIC	ILLUMINA	SAMN13635021	Eupsittula pertinax	SRP238186	PRJNA596746	2022-06-12	18695.0	300.0
SRR13483873	WGS	AMNH	HiSeq X Ten	PAIRED	Hybrid Selection	GENOMIC	ILLUMINA	SAMN17062416	Eupsittula pertinax	SRP302372	PRJNA692616	2023-03-27	123.0	193.0
SRR17211438	RNA-Seq	CHARLES UNIVERSITY, FACULTY OF SCIENCE	NextSeq 500	PAIRED	PolyA	TRANSCRIPTOMIC	ILLUMINA	SAMN23963149	Forpus coelestis	SRP350453	PRJNA788332	2021-12-13	13330.0	160.0
SRR13483872	WGS	AMNH	HiSeq X Ten	PAIRED	Hybrid Selection	GENOMIC	ILLUMINA	SAMN17062417	Forpus coelestis	SRP302372	PRJNA692616	2023-03-27	340.0	201.0
SRR25700376	WGS	IRIDIAN GENOMES	HiSeq X Ten	PAIRED	RANDOM	GENOMIC	ILLUMINA	SAMN37055385	Forpus coelestis	SRP455926	PRJNA703697	2023-08-19	24191.0	300.0
SRR24581152	WGS	IRIDIAN GENOMES	HiSeq X Ten	PAIRED	RANDOM	GENOMIC	ILLUMINA	SAMN35104380	Forpus conspicillatus	SRP437971	PRJNA703699	2023-05-16	23950.0	300.0
SRR13483866	WGS	AMNH	HiSeq X Ten	PAIRED	Hybrid Selection	GENOMIC	ILLUMINA	SAMN17062423	Forpus conspicillatus caucae	SRP302372	PRJNA692616	2023-03-27	453.0	192.0
SRR13483871	WGS	AMNH	HiSeq X Ten	PAIRED	Hybrid Selection	GENOMIC	ILLUMINA	SAMN17062418	Forpus crassirostris	SRP302372	PRJNA692616	2023-03-27	192.0	201.0
SRR24581159	WGS	IRIDIAN GENOMES	HiSeq X Ten	PAIRED	RANDOM	GENOMIC	ILLUMINA	SAMN35104381	Forpus crassirostris	SRP437972	PRJNA718755	2023-05-16	21795.0	300.0
SRR13483870	WGS	AMNH	HiSeq X Ten	PAIRED	Hybrid Selection	GENOMIC	ILLUMINA	SAMN17062419	Forpus cyanopygius	SRP302372	PRJNA692616	2023-03-27	238.0	201.0
SRR24581689	WGS	IRIDIAN GENOMES	HiSeq X Ten	PAIRED	RANDOM	GENOMIC	ILLUMINA	SAMN35104382	Forpus cyanopygius	SRP437984	PRJNA703700	2023-05-16	24897.0	300.0
SRR24581606	WGS	IRIDIAN GENOMES	HiSeq X Ten	PAIRED	RANDOM	GENOMIC	ILLUMINA	SAMN35104383	Forpus modestus	SRP437980	PRJNA703701	2023-05-16	20039.0	300.0
SRR13483869	WGS	AMNH	HiSeq X Ten	PAIRED	Hybrid Selection	GENOMIC	ILLUMINA	SAMN17062420	Forpus modestus sclateri	SRP302372	PRJNA692616	2023-03-27	199.0	201.0
SRR13483865	WGS	AMNH	HiSeq X Ten	PAIRED	Hybrid Selection	GENOMIC	ILLUMINA	SAMN17062424	Forpus passerinus	SRP302372	PRJNA692616	2023-03-27	67.0	189.0
SRR24581837	WGS	IRIDIAN GENOMES	HiSeq X Ten	PAIRED	RANDOM	GENOMIC	ILLUMINA	SAMN18863885	Forpus passerinus	SRP437991	PRJNA703702	2023-05-16	19239.0	300.0
ERR16764851	WGS	B10K PROJECT	DNBSEQ-T7	PAIRED	RANDOM	GENOMIC	DNBSEQ	SAMEA121755727	Forpus passerinus	ERP184347	PRJEB102986	2026-03-03	214899.0	230.0
SRR13483671	WGS	AMNH	HiSeq X Ten	PAIRED	Hybrid Selection	GENOMIC	ILLUMINA	SAMN17062599	Forpus spengeli	SRP302372	PRJNA692616	2023-03-27	545.0	217.0
SRR25667516	WGS	IRIDIAN GENOMES	HiSeq X Ten	PAIRED	RANDOM	GENOMIC	ILLUMINA	SAMN37037134	Forpus spengeli	SRP455655	PRJNA718766	2023-08-17	26809.0	300.0
SRR13483868	WGS	AMNH	HiSeq X Ten	PAIRED	Hybrid Selection	GENOMIC	ILLUMINA	SAMN17062421	Forpus xanthops	SRP302372	PRJNA692616	2023-03-27	594.0	201.0
SRR24581957	WGS	IRIDIAN GENOMES	HiSeq X Ten	PAIRED	RANDOM	GENOMIC	ILLUMINA	SAMN35104384	Forpus xanthops	SRP437995	PRJNA703703	2023-05-16	21747.0	300.0
SRR13483864	WGS	AMNH	HiSeq X Ten	PAIRED	Hybrid Selection	GENOMIC	ILLUMINA	SAMN17062425	Forpus xanthopterygius	SRP302372	PRJNA692616	2023-03-27	153.0	191.0
SRR24581958	WGS	IRIDIAN GENOMES	HiSeq X Ten	PAIRED	RANDOM	GENOMIC	ILLUMINA	SAMN35104385	Forpus xanthopterygius	SRP437998	PRJNA703704	2023-05-16	25637.0	300.0
SRR13483861	WGS	AMNH	HiSeq X Ten	PAIRED	Hybrid Selection	GENOMIC	ILLUMINA	SAMN17062427	Geoffroyus geoffroyi	SRP302372	PRJNA692616	2023-03-27	302.0	193.0
SRR13483860	WGS	AMNH	HiSeq X Ten	PAIRED	Hybrid Selection	GENOMIC	ILLUMINA	SAMN17062428	Geoffroyus heteroclitus heteroclitus	SRP302372	PRJNA692616	2023-03-27	183.0	192.0
SRR13483859	WGS	AMNH	HiSeq X Ten	PAIRED	Hybrid Selection	GENOMIC	ILLUMINA	SAMN17062429	Geoffroyus simplex simplex	SRP302372	PRJNA692616	2023-03-27	541.0	194.0
SRR8591074	WGS	AMNH	Illumina HiSeq 3000	PAIRED	Hybrid Selection	GENOMIC	ILLUMINA	SAMN10331306	Glossopsitta concinna	SRP186257	PRJNA498485	2019-03-01	772.0	189.0
SRR31865387	WGS	IRIDIAN GENOMES	Illumina NovaSeq 6000	PAIRED	RANDOM	GENOMIC	ILLUMINA	SAMN18613284	Glossopsitta concinna	SRP554759	PRJNA703788	2025-01-01	99016.0	300.0
SRR8591118	WGS	AMNH	Illumina HiSeq 3000	PAIRED	Hybrid Selection	GENOMIC	ILLUMINA	SAMN10331307	Glossopsitta concinna concinna	SRP186257	PRJNA498485	2019-02-19	411.0	193.0
SRR8591117	WGS	AMNH	Illumina HiSeq 3000	PAIRED	Hybrid Selection	GENOMIC	ILLUMINA	SAMN10331308	Glossopsitta concinna didimus	SRP186257	PRJNA498485	2019-02-19	369.0	189.0
SRR13483858	WGS	AMNH	HiSeq X Ten	PAIRED	Hybrid Selection	GENOMIC	ILLUMINA	SAMN17062430	Graydidascalus brachyurus	SRP302372	PRJNA692616	2023-03-27	260.0	194.0
SRR9613701	WGS	IRIDIAN GENOMES	Illumina HiSeq X Ten	PAIRED	RANDOM	GENOMIC	ILLUMINA	SAMN12165723	Guaruba guarouba	SRP212334	PRJNA551769	2019-06-29	21924.0	300.0
SRR12032011	WGS	IRIDIAN GENOMES	HiSeq X Ten	SINGLE	RANDOM	GENOMIC	ILLUMINA	SAMN12165723	Guaruba guarouba	SRP212334	PRJNA551769	2020-06-17	1151.0	4152.0
SRR13483862	WGS	AMNH	HiSeq X Ten	PAIRED	Hybrid Selection	GENOMIC	ILLUMINA	SAMN17062426	Guaruba guarouba	SRP302372	PRJNA692616	2023-03-27	420.0	201.0
SRR34572701	WGS	G10K	Revio	SINGLE	size fractionation	GENOMIC	PACBIO_SMRT	SAMN44514542	Guaruba guarouba	SRP601627	PRJNA1292825	2025-07-17	71843.0	18579.0
SRR34572702	WGS	G10K	Revio	SINGLE	size fractionation	GENOMIC	PACBIO_SMRT	SAMN44514542	Guaruba guarouba	SRP601627	PRJNA1292825	2025-07-17	71843.0	18579.0
SRR34572703	Hi-C	G10K	Illumina NovaSeq 6000	PAIRED	Restriction Digest	GENOMIC	ILLUMINA	SAMN44514542	Guaruba guarouba	SRP601627	PRJNA1292825	2025-07-17	138303.0	302.0
SRR13483854	WGS	AMNH	HiSeq X Ten	PAIRED	Hybrid Selection	GENOMIC	ILLUMINA	SAMN17062434	Hapalopsittaca amazonina	SRP302372	PRJNA692616	2023-03-27	207.0	193.0
SRR13483857	WGS	AMNH	HiSeq X Ten	PAIRED	Hybrid Selection	GENOMIC	ILLUMINA	SAMN17062431	Hapalopsittaca amazonina velezi	SRP302372	PRJNA692616	2023-03-27	132.0	193.0
SRR13483856	WGS	AMNH	HiSeq X Ten	PAIRED	Hybrid Selection	GENOMIC	ILLUMINA	SAMN17062432	Hapalopsittaca fuertesi	SRP302372	PRJNA692616	2023-03-27	116.0	190.0
SRR13483855	WGS	AMNH	HiSeq X Ten	PAIRED	Hybrid Selection	GENOMIC	ILLUMINA	SAMN17062433	Hapalopsittaca melanotis	SRP302372	PRJNA692616	2023-03-27	223.0	189.0
SRR13483849	WGS	AMNH	HiSeq X Ten	PAIRED	Hybrid Selection	GENOMIC	ILLUMINA	SAMN17062438	Lathamus discolor	SRP302372	PRJNA692616	2023-03-27	277.0	201.0
SRR26186073	RNA-Seq	THE UNIVERSITY OF SYDNEY	Illumina NovaSeq 6000	PAIRED	unspecified	TRANSCRIPTOMIC	ILLUMINA	SAMN37548535	Lathamus discolor	SRP463299	PRJNA1021263	2023-12-04	34518.0	198.0
SRR26186074	RNA-Seq	THE UNIVERSITY OF SYDNEY	Illumina NovaSeq 6000	PAIRED	unspecified	TRANSCRIPTOMIC	ILLUMINA	SAMN37547921	Lathamus discolor	SRP463299	PRJNA1021263	2023-12-04	36015.0	198.0
SRR26186075	RNA-Seq	THE UNIVERSITY OF SYDNEY	Illumina NovaSeq 6000	PAIRED	unspecified	TRANSCRIPTOMIC	ILLUMINA	SAMN37547920	Lathamus discolor	SRP463299	PRJNA1021263	2023-12-04	32672.0	198.0
SRR26186076	RNA-Seq	THE UNIVERSITY OF SYDNEY	Illumina NovaSeq 6000	PAIRED	unspecified	TRANSCRIPTOMIC	ILLUMINA	SAMN37547919	Lathamus discolor	SRP463299	PRJNA1021263	2023-12-04	36453.0	198.0
SRR26186077	RNA-Seq	THE UNIVERSITY OF SYDNEY	Illumina NovaSeq 6000	PAIRED	unspecified	TRANSCRIPTOMIC	ILLUMINA	SAMN37547918	Lathamus discolor	SRP463299	PRJNA1021263	2023-12-04	31378.0	198.0
SRR26186078	WGS	THE UNIVERSITY OF SYDNEY	Sequel II	PAIRED	unspecified	GENOMIC	PACBIO_SMRT	SAMN37547917	Lathamus discolor	SRP463299	PRJNA1021263	2023-12-04	35719.0	15211.0
SRR30037816	WGS	G10K	Sequel II	SINGLE	size fractionation	GENOMIC	PACBIO_SMRT	SAMN40289871	Lathamus discolor	SRP523087	PRJNA1141622	2024-07-30	45071.0	20853.0
SRR30037817	WGS	G10K	Sequel II	SINGLE	size fractionation	GENOMIC	PACBIO_SMRT	SAMN40289871	Lathamus discolor	SRP523087	PRJNA1141622	2024-07-30		
SRR30037818	WGS	G10K	Sequel II	SINGLE	size fractionation	GENOMIC	PACBIO_SMRT	SAMN40289871	Lathamus discolor	SRP523087	PRJNA1141622	2024-07-30	43499.0	20839.0
SRR30037819	WGS	G10K	Sequel II	SINGLE	size fractionation	GENOMIC	PACBIO_SMRT	SAMN40289871	Lathamus discolor	SRP523087	PRJNA1141622	2024-07-30	43499.0	20839.0
SRR30037820	Hi-C	G10K	Illumina NovaSeq 6000	PAIRED	Restriction Digest	GENOMIC	ILLUMINA	SAMN40289871	Lathamus discolor	SRP523087	PRJNA1141622	2024-07-30	140566.0	302.0
SRR13483843	WGS	AMNH	HiSeq X Ten	PAIRED	Hybrid Selection	GENOMIC	ILLUMINA	SAMN17062444	Leptosittaca branickii	SRP302372	PRJNA692616	2023-03-27	213.0	194.0
SRR8782868	WGS	IRIDIAN GENOMES	HiSeq X Ten	PAIRED	RANDOM	GENOMIC	ILLUMINA	SAMN11250505	Lophochroa leadbeateri	SRP189370	PRJNA528955	2019-03-25	24794.0	300.0
SRR11362372	WGS	IRIDIAN GENOMES	HiSeq X Ten	SINGLE	RANDOM	GENOMIC	ILLUMINA	SAMN11250505	Lophochroa leadbeateri	SRP189370	PRJNA528955	2020-03-20	1066.0	3196.0
SRR13344860	RAD-Seq	UNIVERSITY OF SYDNEY	Illumina HiSeq 2500	SINGLE	Reduced Representation	GENOMIC	ILLUMINA	SAMN17205517	Lophochroa leadbeateri	SRP300096	PRJNA689318	2021-03-30	179.0	77.0
SRR13344861	RAD-Seq	UNIVERSITY OF SYDNEY	Illumina HiSeq 2500	SINGLE	Reduced Representation	GENOMIC	ILLUMINA	SAMN17205516	Lophochroa leadbeateri	SRP300096	PRJNA689318	2021-03-30	185.0	77.0
SRR13344862	RAD-Seq	UNIVERSITY OF SYDNEY	Illumina HiSeq 2500	SINGLE	Reduced Representation	GENOMIC	ILLUMINA	SAMN17205585	Lophochroa leadbeateri	SRP300096	PRJNA689318	2021-03-30	31.0	77.0
SRR13344863	RAD-Seq	UNIVERSITY OF SYDNEY	Illumina HiSeq 2500	SINGLE	Reduced Representation	GENOMIC	ILLUMINA	SAMN17205584	Lophochroa leadbeateri	SRP300096	PRJNA689318	2021-03-30	15.0	77.0
SRR13344864	RAD-Seq	UNIVERSITY OF SYDNEY	Illumina HiSeq 2500	SINGLE	Reduced Representation	GENOMIC	ILLUMINA	SAMN17205583	Lophochroa leadbeateri	SRP300096	PRJNA689318	2021-03-30	33.0	77.0
SRR13344865	RAD-Seq	UNIVERSITY OF SYDNEY	Illumina HiSeq 2500	SINGLE	Reduced Representation	GENOMIC	ILLUMINA	SAMN17205582	Lophochroa leadbeateri	SRP300096	PRJNA689318	2021-03-30	19.0	77.0
SRR13344866	RAD-Seq	UNIVERSITY OF SYDNEY	Illumina HiSeq 2500	SINGLE	Reduced Representation	GENOMIC	ILLUMINA	SAMN17205581	Lophochroa leadbeateri	SRP300096	PRJNA689318	2021-03-30	17.0	77.0
SRR13344867	RAD-Seq	UNIVERSITY OF SYDNEY	Illumina HiSeq 2500	SINGLE	Reduced Representation	GENOMIC	ILLUMINA	SAMN17205580	Lophochroa leadbeateri	SRP300096	PRJNA689318	2021-03-30	82.0	77.0
SRR13344868	RAD-Seq	UNIVERSITY OF SYDNEY	Illumina HiSeq 2500	SINGLE	Reduced Representation	GENOMIC	ILLUMINA	SAMN17205579	Lophochroa leadbeateri	SRP300096	PRJNA689318	2021-03-30	98.0	77.0
SRR13344869	RAD-Seq	UNIVERSITY OF SYDNEY	Illumina HiSeq 2500	SINGLE	Reduced Representation	GENOMIC	ILLUMINA	SAMN17205578	Lophochroa leadbeateri	SRP300096	PRJNA689318	2021-03-30	14.0	77.0
SRR13344870	RAD-Seq	UNIVERSITY OF SYDNEY	Illumina HiSeq 2500	SINGLE	Reduced Representation	GENOMIC	ILLUMINA	SAMN17205515	Lophochroa leadbeateri	SRP300096	PRJNA689318	2021-03-30	151.0	77.0
SRR13344871	RAD-Seq	UNIVERSITY OF SYDNEY	Illumina HiSeq 2500	SINGLE	Reduced Representation	GENOMIC	ILLUMINA	SAMN17205577	Lophochroa leadbeateri	SRP300096	PRJNA689318	2021-03-30	98.0	77.0
SRR13344872	RAD-Seq	UNIVERSITY OF SYDNEY	Illumina HiSeq 2500	SINGLE	Reduced Representation	GENOMIC	ILLUMINA	SAMN17205576	Lophochroa leadbeateri	SRP300096	PRJNA689318	2021-03-30	106.0	77.0
SRR13344873	RAD-Seq	UNIVERSITY OF SYDNEY	Illumina HiSeq 2500	SINGLE	Reduced Representation	GENOMIC	ILLUMINA	SAMN17205575	Lophochroa leadbeateri	SRP300096	PRJNA689318	2021-03-30	127.0	77.0
SRR13344874	RAD-Seq	UNIVERSITY OF SYDNEY	Illumina HiSeq 2500	SINGLE	Reduced Representation	GENOMIC	ILLUMINA	SAMN17205574	Lophochroa leadbeateri	SRP300096	PRJNA689318	2021-03-30	76.0	77.0
SRR13344875	RAD-Seq	UNIVERSITY OF SYDNEY	Illumina HiSeq 2500	SINGLE	Reduced Representation	GENOMIC	ILLUMINA	SAMN17205573	Lophochroa leadbeateri	SRP300096	PRJNA689318	2021-03-30	21.0	77.0
SRR13344876	RAD-Seq	UNIVERSITY OF SYDNEY	Illumina HiSeq 2500	SINGLE	Reduced Representation	GENOMIC	ILLUMINA	SAMN17205572	Lophochroa leadbeateri	SRP300096	PRJNA689318	2021-03-30	157.0	77.0
SRR13344877	RAD-Seq	UNIVERSITY OF SYDNEY	Illumina HiSeq 2500	SINGLE	Reduced Representation	GENOMIC	ILLUMINA	SAMN17205571	Lophochroa leadbeateri	SRP300096	PRJNA689318	2021-03-30	53.0	77.0
SRR13344878	RAD-Seq	UNIVERSITY OF SYDNEY	Illumina HiSeq 2500	SINGLE	Reduced Representation	GENOMIC	ILLUMINA	SAMN17205570	Lophochroa leadbeateri	SRP300096	PRJNA689318	2021-03-30	92.0	77.0
SRR13344879	RAD-Seq	UNIVERSITY OF SYDNEY	Illumina HiSeq 2500	SINGLE	Reduced Representation	GENOMIC	ILLUMINA	SAMN17205569	Lophochroa leadbeateri	SRP300096	PRJNA689318	2021-03-30	171.0	77.0
SRR13344880	RAD-Seq	UNIVERSITY OF SYDNEY	Illumina HiSeq 2500	SINGLE	Reduced Representation	GENOMIC	ILLUMINA	SAMN17205568	Lophochroa leadbeateri	SRP300096	PRJNA689318	2021-03-30	135.0	77.0
SRR13344881	RAD-Seq	UNIVERSITY OF SYDNEY	Illumina HiSeq 2500	SINGLE	Reduced Representation	GENOMIC	ILLUMINA	SAMN17205514	Lophochroa leadbeateri	SRP300096	PRJNA689318	2021-03-30	186.0	77.0
SRR13344882	RAD-Seq	UNIVERSITY OF SYDNEY	Illumina HiSeq 2500	SINGLE	Reduced Representation	GENOMIC	ILLUMINA	SAMN17205567	Lophochroa leadbeateri	SRP300096	PRJNA689318	2021-03-30	88.0	77.0
SRR13344883	RAD-Seq	UNIVERSITY OF SYDNEY	Illumina HiSeq 2500	SINGLE	Reduced Representation	GENOMIC	ILLUMINA	SAMN17205566	Lophochroa leadbeateri	SRP300096	PRJNA689318	2021-03-30	116.0	77.0
SRR13344884	RAD-Seq	UNIVERSITY OF SYDNEY	Illumina HiSeq 2500	SINGLE	Reduced Representation	GENOMIC	ILLUMINA	SAMN17205565	Lophochroa leadbeateri	SRP300096	PRJNA689318	2021-03-30	40.0	77.0
SRR13344885	RAD-Seq	UNIVERSITY OF SYDNEY	Illumina HiSeq 2500	SINGLE	Reduced Representation	GENOMIC	ILLUMINA	SAMN17205564	Lophochroa leadbeateri	SRP300096	PRJNA689318	2021-03-30	118.0	77.0
SRR13344886	RAD-Seq	UNIVERSITY OF SYDNEY	Illumina HiSeq 2500	SINGLE	Reduced Representation	GENOMIC	ILLUMINA	SAMN17205563	Lophochroa leadbeateri	SRP300096	PRJNA689318	2021-03-30	167.0	77.0
SRR13344887	RAD-Seq	UNIVERSITY OF SYDNEY	Illumina HiSeq 2500	SINGLE	Reduced Representation	GENOMIC	ILLUMINA	SAMN17205562	Lophochroa leadbeateri	SRP300096	PRJNA689318	2021-03-30	149.0	77.0
SRR13344888	RAD-Seq	UNIVERSITY OF SYDNEY	Illumina HiSeq 2500	SINGLE	Reduced Representation	GENOMIC	ILLUMINA	SAMN17205561	Lophochroa leadbeateri	SRP300096	PRJNA689318	2021-03-30	136.0	77.0
SRR13344889	RAD-Seq	UNIVERSITY OF SYDNEY	Illumina HiSeq 2500	SINGLE	Reduced Representation	GENOMIC	ILLUMINA	SAMN17205560	Lophochroa leadbeateri	SRP300096	PRJNA689318	2021-03-30	138.0	77.0
SRR13344890	RAD-Seq	UNIVERSITY OF SYDNEY	Illumina HiSeq 2500	SINGLE	Reduced Representation	GENOMIC	ILLUMINA	SAMN17205559	Lophochroa leadbeateri	SRP300096	PRJNA689318	2021-03-30	258.0	77.0
SRR13344891	RAD-Seq	UNIVERSITY OF SYDNEY	Illumina HiSeq 2500	SINGLE	Reduced Representation	GENOMIC	ILLUMINA	SAMN17205558	Lophochroa leadbeateri	SRP300096	PRJNA689318	2021-03-30	248.0	77.0
SRR13344892	RAD-Seq	UNIVERSITY OF SYDNEY	Illumina HiSeq 2500	SINGLE	Reduced Representation	GENOMIC	ILLUMINA	SAMN17205513	Lophochroa leadbeateri	SRP300096	PRJNA689318	2021-03-30	101.0	77.0
SRR13344893	RAD-Seq	UNIVERSITY OF SYDNEY	Illumina HiSeq 2500	SINGLE	Reduced Representation	GENOMIC	ILLUMINA	SAMN17205557	Lophochroa leadbeateri	SRP300096	PRJNA689318	2021-03-30	229.0	77.0
SRR13344894	RAD-Seq	UNIVERSITY OF SYDNEY	Illumina HiSeq 2500	SINGLE	Reduced Representation	GENOMIC	ILLUMINA	SAMN17205556	Lophochroa leadbeateri	SRP300096	PRJNA689318	2021-03-30	207.0	77.0
SRR13344895	RAD-Seq	UNIVERSITY OF SYDNEY	Illumina HiSeq 2500	SINGLE	Reduced Representation	GENOMIC	ILLUMINA	SAMN17205555	Lophochroa leadbeateri	SRP300096	PRJNA689318	2021-03-30	228.0	77.0
SRR13344896	RAD-Seq	UNIVERSITY OF SYDNEY	Illumina HiSeq 2500	SINGLE	Reduced Representation	GENOMIC	ILLUMINA	SAMN17205554	Lophochroa leadbeateri	SRP300096	PRJNA689318	2021-03-30	160.0	77.0
SRR13344897	RAD-Seq	UNIVERSITY OF SYDNEY	Illumina HiSeq 2500	SINGLE	Reduced Representation	GENOMIC	ILLUMINA	SAMN17205553	Lophochroa leadbeateri	SRP300096	PRJNA689318	2021-03-30	164.0	77.0
SRR13344898	RAD-Seq	UNIVERSITY OF SYDNEY	Illumina HiSeq 2500	SINGLE	Reduced Representation	GENOMIC	ILLUMINA	SAMN17205552	Lophochroa leadbeateri	SRP300096	PRJNA689318	2021-03-30	161.0	77.0
SRR13344899	RAD-Seq	UNIVERSITY OF SYDNEY	Illumina HiSeq 2500	SINGLE	Reduced Representation	GENOMIC	ILLUMINA	SAMN17205551	Lophochroa leadbeateri	SRP300096	PRJNA689318	2021-03-30	158.0	77.0
SRR13344900	RAD-Seq	UNIVERSITY OF SYDNEY	Illumina HiSeq 2500	SINGLE	Reduced Representation	GENOMIC	ILLUMINA	SAMN17205550	Lophochroa leadbeateri	SRP300096	PRJNA689318	2021-03-30	162.0	77.0
SRR13344901	RAD-Seq	UNIVERSITY OF SYDNEY	Illumina HiSeq 2500	SINGLE	Reduced Representation	GENOMIC	ILLUMINA	SAMN17205549	Lophochroa leadbeateri	SRP300096	PRJNA689318	2021-03-30	167.0	77.0
SRR13344902	RAD-Seq	UNIVERSITY OF SYDNEY	Illumina HiSeq 2500	SINGLE	Reduced Representation	GENOMIC	ILLUMINA	SAMN17205548	Lophochroa leadbeateri	SRP300096	PRJNA689318	2021-03-30	175.0	77.0
SRR13344903	RAD-Seq	UNIVERSITY OF SYDNEY	Illumina HiSeq 2500	SINGLE	Reduced Representation	GENOMIC	ILLUMINA	SAMN17205512	Lophochroa leadbeateri	SRP300096	PRJNA689318	2021-03-30	179.0	77.0
SRR13344904	RAD-Seq	UNIVERSITY OF SYDNEY	Illumina HiSeq 2500	SINGLE	Reduced Representation	GENOMIC	ILLUMINA	SAMN17205547	Lophochroa leadbeateri	SRP300096	PRJNA689318	2021-03-30	167.0	77.0
SRR13344905	RAD-Seq	UNIVERSITY OF SYDNEY	Illumina HiSeq 2500	SINGLE	Reduced Representation	GENOMIC	ILLUMINA	SAMN17205546	Lophochroa leadbeateri	SRP300096	PRJNA689318	2021-03-30	155.0	77.0
SRR13344906	RAD-Seq	UNIVERSITY OF SYDNEY	Illumina HiSeq 2500	SINGLE	Reduced Representation	GENOMIC	ILLUMINA	SAMN17205545	Lophochroa leadbeateri	SRP300096	PRJNA689318	2021-03-30	158.0	77.0
SRR13344907	RAD-Seq	UNIVERSITY OF SYDNEY	Illumina HiSeq 2500	SINGLE	Reduced Representation	GENOMIC	ILLUMINA	SAMN17205544	Lophochroa leadbeateri	SRP300096	PRJNA689318	2021-03-30	154.0	77.0
SRR13344908	RAD-Seq	UNIVERSITY OF SYDNEY	Illumina HiSeq 2500	SINGLE	Reduced Representation	GENOMIC	ILLUMINA	SAMN17205543	Lophochroa leadbeateri	SRP300096	PRJNA689318	2021-03-30	157.0	77.0
SRR13344909	RAD-Seq	UNIVERSITY OF SYDNEY	Illumina HiSeq 2500	SINGLE	Reduced Representation	GENOMIC	ILLUMINA	SAMN17205542	Lophochroa leadbeateri	SRP300096	PRJNA689318	2021-03-30	158.0	77.0
SRR13344910	RAD-Seq	UNIVERSITY OF SYDNEY	Illumina HiSeq 2500	SINGLE	Reduced Representation	GENOMIC	ILLUMINA	SAMN17205541	Lophochroa leadbeateri	SRP300096	PRJNA689318	2021-03-30	160.0	77.0
SRR13344911	RAD-Seq	UNIVERSITY OF SYDNEY	Illumina HiSeq 2500	SINGLE	Reduced Representation	GENOMIC	ILLUMINA	SAMN17205540	Lophochroa leadbeateri	SRP300096	PRJNA689318	2021-03-30	162.0	77.0
SRR13344912	RAD-Seq	UNIVERSITY OF SYDNEY	Illumina HiSeq 2500	SINGLE	Reduced Representation	GENOMIC	ILLUMINA	SAMN17205539	Lophochroa leadbeateri	SRP300096	PRJNA689318	2021-03-30	179.0	77.0
SRR13344913	RAD-Seq	UNIVERSITY OF SYDNEY	Illumina HiSeq 2500	SINGLE	Reduced Representation	GENOMIC	ILLUMINA	SAMN17205538	Lophochroa leadbeateri	SRP300096	PRJNA689318	2021-03-30	151.0	77.0
SRR13344914	RAD-Seq	UNIVERSITY OF SYDNEY	Illumina HiSeq 2500	SINGLE	Reduced Representation	GENOMIC	ILLUMINA	SAMN17205511	Lophochroa leadbeateri	SRP300096	PRJNA689318	2021-03-30	173.0	77.0
SRR13344915	RAD-Seq	UNIVERSITY OF SYDNEY	Illumina HiSeq 2500	SINGLE	Reduced Representation	GENOMIC	ILLUMINA	SAMN17205537	Lophochroa leadbeateri	SRP300096	PRJNA689318	2021-03-30	163.0	77.0
SRR13344916	RAD-Seq	UNIVERSITY OF SYDNEY	Illumina HiSeq 2500	SINGLE	Reduced Representation	GENOMIC	ILLUMINA	SAMN17205536	Lophochroa leadbeateri	SRP300096	PRJNA689318	2021-03-30	165.0	77.0
SRR13344917	RAD-Seq	UNIVERSITY OF SYDNEY	Illumina HiSeq 2500	SINGLE	Reduced Representation	GENOMIC	ILLUMINA	SAMN17205535	Lophochroa leadbeateri	SRP300096	PRJNA689318	2021-03-30	165.0	77.0
SRR13344918	RAD-Seq	UNIVERSITY OF SYDNEY	Illumina HiSeq 2500	SINGLE	Reduced Representation	GENOMIC	ILLUMINA	SAMN17205534	Lophochroa leadbeateri	SRP300096	PRJNA689318	2021-03-30	152.0	77.0
SRR13344919	RAD-Seq	UNIVERSITY OF SYDNEY	Illumina HiSeq 2500	SINGLE	Reduced Representation	GENOMIC	ILLUMINA	SAMN17205533	Lophochroa leadbeateri	SRP300096	PRJNA689318	2021-03-30	163.0	77.0
SRR13344920	RAD-Seq	UNIVERSITY OF SYDNEY	Illumina HiSeq 2500	SINGLE	Reduced Representation	GENOMIC	ILLUMINA	SAMN17205532	Lophochroa leadbeateri	SRP300096	PRJNA689318	2021-03-30	163.0	77.0
SRR13344921	RAD-Seq	UNIVERSITY OF SYDNEY	Illumina HiSeq 2500	SINGLE	Reduced Representation	GENOMIC	ILLUMINA	SAMN17205531	Lophochroa leadbeateri	SRP300096	PRJNA689318	2021-03-30	177.0	77.0
SRR13344922	RAD-Seq	UNIVERSITY OF SYDNEY	Illumina HiSeq 2500	SINGLE	Reduced Representation	GENOMIC	ILLUMINA	SAMN17205530	Lophochroa leadbeateri	SRP300096	PRJNA689318	2021-03-30	169.0	77.0
SRR13344923	RAD-Seq	UNIVERSITY OF SYDNEY	Illumina HiSeq 2500	SINGLE	Reduced Representation	GENOMIC	ILLUMINA	SAMN17205529	Lophochroa leadbeateri	SRP300096	PRJNA689318	2021-03-30	181.0	77.0
SRR13344924	RAD-Seq	UNIVERSITY OF SYDNEY	Illumina HiSeq 2500	SINGLE	Reduced Representation	GENOMIC	ILLUMINA	SAMN17205528	Lophochroa leadbeateri	SRP300096	PRJNA689318	2021-03-30	181.0	77.0
SRR13344925	RAD-Seq	UNIVERSITY OF SYDNEY	Illumina HiSeq 2500	SINGLE	Reduced Representation	GENOMIC	ILLUMINA	SAMN17205510	Lophochroa leadbeateri	SRP300096	PRJNA689318	2021-03-30	180.0	77.0
SRR13344926	RAD-Seq	UNIVERSITY OF SYDNEY	Illumina HiSeq 2500	SINGLE	Reduced Representation	GENOMIC	ILLUMINA	SAMN17205527	Lophochroa leadbeateri	SRP300096	PRJNA689318	2021-03-30	136.0	77.0
SRR13344927	RAD-Seq	UNIVERSITY OF SYDNEY	Illumina HiSeq 2500	SINGLE	Reduced Representation	GENOMIC	ILLUMINA	SAMN17205526	Lophochroa leadbeateri	SRP300096	PRJNA689318	2021-03-30	235.0	77.0
SRR13344928	RAD-Seq	UNIVERSITY OF SYDNEY	Illumina HiSeq 2500	SINGLE	Reduced Representation	GENOMIC	ILLUMINA	SAMN17205525	Lophochroa leadbeateri	SRP300096	PRJNA689318	2021-03-30	129.0	77.0
SRR13344929	RAD-Seq	UNIVERSITY OF SYDNEY	Illumina HiSeq 2500	SINGLE	Reduced Representation	GENOMIC	ILLUMINA	SAMN17205524	Lophochroa leadbeateri	SRP300096	PRJNA689318	2021-03-30	173.0	77.0
SRR13344930	RAD-Seq	UNIVERSITY OF SYDNEY	Illumina HiSeq 2500	SINGLE	Reduced Representation	GENOMIC	ILLUMINA	SAMN17205523	Lophochroa leadbeateri	SRP300096	PRJNA689318	2021-03-30	183.0	77.0
SRR13344931	RAD-Seq	UNIVERSITY OF SYDNEY	Illumina HiSeq 2500	SINGLE	Reduced Representation	GENOMIC	ILLUMINA	SAMN17205522	Lophochroa leadbeateri	SRP300096	PRJNA689318	2021-03-30	171.0	77.0
SRR13344932	RAD-Seq	UNIVERSITY OF SYDNEY	Illumina HiSeq 2500	SINGLE	Reduced Representation	GENOMIC	ILLUMINA	SAMN17205521	Lophochroa leadbeateri	SRP300096	PRJNA689318	2021-03-30	169.0	77.0
SRR13344933	RAD-Seq	UNIVERSITY OF SYDNEY	Illumina HiSeq 2500	SINGLE	Reduced Representation	GENOMIC	ILLUMINA	SAMN17205520	Lophochroa leadbeateri	SRP300096	PRJNA689318	2021-03-30	147.0	77.0
SRR13344934	RAD-Seq	UNIVERSITY OF SYDNEY	Illumina HiSeq 2500	SINGLE	Reduced Representation	GENOMIC	ILLUMINA	SAMN17205519	Lophochroa leadbeateri	SRP300096	PRJNA689318	2021-03-30	162.0	77.0
SRR13344935	RAD-Seq	UNIVERSITY OF SYDNEY	Illumina HiSeq 2500	SINGLE	Reduced Representation	GENOMIC	ILLUMINA	SAMN17205518	Lophochroa leadbeateri	SRP300096	PRJNA689318	2021-03-30	183.0	77.0
SRR13344936	RAD-Seq	UNIVERSITY OF SYDNEY	Illumina HiSeq 2500	SINGLE	Reduced Representation	GENOMIC	ILLUMINA	SAMN17205509	Lophochroa leadbeateri	SRP300096	PRJNA689318	2021-03-30	183.0	77.0
SRR13344937	RAD-Seq	UNIVERSITY OF SYDNEY	Illumina HiSeq 2500	SINGLE	Reduced Representation	GENOMIC	ILLUMINA	SAMN17205508	Lophochroa leadbeateri	SRP300096	PRJNA689318	2021-03-30	64.0	77.0
SRR13483839	WGS	AMNH	HiSeq X Ten	PAIRED	Hybrid Selection	GENOMIC	ILLUMINA	SAMN17062447	Lophochroa leadbeateri	SRP302372	PRJNA692616	2023-03-27	118.0	190.0
SRR13483850	WGS	AMNH	HiSeq X Ten	PAIRED	Hybrid Selection	GENOMIC	ILLUMINA	SAMN17062437	Loriculus amabilis	SRP302372	PRJNA692616	2023-03-27	932.0	201.0
SRR13483842	WGS	AMNH	HiSeq X Ten	PAIRED	Hybrid Selection	GENOMIC	ILLUMINA	SAMN17062445	Loriculus aurantiifrons	SRP302372	PRJNA692616	2023-03-27	172.0	189.0
SRR13483962	WGS	AMNH	HiSeq X Ten	PAIRED	Hybrid Selection	GENOMIC	ILLUMINA	SAMN17062337	Loriculus beryllinus	SRP302372	PRJNA692616	2023-03-27	1623.0	245.0
SRR28410565	WGS	IRIDIAN GENOMES	HiSeq X Ten	PAIRED	RANDOM	GENOMIC	ILLUMINA	SAMN40555533	Loriculus beryllinus	SRP497008	PRJNA703627	2024-03-21	30066.0	300.0
SRR13483665	WGS	AMNH	HiSeq X Ten	PAIRED	Hybrid Selection	GENOMIC	ILLUMINA	SAMN17062605	Loriculus catamene	SRP302372	PRJNA692616	2023-03-27	493.0	268.0
SRR13483840	WGS	AMNH	HiSeq X Ten	PAIRED	Hybrid Selection	GENOMIC	ILLUMINA	SAMN17062446	Loriculus exilis	SRP302372	PRJNA692616	2023-03-27	308.0	194.0
SRR17850611	Bisulfite-Seq	GEO	Illumina HiSeq 3000	SINGLE	Reduced Representation	GENOMIC	ILLUMINA	SAMN25560583	Loriculus galgulus	SRP357738	PRJNA802599	2022-06-19	1223.0	51.0
SRR17850612	Bisulfite-Seq	GEO	Illumina HiSeq 3000	SINGLE	Reduced Representation	GENOMIC	ILLUMINA	SAMN25560191	Loriculus galgulus	SRP357738	PRJNA802599	2022-06-19	1168.0	51.0
SRR17850613	Bisulfite-Seq	GEO	Illumina HiSeq 3000	SINGLE	Reduced Representation	GENOMIC	ILLUMINA	SAMN25560192	Loriculus galgulus	SRP357738	PRJNA802599	2022-06-19	832.0	51.0
SRR17851588	Bisulfite-Seq	GEO	Illumina HiSeq 3000	SINGLE	Reduced Representation	GENOMIC	ILLUMINA	SAMN25560725	Loriculus galgulus	SRP357738	PRJNA802599	2022-06-19	878.0	51.0
SRR17851589	Bisulfite-Seq	GEO	Illumina HiSeq 3000	SINGLE	Reduced Representation	GENOMIC	ILLUMINA	SAMN25560726	Loriculus galgulus	SRP357738	PRJNA802599	2022-06-19	717.0	51.0
SRR13483848	WGS	AMNH	HiSeq X Ten	PAIRED	Hybrid Selection	GENOMIC	ILLUMINA	SAMN17062439	Loriculus galgulus	SRP302372	PRJNA692616	2023-03-27	243.0	201.0
SRR24579577	WGS	HONG KONG UNIVERSITY	Illumina HiSeq 2500	PAIRED	unspecified	GENOMIC	ILLUMINA	SAMN35027632	Loriculus galgulus	SRP437930	PRJNA971241	2023-08-24	5880.0	251.0
SRR28971009	WGS	IRIDIAN GENOMES	HiSeq X Ten	PAIRED	RANDOM	GENOMIC	ILLUMINA	SAMN40504058	Loriculus galgulus	SRP506571	PRJNA703629	2024-05-08	35352.0	300.0
SRR28971022	WGS	IRIDIAN GENOMES	HiSeq X Ten	PAIRED	RANDOM	GENOMIC	ILLUMINA	SAMN40504059	Loriculus philippensis	SRP506576	PRJNA703630	2024-05-08	44246.0	300.0
SRR13483847	WGS	AMNH	HiSeq X Ten	PAIRED	Hybrid Selection	GENOMIC	ILLUMINA	SAMN17062440	Loriculus philippensis mindorensis	SRP302372	PRJNA692616	2023-03-27	244.0	201.0
SRR13483838	WGS	AMNH	HiSeq X Ten	PAIRED	Hybrid Selection	GENOMIC	ILLUMINA	SAMN17062448	Loriculus pusillus	SRP302372	PRJNA692616	2023-03-27	344.0	194.0
SRR29713765	WGS	IRIDIAN GENOMES	HiSeq X Ten	PAIRED	RANDOM	GENOMIC	ILLUMINA	SAMN41767408	Loriculus pusillus	SRP518129	PRJNA703631	2024-07-05	29270.0	300.0
SRR13483837	WGS	AMNH	Illumina HiSeq 3000	PAIRED	Hybrid Selection	GENOMIC	ILLUMINA	SAMN17062449	Loriculus sclateri	SRP302372	PRJNA692616	2023-03-27	470.0	189.0
SRR13483836	WGS	AMNH	HiSeq X Ten	PAIRED	Hybrid Selection	GENOMIC	ILLUMINA	SAMN17062450	Loriculus stigmatus	SRP302372	PRJNA692616	2023-03-27	147.0	194.0
SRR13483835	WGS	AMNH	Illumina HiSeq 3000	PAIRED	Hybrid Selection	GENOMIC	ILLUMINA	SAMN17062451	Loriculus tener	SRP302372	PRJNA692616	2023-03-27	366.0	192.0
SRR13483662	WGS	AMNH	HiSeq X Ten	PAIRED	Hybrid Selection	GENOMIC	ILLUMINA	SAMN17062607	Loriculus vernalis	SRP302372	PRJNA692616	2023-03-27	226.0	201.0
SRR30315452	WGS	IRIDIAN GENOMES	Illumina NovaSeq 6000	PAIRED	RANDOM	GENOMIC	ILLUMINA	SAMN41767770	Loriculus vernalis	SRP527599	PRJNA703633	2024-08-20	31008.0	300.0
SRR8591115	WGS	AMNH	Illumina HiSeq 3000	PAIRED	Hybrid Selection	GENOMIC	ILLUMINA	SAMN10331310	Lorius albidinucha	SRP186257	PRJNA498485	2019-02-28	149.0	188.0
SRR8591116	WGS	AMNH	Illumina HiSeq 3000	PAIRED	Hybrid Selection	GENOMIC	ILLUMINA	SAMN10331309	Lorius albidinucha	SRP186257	PRJNA498485	2019-02-28	682.0	187.0
SRR8591121	WGS	AMNH	Illumina HiSeq 3000	PAIRED	Hybrid Selection	GENOMIC	ILLUMINA	SAMN10331312	Lorius chlorocercus	SRP186257	PRJNA498485	2019-02-19	628.0	189.0
SRR8591122	WGS	AMNH	Illumina HiSeq 3000	PAIRED	Hybrid Selection	GENOMIC	ILLUMINA	SAMN10331311	Lorius chlorocercus	SRP186257	PRJNA498485	2019-02-28	280.0	187.0
SRR21034928	WGS	IRIDIAN GENOMES	HiSeq X Ten	PAIRED	RANDOM	GENOMIC	ILLUMINA	SAMN18863564	Lorius chlorocercus	SRP391966	PRJNA703799	2022-08-13	25395.0	300.0
SRR8591120	WGS	AMNH	Illumina HiSeq 3000	PAIRED	Hybrid Selection	GENOMIC	ILLUMINA	SAMN10331313	Lorius domicella	SRP186257	PRJNA498485	2019-02-21	484.0	117.0
SRR8591218	WGS	AMNH	Illumina HiSeq 3000	PAIRED	Hybrid Selection	GENOMIC	ILLUMINA	SAMN10331314	Lorius domicella	SRP186257	PRJNA498485	2019-02-28	351.0	187.0
SRR7470038	WGS	IRIDIAN GENOMES	HiSeq X Ten	PAIRED	RANDOM	GENOMIC	ILLUMINA	SAMN09580627	Lorius garrulus	SRP151975	PRJNA479580	2018-07-04	37595.0	300.0
SRR8591124	WGS	AMNH	Illumina HiSeq 3000	PAIRED	Hybrid Selection	GENOMIC	ILLUMINA	SAMN10331315	Lorius garrulus	SRP186257	PRJNA498485	2019-02-28	232.0	187.0
SRR11420611	WGS	IRIDIAN GENOMES	HiSeq X Ten	SINGLE	RANDOM	GENOMIC	ILLUMINA	SAMN09580627	Lorius garrulus	SRP151975	PRJNA479580	2020-03-25	1092.0	4934.0
SRR8591015	WGS	AMNH	Illumina HiSeq 3000	PAIRED	Hybrid Selection	GENOMIC	ILLUMINA	SAMN10331316	Lorius garrulus flavopalliatus	SRP186257	PRJNA498485	2019-02-19	914.0	188.0
SRR8591154	WGS	AMNH	Illumina HiSeq 3000	PAIRED	Hybrid Selection	GENOMIC	ILLUMINA	SAMN10331317	Lorius garrulus garrulus	SRP186257	PRJNA498485	2019-03-01	176.0	194.0
SRR8591155	WGS	AMNH	Illumina HiSeq 3000	PAIRED	Hybrid Selection	GENOMIC	ILLUMINA	SAMN10331318	Lorius garrulus morotaianus	SRP186257	PRJNA498485	2019-02-19	511.0	187.0
SRR8591156	WGS	AMNH	Illumina HiSeq 3000	PAIRED	Hybrid Selection	GENOMIC	ILLUMINA	SAMN10331318	Lorius garrulus morotaianus	SRP186257	PRJNA498485	2019-02-19	511.0	187.0
SRR8591157	WGS	AMNH	Illumina HiSeq 3000	PAIRED	Hybrid Selection	GENOMIC	ILLUMINA	SAMN10331318	Lorius garrulus morotaianus	SRP186257	PRJNA498485	2019-02-19	66.0	184.0
SRR28399511	WGS	IRIDIAN GENOMES	HiSeq X Ten	PAIRED	RANDOM	GENOMIC	ILLUMINA	SAMN40555102	Lorius hypoinochrous	SRP496713	PRJNA703800	2024-03-20	35472.0	300.0
SRR8591072	WGS	AMNH	Illumina HiSeq 3000	PAIRED	Hybrid Selection	GENOMIC	ILLUMINA	SAMN10331319	Lorius hypoinochrous devittatus	SRP186257	PRJNA498485	2019-02-19	287.0	194.0
SRR8591083	WGS	AMNH	Illumina HiSeq 3000	PAIRED	Hybrid Selection	GENOMIC	ILLUMINA	SAMN10331320	Lorius hypoinochrous devittatus	SRP186257	PRJNA498485	2019-02-19	297.0	187.0
SRR8591151	WGS	AMNH	Illumina HiSeq 3000	PAIRED	Hybrid Selection	GENOMIC	ILLUMINA	SAMN10331321	Lorius hypoinochrous hypoinochrous	SRP186257	PRJNA498485	2019-02-28	287.0	195.0
SRR8591152	WGS	AMNH	Illumina HiSeq 3000	PAIRED	Hybrid Selection	GENOMIC	ILLUMINA	SAMN10331322	Lorius hypoinochrous rosselianus	SRP186257	PRJNA498485	2019-02-19	362.0	195.0
SRR21034929	WGS	IRIDIAN GENOMES	HiSeq X Ten	PAIRED	RANDOM	GENOMIC	ILLUMINA	SAMN18613285	Lorius lory	SRP391967	PRJNA703801	2022-08-13	41394.0	300.0
SRR8591014	WGS	AMNH	Illumina HiSeq 3000	PAIRED	Hybrid Selection	GENOMIC	ILLUMINA	SAMN10331323	Lorius lory cyanauchen	SRP186257	PRJNA498485	2019-02-28	242.0	193.0
SRR8591016	WGS	AMNH	Illumina HiSeq 3000	PAIRED	Hybrid Selection	GENOMIC	ILLUMINA	SAMN10331324	Lorius lory erythrothorax	SRP186257	PRJNA498485	2019-02-28	216.0	192.0
SRR8591087	WGS	AMNH	Illumina HiSeq 3000	PAIRED	Hybrid Selection	GENOMIC	ILLUMINA	SAMN10331326	Lorius lory jobiensis	SRP186257	PRJNA498485	2019-02-19	194.0	194.0
SRR8591086	WGS	AMNH	Illumina HiSeq 3000	PAIRED	Hybrid Selection	GENOMIC	ILLUMINA	SAMN10331327	Lorius lory lory	SRP186257	PRJNA498485	2019-02-19	246.0	194.0
SRR8591085	WGS	AMNH	Illumina HiSeq 3000	PAIRED	Hybrid Selection	GENOMIC	ILLUMINA	SAMN10331328	Lorius lory salvadorii	SRP186257	PRJNA498485	2019-02-19	424.0	193.0
SRR8591084	WGS	AMNH	Illumina HiSeq 3000	PAIRED	Hybrid Selection	GENOMIC	ILLUMINA	SAMN10331329	Lorius lory salvadorii	SRP186257	PRJNA498485	2019-02-28	105.0	186.0
SRR8591089	WGS	AMNH	Illumina HiSeq 3000	PAIRED	Hybrid Selection	GENOMIC	ILLUMINA	SAMN10331330	Lorius lory somu	SRP186257	PRJNA498485	2019-02-19	254.0	194.0
SRR8591090	WGS	AMNH	Illumina HiSeq 3000	PAIRED	Hybrid Selection	GENOMIC	ILLUMINA	SAMN10331330	Lorius lory somu	SRP186257	PRJNA498485	2019-02-19	831.0	194.0
SRR8591091	WGS	AMNH	Illumina HiSeq 3000	PAIRED	Hybrid Selection	GENOMIC	ILLUMINA	SAMN10331330	Lorius lory somu	SRP186257	PRJNA498485	2019-02-19	254.0	194.0
SRR8591088	WGS	AMNH	Illumina HiSeq 3000	PAIRED	Hybrid Selection	GENOMIC	ILLUMINA	SAMN10331331	Lorius lory viridicrissalis	SRP186257	PRJNA498485	2019-02-19	442.0	187.0
SRR8591092	WGS	AMNH	Illumina HiSeq 3000	PAIRED	Hybrid Selection	GENOMIC	ILLUMINA	SAMN10331331	Lorius lory viridicrissalis	SRP186257	PRJNA498485	2019-02-19	610.0	193.0
SRR8591093	WGS	AMNH	Illumina HiSeq 3000	PAIRED	Hybrid Selection	GENOMIC	ILLUMINA	SAMN10331331	Lorius lory viridicrissalis	SRP186257	PRJNA498485	2019-02-19	442.0	187.0
SRR029329	EST	DUKE	454 GS FLX	SINGLE	cDNA	TRANSCRIPTOMIC	LS454	SAMN00004619	Melopsittacus undulatus	SRP001355		2009-10-30	43.0	267.0
SRR029330	EST	DUKE	454 GS FLX	SINGLE	cDNA	TRANSCRIPTOMIC	LS454	SAMN00004619	Melopsittacus undulatus	SRP001355		2009-10-30	80.0	265.0
ERR244145	WGS	DUKEUNIVERSITY	Illumina HiSeq 2000	PAIRED	RANDOM	GENOMIC	ILLUMINA	SAMEA1713774	Melopsittacus undulatus	ERP002324	PRJEB1588	2013-03-27	48398.0	300.0
ERR244146	WGS	DUKEUNIVERSITY	Illumina HiSeq 2000	PAIRED	RANDOM	GENOMIC	ILLUMINA	SAMEA1713774	Melopsittacus undulatus	ERP002324	PRJEB1588	2013-03-27	47244.0	300.0
ERR244147	WGS	DUKEUNIVERSITY	Illumina HiSeq 2000	PAIRED	RANDOM	GENOMIC	ILLUMINA	SAMEA1713774	Melopsittacus undulatus	ERP002324	PRJEB1588	2013-03-27	43133.0	300.0
ERR244148	WGS	DUKEUNIVERSITY	Illumina HiSeq 2000	PAIRED	RANDOM	GENOMIC	ILLUMINA	SAMEA1713774	Melopsittacus undulatus	ERP002324	PRJEB1588	2013-03-27	15247.0	180.0
ERR244149	WGS	DUKEUNIVERSITY	Illumina HiSeq 2000	PAIRED	RANDOM	GENOMIC	ILLUMINA	SAMEA1713774	Melopsittacus undulatus	ERP002324	PRJEB1588	2013-03-27	16575.0	180.0
ERR244150	WGS	DUKEUNIVERSITY	Illumina HiSeq 2000	PAIRED	RANDOM	GENOMIC	ILLUMINA	SAMEA1713774	Melopsittacus undulatus	ERP002324	PRJEB1588	2013-03-27	15824.0	180.0
ERR244151	WGS	DUKEUNIVERSITY	Illumina HiSeq 2000	PAIRED	RANDOM	GENOMIC	ILLUMINA	SAMEA1713774	Melopsittacus undulatus	ERP002324	PRJEB1588	2013-03-27	16277.0	180.0
ERR244152	WGS	DUKEUNIVERSITY	Illumina HiSeq 2000	PAIRED	RANDOM	GENOMIC	ILLUMINA	SAMEA1713774	Melopsittacus undulatus	ERP002324	PRJEB1588	2013-03-27	18685.0	180.0
ERR244153	WGS	DUKEUNIVERSITY	Illumina HiSeq 2000	PAIRED	RANDOM	GENOMIC	ILLUMINA	SAMEA1713774	Melopsittacus undulatus	ERP002324	PRJEB1588	2013-03-27	16970.0	180.0
ERR244154	WGS	DUKEUNIVERSITY	Illumina HiSeq 2000	PAIRED	RANDOM	GENOMIC	ILLUMINA	SAMEA1713774	Melopsittacus undulatus	ERP002324	PRJEB1588	2013-03-27	16149.0	180.0
ERR244155	WGS	DUKEUNIVERSITY	Illumina HiSeq 2000	PAIRED	RANDOM	GENOMIC	ILLUMINA	SAMEA1713774	Melopsittacus undulatus	ERP002324	PRJEB1588	2013-03-27	15748.0	180.0
ERR244156	WGS	DUKEUNIVERSITY	Illumina HiSeq 2000	PAIRED	RANDOM	GENOMIC	ILLUMINA	SAMEA1713774	Melopsittacus undulatus	ERP002324	PRJEB1588	2013-03-27	35143.0	202.0
ERR244157	WGS	DUKEUNIVERSITY	Illumina HiSeq 2000	PAIRED	RANDOM	GENOMIC	ILLUMINA	SAMEA1713774	Melopsittacus undulatus	ERP002324	PRJEB1588	2013-03-27	24857.0	202.0
ERR244158	WGS	DUKEUNIVERSITY	Illumina HiSeq 2000	PAIRED	RANDOM	GENOMIC	ILLUMINA	SAMEA1713774	Melopsittacus undulatus	ERP002324	PRJEB1588	2013-03-27	10711.0	202.0
ERR244159	WGS	DUKEUNIVERSITY	Illumina Genome Analyzer IIx	PAIRED	RANDOM	GENOMIC	ILLUMINA	SAMEA1713774	Melopsittacus undulatus	ERP002324	PRJEB1588	2013-03-27	1830.0	152.0
ERR244160	WGS	DUKEUNIVERSITY	Illumina Genome Analyzer IIx	PAIRED	RANDOM	GENOMIC	ILLUMINA	SAMEA1713774	Melopsittacus undulatus	ERP002324	PRJEB1588	2013-03-27	3945.0	152.0
ERR244161	WGS	DUKEUNIVERSITY	Illumina Genome Analyzer IIx	PAIRED	RANDOM	GENOMIC	ILLUMINA	SAMEA1713774	Melopsittacus undulatus	ERP002324	PRJEB1588	2013-03-27	3830.0	152.0
ERR244162	WGS	DUKEUNIVERSITY	Illumina Genome Analyzer IIx	PAIRED	RANDOM	GENOMIC	ILLUMINA	SAMEA1713774	Melopsittacus undulatus	ERP002324	PRJEB1588	2013-03-27	5474.0	150.0
ERR244163	WGS	DUKEUNIVERSITY	Illumina Genome Analyzer IIx	PAIRED	RANDOM	GENOMIC	ILLUMINA	SAMEA1713774	Melopsittacus undulatus	ERP002324	PRJEB1588	2013-03-27	4368.0	150.0
ERR272291	WGS	DUKEUNIVERSITY	454 GS FLX+	SINGLE	RANDOM	GENOMIC	LS454	SAMEA1713774	Melopsittacus undulatus	ERP002324	PRJEB1588	2013-05-15	744.0	1159.0
ERR272292	WGS	DUKEUNIVERSITY	454 GS FLX+	SINGLE	RANDOM	GENOMIC	LS454	SAMEA1713774	Melopsittacus undulatus	ERP002324	PRJEB1588	2013-05-15	818.0	1160.0
ERR272293	WGS	DUKEUNIVERSITY	454 GS FLX+	SINGLE	RANDOM	GENOMIC	LS454	SAMEA1713774	Melopsittacus undulatus	ERP002324	PRJEB1588	2013-05-15	764.0	1138.0
ERR272294	WGS	DUKEUNIVERSITY	454 GS FLX+	SINGLE	RANDOM	GENOMIC	LS454	SAMEA1713774	Melopsittacus undulatus	ERP002324	PRJEB1588	2013-05-15	782.0	1132.0
ERR272295	WGS	DUKEUNIVERSITY	454 GS FLX+	SINGLE	RANDOM	GENOMIC	LS454	SAMEA1713774	Melopsittacus undulatus	ERP002324	PRJEB1588	2013-05-15	196.0	1162.0
ERR272296	WGS	DUKEUNIVERSITY	454 GS FLX+	SINGLE	RANDOM	GENOMIC	LS454	SAMEA1713774	Melopsittacus undulatus	ERP002324	PRJEB1588	2013-05-15	212.0	1154.0
ERR272297	WGS	DUKEUNIVERSITY	454 GS FLX+	SINGLE	RANDOM	GENOMIC	LS454	SAMEA1713774	Melopsittacus undulatus	ERP002324	PRJEB1588	2013-05-15	215.0	1164.0
ERR272298	WGS	DUKEUNIVERSITY	454 GS FLX+	SINGLE	RANDOM	GENOMIC	LS454	SAMEA1713774	Melopsittacus undulatus	ERP002324	PRJEB1588	2013-05-15	227.0	1142.0
ERR272299	WGS	DUKEUNIVERSITY	454 GS FLX+	SINGLE	RANDOM	GENOMIC	LS454	SAMEA1713774	Melopsittacus undulatus	ERP002324	PRJEB1588	2013-05-15	234.0	1110.0
ERR272300	WGS	DUKEUNIVERSITY	454 GS FLX+	SINGLE	RANDOM	GENOMIC	LS454	SAMEA1713774	Melopsittacus undulatus	ERP002324	PRJEB1588	2013-05-15	225.0	1103.0
ERR272301	WGS	DUKEUNIVERSITY	454 GS FLX+	SINGLE	RANDOM	GENOMIC	LS454	SAMEA1713774	Melopsittacus undulatus	ERP002324	PRJEB1588	2013-05-15	202.0	1135.0
ERR272302	WGS	DUKEUNIVERSITY	454 GS FLX+	SINGLE	RANDOM	GENOMIC	LS454	SAMEA1713774	Melopsittacus undulatus	ERP002324	PRJEB1588	2013-05-15	210.0	1147.0
ERR272303	WGS	DUKEUNIVERSITY	454 GS FLX+	SINGLE	RANDOM	GENOMIC	LS454	SAMEA1713774	Melopsittacus undulatus	ERP002324	PRJEB1588	2013-05-15	224.0	1118.0
ERR272304	WGS	DUKEUNIVERSITY	454 GS FLX+	SINGLE	RANDOM	GENOMIC	LS454	SAMEA1713774	Melopsittacus undulatus	ERP002324	PRJEB1588	2013-05-15	219.0	1108.0
ERR272305	WGS	DUKEUNIVERSITY	454 GS FLX+	SINGLE	RANDOM	GENOMIC	LS454	SAMEA1713774	Melopsittacus undulatus	ERP002324	PRJEB1588	2013-05-15	198.0	1126.0
ERR272306	WGS	DUKEUNIVERSITY	454 GS FLX+	SINGLE	RANDOM	GENOMIC	LS454	SAMEA1713774	Melopsittacus undulatus	ERP002324	PRJEB1588	2013-05-15	177.0	1145.0
ERR272307	WGS	DUKEUNIVERSITY	454 GS FLX+	SINGLE	RANDOM	GENOMIC	LS454	SAMEA1713774	Melopsittacus undulatus	ERP002324	PRJEB1588	2013-05-15	187.0	1156.0
ERR272308	WGS	DUKEUNIVERSITY	454 GS FLX+	SINGLE	RANDOM	GENOMIC	LS454	SAMEA1713774	Melopsittacus undulatus	ERP002324	PRJEB1588	2013-05-15	188.0	1159.0
ERR272309	WGS	DUKEUNIVERSITY	454 GS FLX+	SINGLE	RANDOM	GENOMIC	LS454	SAMEA1713774	Melopsittacus undulatus	ERP002324	PRJEB1588	2013-05-15	189.0	1158.0
ERR272310	WGS	DUKEUNIVERSITY	454 GS FLX+	SINGLE	RANDOM	GENOMIC	LS454	SAMEA1713774	Melopsittacus undulatus	ERP002324	PRJEB1588	2013-05-15	172.0	1122.0
ERR272311	WGS	DUKEUNIVERSITY	454 GS FLX+	SINGLE	RANDOM	GENOMIC	LS454	SAMEA1713774	Melopsittacus undulatus	ERP002324	PRJEB1588	2013-05-15	185.0	1135.0
ERR272312	WGS	DUKEUNIVERSITY	454 GS FLX+	SINGLE	RANDOM	GENOMIC	LS454	SAMEA1713774	Melopsittacus undulatus	ERP002324	PRJEB1588	2013-05-15	189.0	1140.0
ERR272313	WGS	DUKEUNIVERSITY	454 GS FLX+	SINGLE	RANDOM	GENOMIC	LS454	SAMEA1713774	Melopsittacus undulatus	ERP002324	PRJEB1588	2013-05-15	186.0	1137.0
ERR272314	WGS	DUKEUNIVERSITY	454 GS FLX+	SINGLE	RANDOM	GENOMIC	LS454	SAMEA1713774	Melopsittacus undulatus	ERP002324	PRJEB1588	2013-05-15	220.0	1056.0
ERR272315	WGS	DUKEUNIVERSITY	454 GS FLX+	SINGLE	RANDOM	GENOMIC	LS454	SAMEA1713774	Melopsittacus undulatus	ERP002324	PRJEB1588	2013-05-15	224.0	1045.0
ERR272316	WGS	DUKEUNIVERSITY	454 GS FLX+	SINGLE	RANDOM	GENOMIC	LS454	SAMEA1713774	Melopsittacus undulatus	ERP002324	PRJEB1588	2013-05-15	220.0	1047.0
ERR272317	WGS	DUKEUNIVERSITY	454 GS FLX+	SINGLE	RANDOM	GENOMIC	LS454	SAMEA1713774	Melopsittacus undulatus	ERP002324	PRJEB1588	2013-05-15	210.0	1055.0
ERR272318	WGS	DUKEUNIVERSITY	454 GS FLX+	SINGLE	RANDOM	GENOMIC	LS454	SAMEA1713774	Melopsittacus undulatus	ERP002324	PRJEB1588	2013-05-15	213.0	1057.0
ERR272319	WGS	DUKEUNIVERSITY	454 GS FLX+	SINGLE	RANDOM	GENOMIC	LS454	SAMEA1713774	Melopsittacus undulatus	ERP002324	PRJEB1588	2013-05-15	221.0	1047.0
ERR272320	WGS	DUKEUNIVERSITY	454 GS FLX+	SINGLE	RANDOM	GENOMIC	LS454	SAMEA1713774	Melopsittacus undulatus	ERP002324	PRJEB1588	2013-05-15	217.0	1045.0
ERR272321	WGS	DUKEUNIVERSITY	454 GS FLX+	SINGLE	RANDOM	GENOMIC	LS454	SAMEA1713774	Melopsittacus undulatus	ERP002324	PRJEB1588	2013-05-15	206.0	1060.0
ERR272322	WGS	DUKEUNIVERSITY	454 GS FLX+	SINGLE	RANDOM	GENOMIC	LS454	SAMEA1713774	Melopsittacus undulatus	ERP002324	PRJEB1588	2013-05-15	132.0	1051.0
ERR272323	WGS	DUKEUNIVERSITY	454 GS FLX+	SINGLE	RANDOM	GENOMIC	LS454	SAMEA1713774	Melopsittacus undulatus	ERP002324	PRJEB1588	2013-05-15	131.0	1039.0
ERR272324	WGS	DUKEUNIVERSITY	454 GS FLX+	SINGLE	RANDOM	GENOMIC	LS454	SAMEA1713774	Melopsittacus undulatus	ERP002324	PRJEB1588	2013-05-15	128.0	1046.0
ERR272325	WGS	DUKEUNIVERSITY	454 GS FLX+	SINGLE	RANDOM	GENOMIC	LS454	SAMEA1713774	Melopsittacus undulatus	ERP002324	PRJEB1588	2013-05-15	121.0	1061.0
ERR272326	WGS	DUKEUNIVERSITY	454 GS FLX+	SINGLE	RANDOM	GENOMIC	LS454	SAMEA1713774	Melopsittacus undulatus	ERP002324	PRJEB1588	2013-05-15	65.0	1058.0
ERR272327	WGS	DUKEUNIVERSITY	454 GS FLX+	SINGLE	RANDOM	GENOMIC	LS454	SAMEA1713774	Melopsittacus undulatus	ERP002324	PRJEB1588	2013-05-15	67.0	1035.0
ERR272328	WGS	DUKEUNIVERSITY	454 GS FLX+	SINGLE	RANDOM	GENOMIC	LS454	SAMEA1713774	Melopsittacus undulatus	ERP002324	PRJEB1588	2013-05-15	64.0	1041.0
ERR272329	WGS	DUKEUNIVERSITY	454 GS FLX+	SINGLE	RANDOM	GENOMIC	LS454	SAMEA1713774	Melopsittacus undulatus	ERP002324	PRJEB1588	2013-05-15	57.0	1065.0
ERR272330	WGS	DUKEUNIVERSITY	454 GS FLX+	SINGLE	RANDOM	GENOMIC	LS454	SAMEA1713774	Melopsittacus undulatus	ERP002324	PRJEB1588	2013-05-15	171.0	1100.0
ERR272331	WGS	DUKEUNIVERSITY	454 GS FLX+	SINGLE	RANDOM	GENOMIC	LS454	SAMEA1713774	Melopsittacus undulatus	ERP002324	PRJEB1588	2013-05-15	161.0	1098.0
ERR272332	WGS	DUKEUNIVERSITY	454 GS FLX+	SINGLE	RANDOM	GENOMIC	LS454	SAMEA1713774	Melopsittacus undulatus	ERP002324	PRJEB1588	2013-05-15	158.0	1094.0
ERR272333	WGS	DUKEUNIVERSITY	454 GS FLX+	SINGLE	RANDOM	GENOMIC	LS454	SAMEA1713774	Melopsittacus undulatus	ERP002324	PRJEB1588	2013-05-15	146.0	1086.0
ERR272334	WGS	DUKEUNIVERSITY	454 GS FLX+	SINGLE	RANDOM	GENOMIC	LS454	SAMEA1713774	Melopsittacus undulatus	ERP002324	PRJEB1588	2013-05-15	181.0	1099.0
ERR272335	WGS	DUKEUNIVERSITY	454 GS FLX+	SINGLE	RANDOM	GENOMIC	LS454	SAMEA1713774	Melopsittacus undulatus	ERP002324	PRJEB1588	2013-05-15	186.0	1101.0
ERR272336	WGS	DUKEUNIVERSITY	454 GS FLX+	SINGLE	RANDOM	GENOMIC	LS454	SAMEA1713774	Melopsittacus undulatus	ERP002324	PRJEB1588	2013-05-15	179.0	1091.0
ERR272337	WGS	DUKEUNIVERSITY	454 GS FLX+	SINGLE	RANDOM	GENOMIC	LS454	SAMEA1713774	Melopsittacus undulatus	ERP002324	PRJEB1588	2013-05-15	164.0	1082.0
ERR272338	WGS	DUKEUNIVERSITY	454 GS FLX+	SINGLE	RANDOM	GENOMIC	LS454	SAMEA1713774	Melopsittacus undulatus	ERP002324	PRJEB1588	2013-05-15	839.0	1170.0
ERR272339	WGS	DUKEUNIVERSITY	454 GS FLX+	SINGLE	RANDOM	GENOMIC	LS454	SAMEA1713774	Melopsittacus undulatus	ERP002324	PRJEB1588	2013-05-15	826.0	1170.0
ERR272340	WGS	DUKEUNIVERSITY	454 GS FLX+	SINGLE	RANDOM	GENOMIC	LS454	SAMEA1713774	Melopsittacus undulatus	ERP002324	PRJEB1588	2013-05-15	700.0	1126.0
ERR272341	WGS	DUKEUNIVERSITY	454 GS FLX+	SINGLE	RANDOM	GENOMIC	LS454	SAMEA1713774	Melopsittacus undulatus	ERP002324	PRJEB1588	2013-05-15	722.0	1108.0
ERR272342	WGS	DUKEUNIVERSITY	454 GS FLX+	SINGLE	RANDOM	GENOMIC	LS454	SAMEA1713774	Melopsittacus undulatus	ERP002324	PRJEB1588	2013-05-15	712.0	1127.0
ERR272343	WGS	DUKEUNIVERSITY	454 GS FLX+	SINGLE	RANDOM	GENOMIC	LS454	SAMEA1713774	Melopsittacus undulatus	ERP002324	PRJEB1588	2013-05-15	736.0	1114.0
ERR272344	WGS	DUKEUNIVERSITY	454 GS FLX Titanium	SINGLE	RANDOM	GENOMIC	LS454	SAMEA1713774	Melopsittacus undulatus	ERP002324	PRJEB1588	2013-05-15	185.0	522.0
ERR272345	WGS	DUKEUNIVERSITY	454 GS FLX Titanium	SINGLE	RANDOM	GENOMIC	LS454	SAMEA1713774	Melopsittacus undulatus	ERP002324	PRJEB1588	2013-05-15	181.0	522.0
ERR272346	WGS	DUKEUNIVERSITY	454 GS FLX Titanium	SINGLE	RANDOM	GENOMIC	LS454	SAMEA1713774	Melopsittacus undulatus	ERP002324	PRJEB1588	2013-05-15	264.0	514.0
ERR272347	WGS	DUKEUNIVERSITY	454 GS FLX Titanium	SINGLE	RANDOM	GENOMIC	LS454	SAMEA1713774	Melopsittacus undulatus	ERP002324	PRJEB1588	2013-05-15	251.0	515.0
ERR272348	WGS	DUKEUNIVERSITY	454 GS FLX Titanium	SINGLE	RANDOM	GENOMIC	LS454	SAMEA1713774	Melopsittacus undulatus	ERP002324	PRJEB1588	2013-05-15	271.0	531.0
ERR272349	WGS	DUKEUNIVERSITY	454 GS FLX Titanium	SINGLE	RANDOM	GENOMIC	LS454	SAMEA1713774	Melopsittacus undulatus	ERP002324	PRJEB1588	2013-05-15	261.0	531.0
ERR272350	WGS	DUKEUNIVERSITY	454 GS FLX Titanium	SINGLE	RANDOM	GENOMIC	LS454	SAMEA1713774	Melopsittacus undulatus	ERP002324	PRJEB1588	2013-05-15	312.0	518.0
ERR272351	WGS	DUKEUNIVERSITY	454 GS FLX Titanium	SINGLE	RANDOM	GENOMIC	LS454	SAMEA1713774	Melopsittacus undulatus	ERP002324	PRJEB1588	2013-05-15	294.0	521.0
ERR272352	WGS	DUKEUNIVERSITY	454 GS FLX Titanium	SINGLE	RANDOM	GENOMIC	LS454	SAMEA1713774	Melopsittacus undulatus	ERP002324	PRJEB1588	2013-05-15	313.0	508.0
ERR272353	WGS	DUKEUNIVERSITY	454 GS FLX Titanium	SINGLE	RANDOM	GENOMIC	LS454	SAMEA1713774	Melopsittacus undulatus	ERP002324	PRJEB1588	2013-05-15	312.0	508.0
ERR272354	WGS	DUKEUNIVERSITY	454 GS FLX Titanium	SINGLE	RANDOM	GENOMIC	LS454	SAMEA1713774	Melopsittacus undulatus	ERP002324	PRJEB1588	2013-05-15	321.0	526.0
ERR272355	WGS	DUKEUNIVERSITY	454 GS FLX Titanium	SINGLE	RANDOM	GENOMIC	LS454	SAMEA1713774	Melopsittacus undulatus	ERP002324	PRJEB1588	2013-05-15	294.0	530.0
ERR272356	WGS	DUKEUNIVERSITY	454 GS FLX Titanium	SINGLE	RANDOM	GENOMIC	LS454	SAMEA1713774	Melopsittacus undulatus	ERP002324	PRJEB1588	2013-05-15	331.0	515.0
ERR272357	WGS	DUKEUNIVERSITY	454 GS FLX Titanium	SINGLE	RANDOM	GENOMIC	LS454	SAMEA1713774	Melopsittacus undulatus	ERP002324	PRJEB1588	2013-05-15	302.0	516.0
ERR272358	WGS	DUKEUNIVERSITY	454 GS FLX Titanium	SINGLE	RANDOM	GENOMIC	LS454	SAMEA1713774	Melopsittacus undulatus	ERP002324	PRJEB1588	2013-05-15	365.0	510.0
ERR272359	WGS	DUKEUNIVERSITY	454 GS FLX Titanium	SINGLE	RANDOM	GENOMIC	LS454	SAMEA1713774	Melopsittacus undulatus	ERP002324	PRJEB1588	2013-05-15	371.0	510.0
ERR272360	WGS	DUKEUNIVERSITY	454 GS FLX Titanium	SINGLE	RANDOM	GENOMIC	LS454	SAMEA1713774	Melopsittacus undulatus	ERP002324	PRJEB1588	2013-05-15	287.0	523.0
ERR272361	WGS	DUKEUNIVERSITY	454 GS FLX Titanium	SINGLE	RANDOM	GENOMIC	LS454	SAMEA1713774	Melopsittacus undulatus	ERP002324	PRJEB1588	2013-05-15	289.0	521.0
ERR272362	WGS	DUKEUNIVERSITY	454 GS FLX Titanium	SINGLE	RANDOM	GENOMIC	LS454	SAMEA1713774	Melopsittacus undulatus	ERP002324	PRJEB1588	2013-05-15	314.0	509.0
ERR272363	WGS	DUKEUNIVERSITY	454 GS FLX Titanium	SINGLE	RANDOM	GENOMIC	LS454	SAMEA1713774	Melopsittacus undulatus	ERP002324	PRJEB1588	2013-05-15	330.0	507.0
ERR272364	WGS	DUKEUNIVERSITY	454 GS FLX Titanium	SINGLE	RANDOM	GENOMIC	LS454	SAMEA1713774	Melopsittacus undulatus	ERP002324	PRJEB1588	2013-05-15	351.0	520.0
ERR272365	WGS	DUKEUNIVERSITY	454 GS FLX Titanium	SINGLE	RANDOM	GENOMIC	LS454	SAMEA1713774	Melopsittacus undulatus	ERP002324	PRJEB1588	2013-05-15	339.0	521.0
ERR272366	WGS	DUKEUNIVERSITY	454 GS FLX Titanium	SINGLE	RANDOM	GENOMIC	LS454	SAMEA1713774	Melopsittacus undulatus	ERP002324	PRJEB1588	2013-05-15	278.0	530.0
ERR272367	WGS	DUKEUNIVERSITY	454 GS FLX Titanium	SINGLE	RANDOM	GENOMIC	LS454	SAMEA1713774	Melopsittacus undulatus	ERP002324	PRJEB1588	2013-05-15	262.0	529.0
ERR272368	WGS	DUKEUNIVERSITY	454 GS FLX Titanium	SINGLE	RANDOM	GENOMIC	LS454	SAMEA1713774	Melopsittacus undulatus	ERP002324	PRJEB1588	2013-05-15	314.0	512.0
ERR272369	WGS	DUKEUNIVERSITY	454 GS FLX Titanium	SINGLE	RANDOM	GENOMIC	LS454	SAMEA1713774	Melopsittacus undulatus	ERP002324	PRJEB1588	2013-05-15	303.0	510.0
ERR272370	WGS	DUKEUNIVERSITY	454 GS FLX Titanium	SINGLE	RANDOM	GENOMIC	LS454	SAMEA1713774	Melopsittacus undulatus	ERP002324	PRJEB1588	2013-05-15	328.0	511.0
ERR272371	WGS	DUKEUNIVERSITY	454 GS FLX Titanium	SINGLE	RANDOM	GENOMIC	LS454	SAMEA1713774	Melopsittacus undulatus	ERP002324	PRJEB1588	2013-05-15	321.0	515.0
ERR272372	WGS	DUKEUNIVERSITY	454 GS FLX Titanium	SINGLE	RANDOM	GENOMIC	LS454	SAMEA1713774	Melopsittacus undulatus	ERP002324	PRJEB1588	2013-05-15	306.0	513.0
ERR272373	WGS	DUKEUNIVERSITY	454 GS FLX Titanium	SINGLE	RANDOM	GENOMIC	LS454	SAMEA1713774	Melopsittacus undulatus	ERP002324	PRJEB1588	2013-05-15	228.0	515.0
ERR272379	WGS	DUKE	454 GS FLX Titanium	PAIRED	RANDOM	GENOMIC	LS454	SAMEA1713774	Melopsittacus undulatus	ERP002324	PRJEB1588	2013-05-17	236.0	465.0
ERR272380	WGS	DUKE	454 GS FLX Titanium	PAIRED	RANDOM	GENOMIC	LS454	SAMEA1713774	Melopsittacus undulatus	ERP002324	PRJEB1588	2013-05-17	226.0	470.0
ERR272381	WGS	DUKE	454 GS FLX Titanium	PAIRED	RANDOM	GENOMIC	LS454	SAMEA1713774	Melopsittacus undulatus	ERP002324	PRJEB1588	2013-05-17	102.0	461.0
ERR272382	WGS	DUKE	454 GS FLX Titanium	PAIRED	RANDOM	GENOMIC	LS454	SAMEA1713774	Melopsittacus undulatus	ERP002324	PRJEB1588	2013-05-17	295.0	455.0
ERR272383	WGS	DUKE	454 GS FLX Titanium	PAIRED	RANDOM	GENOMIC	LS454	SAMEA1713774	Melopsittacus undulatus	ERP002324	PRJEB1588	2013-05-17	291.0	453.0
ERR272384	WGS	DUKE	454 GS FLX Titanium	PAIRED	RANDOM	GENOMIC	LS454	SAMEA1713774	Melopsittacus undulatus	ERP002324	PRJEB1588	2013-05-17	106.0	456.0
ERR272385	WGS	DUKE	454 GS FLX Titanium	PAIRED	RANDOM	GENOMIC	LS454	SAMEA1713774	Melopsittacus undulatus	ERP002324	PRJEB1588	2013-05-17	305.0	462.0
ERR272386	WGS	DUKE	454 GS FLX Titanium	PAIRED	RANDOM	GENOMIC	LS454	SAMEA1713774	Melopsittacus undulatus	ERP002324	PRJEB1588	2013-05-17	286.0	463.0
ERR272387	WGS	DUKE	454 GS FLX Titanium	PAIRED	RANDOM	GENOMIC	LS454	SAMEA1713774	Melopsittacus undulatus	ERP002324	PRJEB1588	2013-05-17	102.0	455.0
ERR272388	WGS	DUKE	454 GS FLX Titanium	PAIRED	RANDOM	GENOMIC	LS454	SAMEA1713774	Melopsittacus undulatus	ERP002324	PRJEB1588	2013-05-17	179.0	449.0
ERR272389	WGS	DUKE	454 GS FLX Titanium	PAIRED	RANDOM	GENOMIC	LS454	SAMEA1713774	Melopsittacus undulatus	ERP002324	PRJEB1588	2013-05-17	176.0	454.0
ERR272390	WGS	DUKE	454 GS FLX Titanium	PAIRED	RANDOM	GENOMIC	LS454	SAMEA1713774	Melopsittacus undulatus	ERP002324	PRJEB1588	2013-05-17	98.0	444.0
ERR272391	WGS	DUKE	454 GS FLX Titanium	PAIRED	RANDOM	GENOMIC	LS454	SAMEA1713774	Melopsittacus undulatus	ERP002324	PRJEB1588	2013-05-17	70.0	502.0
ERR272392	WGS	DUKE	454 GS FLX Titanium	PAIRED	RANDOM	GENOMIC	LS454	SAMEA1713774	Melopsittacus undulatus	ERP002324	PRJEB1588	2013-05-17	112.0	494.0
ERR272393	WGS	DUKE	454 GS FLX Titanium	PAIRED	RANDOM	GENOMIC	LS454	SAMEA1713774	Melopsittacus undulatus	ERP002324	PRJEB1588	2013-05-17	67.0	523.0
ERR272394	WGS	DUKE	454 GS FLX Titanium	PAIRED	RANDOM	GENOMIC	LS454	SAMEA1713774	Melopsittacus undulatus	ERP002324	PRJEB1588	2013-05-17	126.0	500.0
ERR272395	WGS	DUKE	454 GS FLX Titanium	PAIRED	RANDOM	GENOMIC	LS454	SAMEA1713774	Melopsittacus undulatus	ERP002324	PRJEB1588	2013-05-17	66.0	505.0
ERR272396	WGS	DUKE	454 GS FLX Titanium	PAIRED	RANDOM	GENOMIC	LS454	SAMEA1713774	Melopsittacus undulatus	ERP002324	PRJEB1588	2013-05-17	111.0	492.0
ERR272397	WGS	DUKE	454 GS FLX Titanium	PAIRED	RANDOM	GENOMIC	LS454	SAMEA1713774	Melopsittacus undulatus	ERP002324	PRJEB1588	2013-05-17	63.0	494.0
ERR272398	WGS	DUKE	454 GS FLX Titanium	PAIRED	RANDOM	GENOMIC	LS454	SAMEA1713774	Melopsittacus undulatus	ERP002324	PRJEB1588	2013-05-17	117.0	484.0
ERR272399	WGS	DUKE	454 GS FLX Titanium	PAIRED	RANDOM	GENOMIC	LS454	SAMEA1713774	Melopsittacus undulatus	ERP002324	PRJEB1588	2013-05-17	61.0	522.0
ERR272400	WGS	DUKE	454 GS FLX Titanium	PAIRED	RANDOM	GENOMIC	LS454	SAMEA1713774	Melopsittacus undulatus	ERP002324	PRJEB1588	2013-05-17	131.0	502.0
ERR272401	WGS	DUKE	454 GS FLX Titanium	PAIRED	RANDOM	GENOMIC	LS454	SAMEA1713774	Melopsittacus undulatus	ERP002324	PRJEB1588	2013-05-17	69.0	531.0
ERR272402	WGS	DUKE	454 GS FLX Titanium	PAIRED	RANDOM	GENOMIC	LS454	SAMEA1713774	Melopsittacus undulatus	ERP002324	PRJEB1588	2013-05-17	140.0	509.0
ERR272403	WGS	DUKE	454 GS FLX Titanium	PAIRED	RANDOM	GENOMIC	LS454	SAMEA1713774	Melopsittacus undulatus	ERP002324	PRJEB1588	2013-05-17	63.0	512.0
ERR272404	WGS	DUKE	454 GS FLX Titanium	PAIRED	RANDOM	GENOMIC	LS454	SAMEA1713774	Melopsittacus undulatus	ERP002324	PRJEB1588	2013-05-17	128.0	492.0
ERR272405	WGS	DUKE	454 GS FLX Titanium	PAIRED	RANDOM	GENOMIC	LS454	SAMEA1713774	Melopsittacus undulatus	ERP002324	PRJEB1588	2013-05-17	60.0	500.0
ERR272406	WGS	DUKE	454 GS FLX Titanium	PAIRED	RANDOM	GENOMIC	LS454	SAMEA1713774	Melopsittacus undulatus	ERP002324	PRJEB1588	2013-05-17	120.0	487.0
ERR272407	WGS	DUKE	454 GS FLX Titanium	PAIRED	RANDOM	GENOMIC	LS454	SAMEA1713774	Melopsittacus undulatus	ERP002324	PRJEB1588	2013-05-17	123.0	488.0
ERR272408	WGS	DUKE	454 GS FLX Titanium	PAIRED	RANDOM	GENOMIC	LS454	SAMEA1713774	Melopsittacus undulatus	ERP002324	PRJEB1588	2013-05-17	212.0	522.0
ERR272409	WGS	DUKE	454 GS FLX Titanium	PAIRED	RANDOM	GENOMIC	LS454	SAMEA1713774	Melopsittacus undulatus	ERP002324	PRJEB1588	2013-05-17	224.0	516.0
ERR272410	WGS	DUKE	454 GS FLX Titanium	PAIRED	RANDOM	GENOMIC	LS454	SAMEA1713774	Melopsittacus undulatus	ERP002324	PRJEB1588	2013-05-17	125.0	491.0
ERR272411	WGS	DUKE	454 GS FLX Titanium	PAIRED	RANDOM	GENOMIC	LS454	SAMEA1713774	Melopsittacus undulatus	ERP002324	PRJEB1588	2013-05-17	302.0	494.0
ERR272412	WGS	DUKE	454 GS FLX Titanium	PAIRED	RANDOM	GENOMIC	LS454	SAMEA1713774	Melopsittacus undulatus	ERP002324	PRJEB1588	2013-05-17	302.0	495.0
ERR272413	WGS	DUKE	454 GS FLX Titanium	PAIRED	RANDOM	GENOMIC	LS454	SAMEA1713774	Melopsittacus undulatus	ERP002324	PRJEB1588	2013-05-17	118.0	533.0
ERR272414	WGS	DUKE	454 GS FLX Titanium	PAIRED	RANDOM	GENOMIC	LS454	SAMEA1713774	Melopsittacus undulatus	ERP002324	PRJEB1588	2013-05-17	286.0	552.0
ERR272415	WGS	DUKE	454 GS FLX Titanium	PAIRED	RANDOM	GENOMIC	LS454	SAMEA1713774	Melopsittacus undulatus	ERP002324	PRJEB1588	2013-05-17	263.0	546.0
ERR272416	WGS	DUKE	454 GS FLX Titanium	PAIRED	RANDOM	GENOMIC	LS454	SAMEA1713774	Melopsittacus undulatus	ERP002324	PRJEB1588	2013-05-17	95.0	538.0
ERR272417	WGS	DUKE	454 GS FLX Titanium	PAIRED	RANDOM	GENOMIC	LS454	SAMEA1713774	Melopsittacus undulatus	ERP002324	PRJEB1588	2013-05-17	283.0	531.0
ERR272418	WGS	DUKE	454 GS FLX Titanium	PAIRED	RANDOM	GENOMIC	LS454	SAMEA1713774	Melopsittacus undulatus	ERP002324	PRJEB1588	2013-05-17	261.0	528.0
ERR340430	WGS	DUKE	Illumina HiSeq 2000	PAIRED	RANDOM	GENOMIC	ILLUMINA	SAMEA1713774	Melopsittacus undulatus	ERP002324	PRJEB1588	2013-09-20	1752.0	202.0
ERR340431	WGS	DUKE	Illumina HiSeq 2000	PAIRED	RANDOM	GENOMIC	ILLUMINA	SAMEA1713774	Melopsittacus undulatus	ERP002324	PRJEB1588	2013-09-20	289.0	202.0
ERR340432	WGS	DUKE	Illumina HiSeq 2000	PAIRED	RANDOM	GENOMIC	ILLUMINA	SAMEA1713774	Melopsittacus undulatus	ERP002324	PRJEB1588	2013-09-20	476.0	202.0
ERR340433	WGS	DUKE	Illumina HiSeq 2000	PAIRED	RANDOM	GENOMIC	ILLUMINA	SAMEA1713774	Melopsittacus undulatus	ERP002324	PRJEB1588	2013-09-20	633.0	202.0
ERR340434	WGS	DUKE	Illumina HiSeq 2000	PAIRED	RANDOM	GENOMIC	ILLUMINA	SAMEA1713774	Melopsittacus undulatus	ERP002324	PRJEB1588	2013-09-20	2195.0	202.0
ERR340435	WGS	DUKE	Illumina HiSeq 2000	PAIRED	RANDOM	GENOMIC	ILLUMINA	SAMEA1713774	Melopsittacus undulatus	ERP002324	PRJEB1588	2013-09-20	1677.0	202.0
ERR340436	WGS	DUKE	Illumina HiSeq 2000	PAIRED	RANDOM	GENOMIC	ILLUMINA	SAMEA1713774	Melopsittacus undulatus	ERP002324	PRJEB1588	2013-09-20	2142.0	202.0
ERR340437	WGS	DUKE	Illumina HiSeq 2000	PAIRED	RANDOM	GENOMIC	ILLUMINA	SAMEA1713774	Melopsittacus undulatus	ERP002324	PRJEB1588	2013-09-20	1562.0	202.0
ERR340438	WGS	DUKE	Illumina HiSeq 2000	PAIRED	RANDOM	GENOMIC	ILLUMINA	SAMEA1713774	Melopsittacus undulatus	ERP002324	PRJEB1588	2013-09-20	1540.0	202.0
ERR340439	WGS	DUKE	Illumina HiSeq 2000	PAIRED	RANDOM	GENOMIC	ILLUMINA	SAMEA1713774	Melopsittacus undulatus	ERP002324	PRJEB1588	2013-09-20	2043.0	202.0
ERR244164	WGS	DUKEUNIVERSITY	PacBio RS	SINGLE	RANDOM	GENOMIC	PACBIO_SMRT	SAMEA1713774	Melopsittacus undulatus	ERP002324	PRJEB1588	2013-10-09	1441.0	1318.0
ERR244165	WGS	DUKEUNIVERSITY	PacBio RS	SINGLE	RANDOM	GENOMIC	PACBIO_SMRT	SAMEA1713774	Melopsittacus undulatus	ERP002324	PRJEB1588	2013-10-09	942.0	2085.0
ERR244166	WGS	DUKEUNIVERSITY	PacBio RS	SINGLE	RANDOM	GENOMIC	PACBIO_SMRT	SAMEA1713774	Melopsittacus undulatus	ERP002324	PRJEB1588	2013-10-09	4379.0	1664.0
SRR5336554	OTHER	STANFORD UNIVERSITY	NextSeq 500	PAIRED	other	GENOMIC	ILLUMINA	SAMN06562180	Melopsittacus undulatus	SRP101735	PRJNA378785	2017-04-13	7708.0	150.0
SRR5336564	OTHER	STANFORD UNIVERSITY	NextSeq 500	PAIRED	other	GENOMIC	ILLUMINA	SAMN06562181	Melopsittacus undulatus	SRP101735	PRJNA378785	2017-04-13	28208.0	151.0
SRR5336609	OTHER	STANFORD UNIVERSITY	NextSeq 500	PAIRED	other	GENOMIC	ILLUMINA	SAMN06562181	Melopsittacus undulatus	SRP101735	PRJNA378785	2017-04-13	43477.0	151.0
SRR5331884	OTHER	STANFORD UNIVERSITY	Illumina MiSeq	SINGLE	other	GENOMIC	ILLUMINA	SAMN06554140	Melopsittacus undulatus	SRP101679	PRJNA378643	2017-07-04	277.0	146.0
SRR5331885	OTHER	STANFORD UNIVERSITY	Illumina MiSeq	SINGLE	other	GENOMIC	ILLUMINA	SAMN06554139	Melopsittacus undulatus	SRP101679	PRJNA378643	2017-07-04	233.0	148.0
SRR5331886	OTHER	STANFORD UNIVERSITY	Illumina MiSeq	SINGLE	other	GENOMIC	ILLUMINA	SAMN06554137	Melopsittacus undulatus	SRP101679	PRJNA378643	2017-07-04	255.0	149.0
SRR5331887	OTHER	STANFORD UNIVERSITY	Illumina MiSeq	SINGLE	other	GENOMIC	ILLUMINA	SAMN06554164	Melopsittacus undulatus	SRP101679	PRJNA378643	2017-07-04	286.0	148.0
SRR5331888	OTHER	STANFORD UNIVERSITY	Illumina MiSeq	SINGLE	other	GENOMIC	ILLUMINA	SAMN06554143	Melopsittacus undulatus	SRP101679	PRJNA378643	2017-07-04	303.0	148.0
SRR5331889	OTHER	STANFORD UNIVERSITY	Illumina MiSeq	SINGLE	other	GENOMIC	ILLUMINA	SAMN06554159	Melopsittacus undulatus	SRP101679	PRJNA378643	2017-07-04	347.0	147.0
SRR5331890	OTHER	STANFORD UNIVERSITY	Illumina MiSeq	SINGLE	other	GENOMIC	ILLUMINA	SAMN06554162	Melopsittacus undulatus	SRP101679	PRJNA378643	2017-07-04	258.0	149.0
SRR5331891	OTHER	STANFORD UNIVERSITY	Illumina MiSeq	SINGLE	other	GENOMIC	ILLUMINA	SAMN06554161	Melopsittacus undulatus	SRP101679	PRJNA378643	2017-07-04	215.0	149.0
SRR5332005	OTHER	STANFORD UNIVERSITY	NextSeq 500	SINGLE	other	GENOMIC	ILLUMINA	SAMN06554235	Melopsittacus undulatus	SRP101679	PRJNA378643	2017-07-04	211.0	144.0
SRR5332006	OTHER	STANFORD UNIVERSITY	NextSeq 500	SINGLE	other	GENOMIC	ILLUMINA	SAMN06554234	Melopsittacus undulatus	SRP101679	PRJNA378643	2017-07-04	444.0	149.0
SRR5332007	OTHER	STANFORD UNIVERSITY	NextSeq 500	SINGLE	other	GENOMIC	ILLUMINA	SAMN06554233	Melopsittacus undulatus	SRP101679	PRJNA378643	2017-07-04	465.0	149.0
SRR5332008	OTHER	STANFORD UNIVERSITY	NextSeq 500	SINGLE	other	GENOMIC	ILLUMINA	SAMN06554232	Melopsittacus undulatus	SRP101679	PRJNA378643	2017-07-04	439.0	149.0
SRR5332009	OTHER	STANFORD UNIVERSITY	NextSeq 500	SINGLE	other	GENOMIC	ILLUMINA	SAMN06554231	Melopsittacus undulatus	SRP101679	PRJNA378643	2017-07-04	525.0	149.0
SRR5332010	OTHER	STANFORD UNIVERSITY	NextSeq 500	SINGLE	other	GENOMIC	ILLUMINA	SAMN06554230	Melopsittacus undulatus	SRP101679	PRJNA378643	2017-07-04	523.0	149.0
SRR5332011	OTHER	STANFORD UNIVERSITY	NextSeq 500	SINGLE	other	GENOMIC	ILLUMINA	SAMN06554229	Melopsittacus undulatus	SRP101679	PRJNA378643	2017-07-04	543.0	149.0
SRR5332012	OTHER	STANFORD UNIVERSITY	NextSeq 500	SINGLE	other	GENOMIC	ILLUMINA	SAMN06554228	Melopsittacus undulatus	SRP101679	PRJNA378643	2017-07-04	462.0	149.0
SRR5332013	OTHER	STANFORD UNIVERSITY	NextSeq 500	SINGLE	other	GENOMIC	ILLUMINA	SAMN06554140	Melopsittacus undulatus	SRP101679	PRJNA378643	2017-07-04	512.0	149.0
SRR5332014	OTHER	STANFORD UNIVERSITY	NextSeq 500	SINGLE	other	GENOMIC	ILLUMINA	SAMN06554227	Melopsittacus undulatus	SRP101679	PRJNA378643	2017-07-04	437.0	148.0
SRR5332015	OTHER	STANFORD UNIVERSITY	NextSeq 500	SINGLE	other	GENOMIC	ILLUMINA	SAMN06554226	Melopsittacus undulatus	SRP101679	PRJNA378643	2017-07-04	354.0	148.0
SRR5332016	OTHER	STANFORD UNIVERSITY	NextSeq 500	SINGLE	other	GENOMIC	ILLUMINA	SAMN06554225	Melopsittacus undulatus	SRP101679	PRJNA378643	2017-07-04	311.0	148.0
SRR5332017	OTHER	STANFORD UNIVERSITY	NextSeq 500	SINGLE	other	GENOMIC	ILLUMINA	SAMN06554224	Melopsittacus undulatus	SRP101679	PRJNA378643	2017-07-04	421.0	149.0
SRR5332018	OTHER	STANFORD UNIVERSITY	NextSeq 500	SINGLE	other	GENOMIC	ILLUMINA	SAMN06554223	Melopsittacus undulatus	SRP101679	PRJNA378643	2017-07-04	615.0	148.0
SRR5332019	OTHER	STANFORD UNIVERSITY	NextSeq 500	SINGLE	other	GENOMIC	ILLUMINA	SAMN06554222	Melopsittacus undulatus	SRP101679	PRJNA378643	2017-07-04	450.0	148.0
SRR5332020	OTHER	STANFORD UNIVERSITY	NextSeq 500	SINGLE	other	GENOMIC	ILLUMINA	SAMN06554221	Melopsittacus undulatus	SRP101679	PRJNA378643	2017-07-04	467.0	147.0
SRR5332021	OTHER	STANFORD UNIVERSITY	NextSeq 500	SINGLE	other	GENOMIC	ILLUMINA	SAMN06554220	Melopsittacus undulatus	SRP101679	PRJNA378643	2017-07-04	477.0	147.0
SRR5332022	OTHER	STANFORD UNIVERSITY	NextSeq 500	SINGLE	other	GENOMIC	ILLUMINA	SAMN06554219	Melopsittacus undulatus	SRP101679	PRJNA378643	2017-07-04	499.0	148.0
SRR5332023	OTHER	STANFORD UNIVERSITY	NextSeq 500	SINGLE	other	GENOMIC	ILLUMINA	SAMN06554218	Melopsittacus undulatus	SRP101679	PRJNA378643	2017-07-04	470.0	148.0
SRR5332024	OTHER	STANFORD UNIVERSITY	NextSeq 500	SINGLE	other	GENOMIC	ILLUMINA	SAMN06554139	Melopsittacus undulatus	SRP101679	PRJNA378643	2017-07-04	449.0	148.0
SRR5332025	OTHER	STANFORD UNIVERSITY	NextSeq 500	SINGLE	other	GENOMIC	ILLUMINA	SAMN06554217	Melopsittacus undulatus	SRP101679	PRJNA378643	2017-07-04	581.0	149.0
SRR5332026	OTHER	STANFORD UNIVERSITY	NextSeq 500	SINGLE	other	GENOMIC	ILLUMINA	SAMN06554216	Melopsittacus undulatus	SRP101679	PRJNA378643	2017-07-04	564.0	149.0
SRR5332027	OTHER	STANFORD UNIVERSITY	NextSeq 500	SINGLE	other	GENOMIC	ILLUMINA	SAMN06554215	Melopsittacus undulatus	SRP101679	PRJNA378643	2017-07-04	539.0	149.0
SRR5332028	OTHER	STANFORD UNIVERSITY	NextSeq 500	SINGLE	other	GENOMIC	ILLUMINA	SAMN06554211	Melopsittacus undulatus	SRP101679	PRJNA378643	2017-07-04	683.0	149.0
SRR5332029	OTHER	STANFORD UNIVERSITY	NextSeq 500	SINGLE	other	GENOMIC	ILLUMINA	SAMN06554210	Melopsittacus undulatus	SRP101679	PRJNA378643	2017-07-04	514.0	149.0
SRR5332030	OTHER	STANFORD UNIVERSITY	NextSeq 500	SINGLE	other	GENOMIC	ILLUMINA	SAMN06554209	Melopsittacus undulatus	SRP101679	PRJNA378643	2017-07-04	456.0	149.0
SRR5332031	OTHER	STANFORD UNIVERSITY	NextSeq 500	SINGLE	other	GENOMIC	ILLUMINA	SAMN06554207	Melopsittacus undulatus	SRP101679	PRJNA378643	2017-07-04	483.0	148.0
SRR5332032	OTHER	STANFORD UNIVERSITY	NextSeq 500	SINGLE	other	GENOMIC	ILLUMINA	SAMN06554206	Melopsittacus undulatus	SRP101679	PRJNA378643	2017-07-04	550.0	148.0
SRR5332033	OTHER	STANFORD UNIVERSITY	NextSeq 500	SINGLE	other	GENOMIC	ILLUMINA	SAMN06554205	Melopsittacus undulatus	SRP101679	PRJNA378643	2017-07-04	446.0	147.0
SRR5332034	OTHER	STANFORD UNIVERSITY	NextSeq 500	SINGLE	other	GENOMIC	ILLUMINA	SAMN06554204	Melopsittacus undulatus	SRP101679	PRJNA378643	2017-07-04	510.0	147.0
SRR5332035	OTHER	STANFORD UNIVERSITY	NextSeq 500	SINGLE	other	GENOMIC	ILLUMINA	SAMN06554203	Melopsittacus undulatus	SRP101679	PRJNA378643	2017-07-04	439.0	148.0
SRR5332036	OTHER	STANFORD UNIVERSITY	NextSeq 500	SINGLE	other	GENOMIC	ILLUMINA	SAMN06554202	Melopsittacus undulatus	SRP101679	PRJNA378643	2017-07-04	460.0	148.0
SRR5332037	OTHER	STANFORD UNIVERSITY	NextSeq 500	SINGLE	other	GENOMIC	ILLUMINA	SAMN06554201	Melopsittacus undulatus	SRP101679	PRJNA378643	2017-07-04	498.0	149.0
SRR5332038	OTHER	STANFORD UNIVERSITY	NextSeq 500	SINGLE	other	GENOMIC	ILLUMINA	SAMN06554200	Melopsittacus undulatus	SRP101679	PRJNA378643	2017-07-04	526.0	149.0
SRR5332039	OTHER	STANFORD UNIVERSITY	NextSeq 500	SINGLE	other	GENOMIC	ILLUMINA	SAMN06554199	Melopsittacus undulatus	SRP101679	PRJNA378643	2017-07-04	389.0	149.0
SRR5332040	OTHER	STANFORD UNIVERSITY	NextSeq 500	SINGLE	other	GENOMIC	ILLUMINA	SAMN06554198	Melopsittacus undulatus	SRP101679	PRJNA378643	2017-07-04	489.0	149.0
SRR5332041	OTHER	STANFORD UNIVERSITY	NextSeq 500	SINGLE	other	GENOMIC	ILLUMINA	SAMN06554137	Melopsittacus undulatus	SRP101679	PRJNA378643	2017-07-04	516.0	148.0
SRR5332042	OTHER	STANFORD UNIVERSITY	NextSeq 500	SINGLE	other	GENOMIC	ILLUMINA	SAMN06554197	Melopsittacus undulatus	SRP101679	PRJNA378643	2017-07-04	539.0	149.0
SRR5332043	OTHER	STANFORD UNIVERSITY	NextSeq 500	SINGLE	other	GENOMIC	ILLUMINA	SAMN06554196	Melopsittacus undulatus	SRP101679	PRJNA378643	2017-07-04	528.0	149.0
SRR5332044	OTHER	STANFORD UNIVERSITY	NextSeq 500	SINGLE	other	GENOMIC	ILLUMINA	SAMN06554195	Melopsittacus undulatus	SRP101679	PRJNA378643	2017-07-04	462.0	148.0
SRR5332045	OTHER	STANFORD UNIVERSITY	NextSeq 500	SINGLE	other	GENOMIC	ILLUMINA	SAMN06554194	Melopsittacus undulatus	SRP101679	PRJNA378643	2017-07-04	453.0	148.0
SRR5332046	OTHER	STANFORD UNIVERSITY	NextSeq 500	SINGLE	other	GENOMIC	ILLUMINA	SAMN06554193	Melopsittacus undulatus	SRP101679	PRJNA378643	2017-07-04	457.0	147.0
SRR5332047	OTHER	STANFORD UNIVERSITY	NextSeq 500	SINGLE	other	GENOMIC	ILLUMINA	SAMN06554192	Melopsittacus undulatus	SRP101679	PRJNA378643	2017-07-04	419.0	148.0
SRR5332048	OTHER	STANFORD UNIVERSITY	NextSeq 500	SINGLE	other	GENOMIC	ILLUMINA	SAMN06554190	Melopsittacus undulatus	SRP101679	PRJNA378643	2017-07-04	444.0	147.0
SRR5332049	OTHER	STANFORD UNIVERSITY	NextSeq 500	SINGLE	other	GENOMIC	ILLUMINA	SAMN06554189	Melopsittacus undulatus	SRP101679	PRJNA378643	2017-07-04	491.0	148.0
SRR5332050	OTHER	STANFORD UNIVERSITY	NextSeq 500	SINGLE	other	GENOMIC	ILLUMINA	SAMN06554188	Melopsittacus undulatus	SRP101679	PRJNA378643	2017-07-04	512.0	148.0
SRR5332051	OTHER	STANFORD UNIVERSITY	NextSeq 500	SINGLE	other	GENOMIC	ILLUMINA	SAMN06554136	Melopsittacus undulatus	SRP101679	PRJNA378643	2017-07-04	581.0	149.0
SRR5332052	OTHER	STANFORD UNIVERSITY	NextSeq 500	SINGLE	other	GENOMIC	ILLUMINA	SAMN06554187	Melopsittacus undulatus	SRP101679	PRJNA378643	2017-07-04	422.0	149.0
SRR5332053	OTHER	STANFORD UNIVERSITY	NextSeq 500	SINGLE	other	GENOMIC	ILLUMINA	SAMN06554186	Melopsittacus undulatus	SRP101679	PRJNA378643	2017-07-04	640.0	149.0
SRR5332054	OTHER	STANFORD UNIVERSITY	NextSeq 500	SINGLE	other	GENOMIC	ILLUMINA	SAMN06554185	Melopsittacus undulatus	SRP101679	PRJNA378643	2017-07-04	521.0	149.0
SRR5332055	OTHER	STANFORD UNIVERSITY	NextSeq 500	SINGLE	other	GENOMIC	ILLUMINA	SAMN06554184	Melopsittacus undulatus	SRP101679	PRJNA378643	2017-07-04	459.0	149.0
SRR5332056	OTHER	STANFORD UNIVERSITY	NextSeq 500	SINGLE	other	GENOMIC	ILLUMINA	SAMN06554183	Melopsittacus undulatus	SRP101679	PRJNA378643	2017-07-04	478.0	149.0
SRR5332057	OTHER	STANFORD UNIVERSITY	NextSeq 500	SINGLE	other	GENOMIC	ILLUMINA	SAMN06554182	Melopsittacus undulatus	SRP101679	PRJNA378643	2017-07-04	453.0	148.0
SRR5332058	OTHER	STANFORD UNIVERSITY	NextSeq 500	SINGLE	other	GENOMIC	ILLUMINA	SAMN06554180	Melopsittacus undulatus	SRP101679	PRJNA378643	2017-07-04	462.0	148.0
SRR5332059	OTHER	STANFORD UNIVERSITY	NextSeq 500	SINGLE	other	GENOMIC	ILLUMINA	SAMN06554179	Melopsittacus undulatus	SRP101679	PRJNA378643	2017-07-04	471.0	148.0
SRR5332060	OTHER	STANFORD UNIVERSITY	NextSeq 500	SINGLE	other	GENOMIC	ILLUMINA	SAMN06554178	Melopsittacus undulatus	SRP101679	PRJNA378643	2017-07-04	359.0	147.0
SRR5332061	OTHER	STANFORD UNIVERSITY	NextSeq 500	SINGLE	other	GENOMIC	ILLUMINA	SAMN06554135	Melopsittacus undulatus	SRP101679	PRJNA378643	2017-07-04	355.0	149.0
SRR5332062	OTHER	STANFORD UNIVERSITY	NextSeq 500	SINGLE	other	GENOMIC	ILLUMINA	SAMN06554177	Melopsittacus undulatus	SRP101679	PRJNA378643	2017-07-04	527.0	148.0
SRR5332063	OTHER	STANFORD UNIVERSITY	NextSeq 500	SINGLE	other	GENOMIC	ILLUMINA	SAMN06554176	Melopsittacus undulatus	SRP101679	PRJNA378643	2017-07-04	425.0	149.0
SRR5332064	OTHER	STANFORD UNIVERSITY	NextSeq 500	SINGLE	other	GENOMIC	ILLUMINA	SAMN06554175	Melopsittacus undulatus	SRP101679	PRJNA378643	2017-07-04	401.0	148.0
SRR5332065	OTHER	STANFORD UNIVERSITY	NextSeq 500	SINGLE	other	GENOMIC	ILLUMINA	SAMN06554174	Melopsittacus undulatus	SRP101679	PRJNA378643	2017-07-04	540.0	149.0
SRR5332066	OTHER	STANFORD UNIVERSITY	NextSeq 500	SINGLE	other	GENOMIC	ILLUMINA	SAMN06554172	Melopsittacus undulatus	SRP101679	PRJNA378643	2017-07-04	458.0	149.0
SRR5332067	OTHER	STANFORD UNIVERSITY	NextSeq 500	SINGLE	other	GENOMIC	ILLUMINA	SAMN06554171	Melopsittacus undulatus	SRP101679	PRJNA378643	2017-07-04	430.0	149.0
SRR5332068	OTHER	STANFORD UNIVERSITY	NextSeq 500	SINGLE	other	GENOMIC	ILLUMINA	SAMN06554170	Melopsittacus undulatus	SRP101679	PRJNA378643	2017-07-04	426.0	149.0
SRR5332069	OTHER	STANFORD UNIVERSITY	NextSeq 500	SINGLE	other	GENOMIC	ILLUMINA	SAMN06554169	Melopsittacus undulatus	SRP101679	PRJNA378643	2017-07-04	474.0	149.0
SRR5332070	OTHER	STANFORD UNIVERSITY	NextSeq 500	SINGLE	other	GENOMIC	ILLUMINA	SAMN06554168	Melopsittacus undulatus	SRP101679	PRJNA378643	2017-07-04	563.0	149.0
SRR5332071	OTHER	STANFORD UNIVERSITY	NextSeq 500	SINGLE	other	GENOMIC	ILLUMINA	SAMN06554167	Melopsittacus undulatus	SRP101679	PRJNA378643	2017-07-04	488.0	148.0
SRR5332072	OTHER	STANFORD UNIVERSITY	NextSeq 500	SINGLE	other	GENOMIC	ILLUMINA	SAMN06554166	Melopsittacus undulatus	SRP101679	PRJNA378643	2017-07-04	435.0	148.0
SRR5332073	OTHER	STANFORD UNIVERSITY	NextSeq 500	SINGLE	other	GENOMIC	ILLUMINA	SAMN06554164	Melopsittacus undulatus	SRP101679	PRJNA378643	2017-07-04	422.0	147.0
SRR5332074	OTHER	STANFORD UNIVERSITY	NextSeq 500	SINGLE	other	GENOMIC	ILLUMINA	SAMN06554156	Melopsittacus undulatus	SRP101679	PRJNA378643	2017-07-04	427.0	149.0
SRR5332075	OTHER	STANFORD UNIVERSITY	NextSeq 500	SINGLE	other	GENOMIC	ILLUMINA	SAMN06554155	Melopsittacus undulatus	SRP101679	PRJNA378643	2017-07-04	566.0	149.0
SRR5332076	OTHER	STANFORD UNIVERSITY	NextSeq 500	SINGLE	other	GENOMIC	ILLUMINA	SAMN06554154	Melopsittacus undulatus	SRP101679	PRJNA378643	2017-07-04	502.0	149.0
SRR5332077	OTHER	STANFORD UNIVERSITY	NextSeq 500	SINGLE	other	GENOMIC	ILLUMINA	SAMN06554152	Melopsittacus undulatus	SRP101679	PRJNA378643	2017-07-04	476.0	148.0
SRR5332078	OTHER	STANFORD UNIVERSITY	NextSeq 500	SINGLE	other	GENOMIC	ILLUMINA	SAMN06554151	Melopsittacus undulatus	SRP101679	PRJNA378643	2017-07-04	541.0	149.0
SRR5332079	OTHER	STANFORD UNIVERSITY	NextSeq 500	SINGLE	other	GENOMIC	ILLUMINA	SAMN06554133	Melopsittacus undulatus	SRP101679	PRJNA378643	2017-07-04	477.0	148.0
SRR5332080	OTHER	STANFORD UNIVERSITY	NextSeq 500	SINGLE	other	GENOMIC	ILLUMINA	SAMN06554150	Melopsittacus undulatus	SRP101679	PRJNA378643	2017-07-04	443.0	149.0
SRR5332081	OTHER	STANFORD UNIVERSITY	NextSeq 500	SINGLE	other	GENOMIC	ILLUMINA	SAMN06554149	Melopsittacus undulatus	SRP101679	PRJNA378643	2017-07-04	425.0	147.0
SRR5332082	OTHER	STANFORD UNIVERSITY	NextSeq 500	SINGLE	other	GENOMIC	ILLUMINA	SAMN06554148	Melopsittacus undulatus	SRP101679	PRJNA378643	2017-07-04	443.0	146.0
SRR5332083	OTHER	STANFORD UNIVERSITY	NextSeq 500	SINGLE	other	GENOMIC	ILLUMINA	SAMN06554147	Melopsittacus undulatus	SRP101679	PRJNA378643	2017-07-04	472.0	149.0
SRR5332084	OTHER	STANFORD UNIVERSITY	NextSeq 500	SINGLE	other	GENOMIC	ILLUMINA	SAMN06554146	Melopsittacus undulatus	SRP101679	PRJNA378643	2017-07-04	511.0	149.0
SRR5332085	OTHER	STANFORD UNIVERSITY	NextSeq 500	SINGLE	other	GENOMIC	ILLUMINA	SAMN06554145	Melopsittacus undulatus	SRP101679	PRJNA378643	2017-07-04	412.0	148.0
SRR5332086	OTHER	STANFORD UNIVERSITY	NextSeq 500	SINGLE	other	GENOMIC	ILLUMINA	SAMN06554144	Melopsittacus undulatus	SRP101679	PRJNA378643	2017-07-04	422.0	149.0
SRR5332087	OTHER	STANFORD UNIVERSITY	NextSeq 500	SINGLE	other	GENOMIC	ILLUMINA	SAMN06554143	Melopsittacus undulatus	SRP101679	PRJNA378643	2017-07-04	473.0	148.0
SRR5332088	OTHER	STANFORD UNIVERSITY	NextSeq 500	SINGLE	other	GENOMIC	ILLUMINA	SAMN06554132	Melopsittacus undulatus	SRP101679	PRJNA378643	2017-07-04	495.0	149.0
SRR5332089	OTHER	STANFORD UNIVERSITY	NextSeq 500	SINGLE	other	GENOMIC	ILLUMINA	SAMN06554159	Melopsittacus undulatus	SRP101679	PRJNA378643	2017-07-04	508.0	149.0
SRR5332090	OTHER	STANFORD UNIVERSITY	NextSeq 500	SINGLE	other	GENOMIC	ILLUMINA	SAMN06554162	Melopsittacus undulatus	SRP101679	PRJNA378643	2017-07-04	458.0	149.0
SRR5332091	OTHER	STANFORD UNIVERSITY	NextSeq 500	SINGLE	other	GENOMIC	ILLUMINA	SAMN06554161	Melopsittacus undulatus	SRP101679	PRJNA378643	2017-07-04	614.0	149.0
SRR5332949	OTHER	STANFORD UNIVERSITY	NextSeq 500	SINGLE	other	GENOMIC	ILLUMINA	SAMN06554237	Melopsittacus undulatus	SRP101679	PRJNA378643	2017-07-04	552.0	148.0
SRR5332950	OTHER	STANFORD UNIVERSITY	NextSeq 500	SINGLE	other	GENOMIC	ILLUMINA	SAMN06554236	Melopsittacus undulatus	SRP101679	PRJNA378643	2017-07-04	612.0	148.0
SRR5332951	OTHER	STANFORD UNIVERSITY	NextSeq 500	SINGLE	other	GENOMIC	ILLUMINA	SAMN06554232	Melopsittacus undulatus	SRP101679	PRJNA378643	2017-07-04	509.0	148.0
SRR5332952	OTHER	STANFORD UNIVERSITY	NextSeq 500	SINGLE	other	GENOMIC	ILLUMINA	SAMN06554231	Melopsittacus undulatus	SRP101679	PRJNA378643	2017-07-04	899.0	149.0
SRR5332953	OTHER	STANFORD UNIVERSITY	NextSeq 500	SINGLE	other	GENOMIC	ILLUMINA	SAMN06554220	Melopsittacus undulatus	SRP101679	PRJNA378643	2017-07-04	587.0	148.0
SRR5332954	OTHER	STANFORD UNIVERSITY	NextSeq 500	SINGLE	other	GENOMIC	ILLUMINA	SAMN06554219	Melopsittacus undulatus	SRP101679	PRJNA378643	2017-07-04	565.0	148.0
SRR5332955	OTHER	STANFORD UNIVERSITY	NextSeq 500	SINGLE	other	GENOMIC	ILLUMINA	SAMN06554204	Melopsittacus undulatus	SRP101679	PRJNA378643	2017-07-04	692.0	148.0
SRR5332956	OTHER	STANFORD UNIVERSITY	NextSeq 500	SINGLE	other	GENOMIC	ILLUMINA	SAMN06554203	Melopsittacus undulatus	SRP101679	PRJNA378643	2017-07-04	537.0	148.0
SRR5332957	OTHER	STANFORD UNIVERSITY	NextSeq 500	SINGLE	other	GENOMIC	ILLUMINA	SAMN06554192	Melopsittacus undulatus	SRP101679	PRJNA378643	2017-07-04	748.0	147.0
SRR5332958	OTHER	STANFORD UNIVERSITY	NextSeq 500	SINGLE	other	GENOMIC	ILLUMINA	SAMN06554190	Melopsittacus undulatus	SRP101679	PRJNA378643	2017-07-04	224.0	144.0
SRR5332959	OTHER	STANFORD UNIVERSITY	NextSeq 500	SINGLE	other	GENOMIC	ILLUMINA	SAMN06554178	Melopsittacus undulatus	SRP101679	PRJNA378643	2017-07-04	632.0	148.0
SRR5332960	OTHER	STANFORD UNIVERSITY	NextSeq 500	SINGLE	other	GENOMIC	ILLUMINA	SAMN06554177	Melopsittacus undulatus	SRP101679	PRJNA378643	2017-07-04	608.0	148.0
SRR5332963	OTHER	STANFORD UNIVERSITY	NextSeq 500	SINGLE	other	GENOMIC	ILLUMINA	SAMN06554164	Melopsittacus undulatus	SRP101679	PRJNA378643	2017-07-04	614.0	148.0
SRR5332964	OTHER	STANFORD UNIVERSITY	NextSeq 500	SINGLE	other	GENOMIC	ILLUMINA	SAMN06554315	Melopsittacus undulatus	SRP101679	PRJNA378643	2017-07-04	734.0	148.0
SRR5332965	OTHER	STANFORD UNIVERSITY	NextSeq 500	SINGLE	other	GENOMIC	ILLUMINA	SAMN06554314	Melopsittacus undulatus	SRP101679	PRJNA378643	2017-07-04	693.0	148.0
SRR5332966	OTHER	STANFORD UNIVERSITY	NextSeq 500	SINGLE	other	GENOMIC	ILLUMINA	SAMN06554313	Melopsittacus undulatus	SRP101679	PRJNA378643	2017-07-04	624.0	148.0
SRR5332967	OTHER	STANFORD UNIVERSITY	NextSeq 500	SINGLE	other	GENOMIC	ILLUMINA	SAMN06554312	Melopsittacus undulatus	SRP101679	PRJNA378643	2017-07-04	1093.0	148.0
SRR5332968	OTHER	STANFORD UNIVERSITY	NextSeq 500	SINGLE	other	GENOMIC	ILLUMINA	SAMN06554311	Melopsittacus undulatus	SRP101679	PRJNA378643	2017-07-04	667.0	148.0
SRR5332969	OTHER	STANFORD UNIVERSITY	NextSeq 500	SINGLE	other	GENOMIC	ILLUMINA	SAMN06554310	Melopsittacus undulatus	SRP101679	PRJNA378643	2017-07-04	1078.0	148.0
SRR5332970	OTHER	STANFORD UNIVERSITY	NextSeq 500	SINGLE	other	GENOMIC	ILLUMINA	SAMN06554309	Melopsittacus undulatus	SRP101679	PRJNA378643	2017-07-04	529.0	148.0
SRR5332971	OTHER	STANFORD UNIVERSITY	NextSeq 500	SINGLE	other	GENOMIC	ILLUMINA	SAMN06554308	Melopsittacus undulatus	SRP101679	PRJNA378643	2017-07-04	617.0	148.0
SRR5332972	OTHER	STANFORD UNIVERSITY	NextSeq 500	SINGLE	other	GENOMIC	ILLUMINA	SAMN06554307	Melopsittacus undulatus	SRP101679	PRJNA378643	2017-07-04	751.0	148.0
SRR5332973	OTHER	STANFORD UNIVERSITY	NextSeq 500	SINGLE	other	GENOMIC	ILLUMINA	SAMN06554306	Melopsittacus undulatus	SRP101679	PRJNA378643	2017-07-04	851.0	148.0
SRR5332974	OTHER	STANFORD UNIVERSITY	NextSeq 500	SINGLE	other	GENOMIC	ILLUMINA	SAMN06554305	Melopsittacus undulatus	SRP101679	PRJNA378643	2017-07-04	644.0	148.0
SRR5332975	OTHER	STANFORD UNIVERSITY	NextSeq 500	SINGLE	other	GENOMIC	ILLUMINA	SAMN06554304	Melopsittacus undulatus	SRP101679	PRJNA378643	2017-07-04	562.0	148.0
SRR5332976	OTHER	STANFORD UNIVERSITY	NextSeq 500	SINGLE	other	GENOMIC	ILLUMINA	SAMN06554303	Melopsittacus undulatus	SRP101679	PRJNA378643	2017-07-04	593.0	148.0
SRR5332977	OTHER	STANFORD UNIVERSITY	NextSeq 500	SINGLE	other	GENOMIC	ILLUMINA	SAMN06554302	Melopsittacus undulatus	SRP101679	PRJNA378643	2017-07-04	502.0	148.0
SRR5332978	OTHER	STANFORD UNIVERSITY	NextSeq 500	SINGLE	other	GENOMIC	ILLUMINA	SAMN06554301	Melopsittacus undulatus	SRP101679	PRJNA378643	2017-07-04	677.0	148.0
SRR5332979	OTHER	STANFORD UNIVERSITY	NextSeq 500	SINGLE	other	GENOMIC	ILLUMINA	SAMN06554300	Melopsittacus undulatus	SRP101679	PRJNA378643	2017-07-04	919.0	148.0
SRR5332980	OTHER	STANFORD UNIVERSITY	NextSeq 500	SINGLE	other	GENOMIC	ILLUMINA	SAMN06554299	Melopsittacus undulatus	SRP101679	PRJNA378643	2017-07-04	642.0	148.0
SRR5332981	OTHER	STANFORD UNIVERSITY	NextSeq 500	SINGLE	other	GENOMIC	ILLUMINA	SAMN06554298	Melopsittacus undulatus	SRP101679	PRJNA378643	2017-07-04	732.0	148.0
SRR5332982	OTHER	STANFORD UNIVERSITY	NextSeq 500	SINGLE	other	GENOMIC	ILLUMINA	SAMN06554147	Melopsittacus undulatus	SRP101679	PRJNA378643	2017-07-04	733.0	148.0
SRR5332983	OTHER	STANFORD UNIVERSITY	NextSeq 500	SINGLE	other	GENOMIC	ILLUMINA	SAMN06554297	Melopsittacus undulatus	SRP101679	PRJNA378643	2017-07-04	566.0	147.0
SRR5332984	OTHER	STANFORD UNIVERSITY	NextSeq 500	SINGLE	other	GENOMIC	ILLUMINA	SAMN06554296	Melopsittacus undulatus	SRP101679	PRJNA378643	2017-07-04	465.0	147.0
SRR5332985	OTHER	STANFORD UNIVERSITY	NextSeq 500	SINGLE	other	GENOMIC	ILLUMINA	SAMN06554295	Melopsittacus undulatus	SRP101679	PRJNA378643	2017-07-04	607.0	147.0
SRR5332986	OTHER	STANFORD UNIVERSITY	NextSeq 500	SINGLE	other	GENOMIC	ILLUMINA	SAMN06554294	Melopsittacus undulatus	SRP101679	PRJNA378643	2017-07-04	738.0	148.0
SRR5332987	OTHER	STANFORD UNIVERSITY	NextSeq 500	SINGLE	other	GENOMIC	ILLUMINA	SAMN06554293	Melopsittacus undulatus	SRP101679	PRJNA378643	2017-07-04	626.0	147.0
SRR5332988	OTHER	STANFORD UNIVERSITY	NextSeq 500	SINGLE	other	GENOMIC	ILLUMINA	SAMN06554292	Melopsittacus undulatus	SRP101679	PRJNA378643	2017-07-04	542.0	148.0
SRR5332989	OTHER	STANFORD UNIVERSITY	NextSeq 500	SINGLE	other	GENOMIC	ILLUMINA	SAMN06554291	Melopsittacus undulatus	SRP101679	PRJNA378643	2017-07-04	646.0	148.0
SRR5332990	OTHER	STANFORD UNIVERSITY	NextSeq 500	SINGLE	other	GENOMIC	ILLUMINA	SAMN06554290	Melopsittacus undulatus	SRP101679	PRJNA378643	2017-07-04	478.0	148.0
SRR5332991	OTHER	STANFORD UNIVERSITY	NextSeq 500	SINGLE	other	GENOMIC	ILLUMINA	SAMN06554289	Melopsittacus undulatus	SRP101679	PRJNA378643	2017-07-04	566.0	147.0
SRR5332992	OTHER	STANFORD UNIVERSITY	NextSeq 500	SINGLE	other	GENOMIC	ILLUMINA	SAMN06554288	Melopsittacus undulatus	SRP101679	PRJNA378643	2017-07-04	1020.0	148.0
SRR5332993	OTHER	STANFORD UNIVERSITY	NextSeq 500	SINGLE	other	GENOMIC	ILLUMINA	SAMN06554146	Melopsittacus undulatus	SRP101679	PRJNA378643	2017-07-04	1123.0	149.0
SRR5332994	OTHER	STANFORD UNIVERSITY	NextSeq 500	SINGLE	other	GENOMIC	ILLUMINA	SAMN06554287	Melopsittacus undulatus	SRP101679	PRJNA378643	2017-07-04	545.0	148.0
SRR5332995	OTHER	STANFORD UNIVERSITY	NextSeq 500	SINGLE	other	GENOMIC	ILLUMINA	SAMN06554286	Melopsittacus undulatus	SRP101679	PRJNA378643	2017-07-04	604.0	148.0
SRR5332996	OTHER	STANFORD UNIVERSITY	NextSeq 500	SINGLE	other	GENOMIC	ILLUMINA	SAMN06554285	Melopsittacus undulatus	SRP101679	PRJNA378643	2017-07-04	506.0	148.0
SRR5332997	OTHER	STANFORD UNIVERSITY	NextSeq 500	SINGLE	other	GENOMIC	ILLUMINA	SAMN06554284	Melopsittacus undulatus	SRP101679	PRJNA378643	2017-07-04	634.0	148.0
SRR5332998	OTHER	STANFORD UNIVERSITY	NextSeq 500	SINGLE	other	GENOMIC	ILLUMINA	SAMN06554283	Melopsittacus undulatus	SRP101679	PRJNA378643	2017-07-04	584.0	147.0
SRR5332999	OTHER	STANFORD UNIVERSITY	NextSeq 500	SINGLE	other	GENOMIC	ILLUMINA	SAMN06554282	Melopsittacus undulatus	SRP101679	PRJNA378643	2017-07-04	686.0	149.0
SRR5333000	OTHER	STANFORD UNIVERSITY	NextSeq 500	SINGLE	other	GENOMIC	ILLUMINA	SAMN06554281	Melopsittacus undulatus	SRP101679	PRJNA378643	2017-07-04	423.0	148.0
SRR5333001	OTHER	STANFORD UNIVERSITY	NextSeq 500	SINGLE	other	GENOMIC	ILLUMINA	SAMN06554280	Melopsittacus undulatus	SRP101679	PRJNA378643	2017-07-04	587.0	148.0
SRR5333002	OTHER	STANFORD UNIVERSITY	NextSeq 500	SINGLE	other	GENOMIC	ILLUMINA	SAMN06554279	Melopsittacus undulatus	SRP101679	PRJNA378643	2017-07-04	639.0	148.0
SRR5333015	OTHER	STANFORD UNIVERSITY	NextSeq 500	SINGLE	other	GENOMIC	ILLUMINA	SAMN06554278	Melopsittacus undulatus	SRP101679	PRJNA378643	2017-07-04	525.0	148.0
SRR5333024	OTHER	STANFORD UNIVERSITY	NextSeq 500	SINGLE	other	GENOMIC	ILLUMINA	SAMN06554277	Melopsittacus undulatus	SRP101679	PRJNA378643	2017-07-04	486.0	147.0
SRR5333025	OTHER	STANFORD UNIVERSITY	NextSeq 500	SINGLE	other	GENOMIC	ILLUMINA	SAMN06554276	Melopsittacus undulatus	SRP101679	PRJNA378643	2017-07-04	698.0	148.0
SRR5333026	OTHER	STANFORD UNIVERSITY	NextSeq 500	SINGLE	other	GENOMIC	ILLUMINA	SAMN06554275	Melopsittacus undulatus	SRP101679	PRJNA378643	2017-07-04	519.0	148.0
SRR5333027	OTHER	STANFORD UNIVERSITY	NextSeq 500	SINGLE	other	GENOMIC	ILLUMINA	SAMN06554274	Melopsittacus undulatus	SRP101679	PRJNA378643	2017-07-04	403.0	148.0
SRR5333028	OTHER	STANFORD UNIVERSITY	NextSeq 500	SINGLE	other	GENOMIC	ILLUMINA	SAMN06554273	Melopsittacus undulatus	SRP101679	PRJNA378643	2017-07-04	313.0	148.0
SRR5333029	OTHER	STANFORD UNIVERSITY	NextSeq 500	SINGLE	other	GENOMIC	ILLUMINA	SAMN06554272	Melopsittacus undulatus	SRP101679	PRJNA378643	2017-07-04	459.0	148.0
SRR5333030	OTHER	STANFORD UNIVERSITY	NextSeq 500	SINGLE	other	GENOMIC	ILLUMINA	SAMN06554271	Melopsittacus undulatus	SRP101679	PRJNA378643	2017-07-04	773.0	149.0
SRR5333031	OTHER	STANFORD UNIVERSITY	NextSeq 500	SINGLE	other	GENOMIC	ILLUMINA	SAMN06554270	Melopsittacus undulatus	SRP101679	PRJNA378643	2017-07-04	668.0	148.0
SRR5333032	OTHER	STANFORD UNIVERSITY	NextSeq 500	SINGLE	other	GENOMIC	ILLUMINA	SAMN06554269	Melopsittacus undulatus	SRP101679	PRJNA378643	2017-07-04	431.0	147.0
SRR5333033	OTHER	STANFORD UNIVERSITY	NextSeq 500	SINGLE	other	GENOMIC	ILLUMINA	SAMN06554268	Melopsittacus undulatus	SRP101679	PRJNA378643	2017-07-04	488.0	147.0
SRR5333034	OTHER	STANFORD UNIVERSITY	NextSeq 500	SINGLE	other	GENOMIC	ILLUMINA	SAMN06554267	Melopsittacus undulatus	SRP101679	PRJNA378643	2017-07-04	468.0	146.0
SRR5333035	OTHER	STANFORD UNIVERSITY	NextSeq 500	SINGLE	other	GENOMIC	ILLUMINA	SAMN06554266	Melopsittacus undulatus	SRP101679	PRJNA378643	2017-07-04	359.0	146.0
SRR5333036	OTHER	STANFORD UNIVERSITY	NextSeq 500	SINGLE	other	GENOMIC	ILLUMINA	SAMN06554265	Melopsittacus undulatus	SRP101679	PRJNA378643	2017-07-04	528.0	147.0
SRR5333037	OTHER	STANFORD UNIVERSITY	NextSeq 500	SINGLE	other	GENOMIC	ILLUMINA	SAMN06554264	Melopsittacus undulatus	SRP101679	PRJNA378643	2017-07-04	806.0	148.0
SRR5333038	OTHER	STANFORD UNIVERSITY	NextSeq 500	SINGLE	other	GENOMIC	ILLUMINA	SAMN06554263	Melopsittacus undulatus	SRP101679	PRJNA378643	2017-07-04	484.0	147.0
SRR5333039	OTHER	STANFORD UNIVERSITY	NextSeq 500	SINGLE	other	GENOMIC	ILLUMINA	SAMN06554262	Melopsittacus undulatus	SRP101679	PRJNA378643	2017-07-04	578.0	148.0
SRR5333040	OTHER	STANFORD UNIVERSITY	NextSeq 500	SINGLE	other	GENOMIC	ILLUMINA	SAMN06554261	Melopsittacus undulatus	SRP101679	PRJNA378643	2017-07-04	290.0	147.0
SRR5333041	OTHER	STANFORD UNIVERSITY	NextSeq 500	SINGLE	other	GENOMIC	ILLUMINA	SAMN06554260	Melopsittacus undulatus	SRP101679	PRJNA378643	2017-07-04	336.0	146.0
SRR5333042	OTHER	STANFORD UNIVERSITY	NextSeq 500	SINGLE	other	GENOMIC	ILLUMINA	SAMN06554259	Melopsittacus undulatus	SRP101679	PRJNA378643	2017-07-04	503.0	148.0
SRR5333043	OTHER	STANFORD UNIVERSITY	NextSeq 500	SINGLE	other	GENOMIC	ILLUMINA	SAMN06554258	Melopsittacus undulatus	SRP101679	PRJNA378643	2017-07-04	808.0	149.0
SRR5333044	OTHER	STANFORD UNIVERSITY	NextSeq 500	SINGLE	other	GENOMIC	ILLUMINA	SAMN06554257	Melopsittacus undulatus	SRP101679	PRJNA378643	2017-07-04	587.0	149.0
SRR5333046	OTHER	STANFORD UNIVERSITY	NextSeq 500	SINGLE	other	GENOMIC	ILLUMINA	SAMN06554256	Melopsittacus undulatus	SRP101679	PRJNA378643	2017-07-04	604.0	148.0
SRR5333047	OTHER	STANFORD UNIVERSITY	NextSeq 500	SINGLE	other	GENOMIC	ILLUMINA	SAMN06554255	Melopsittacus undulatus	SRP101679	PRJNA378643	2017-07-04	702.0	148.0
SRR5333048	OTHER	STANFORD UNIVERSITY	NextSeq 500	SINGLE	other	GENOMIC	ILLUMINA	SAMN06554254	Melopsittacus undulatus	SRP101679	PRJNA378643	2017-07-04	387.0	146.0
SRR5333049	OTHER	STANFORD UNIVERSITY	NextSeq 500	SINGLE	other	GENOMIC	ILLUMINA	SAMN06554253	Melopsittacus undulatus	SRP101679	PRJNA378643	2017-07-04	774.0	148.0
SRR5333050	OTHER	STANFORD UNIVERSITY	NextSeq 500	SINGLE	other	GENOMIC	ILLUMINA	SAMN06554252	Melopsittacus undulatus	SRP101679	PRJNA378643	2017-07-04	874.0	148.0
SRR5333051	OTHER	STANFORD UNIVERSITY	NextSeq 500	SINGLE	other	GENOMIC	ILLUMINA	SAMN06554251	Melopsittacus undulatus	SRP101679	PRJNA378643	2017-07-04	510.0	148.0
SRR5333052	OTHER	STANFORD UNIVERSITY	NextSeq 500	SINGLE	other	GENOMIC	ILLUMINA	SAMN06554250	Melopsittacus undulatus	SRP101679	PRJNA378643	2017-07-04	526.0	148.0
SRR5333053	OTHER	STANFORD UNIVERSITY	NextSeq 500	SINGLE	other	GENOMIC	ILLUMINA	SAMN06554249	Melopsittacus undulatus	SRP101679	PRJNA378643	2017-07-04	397.0	148.0
SRR5333054	OTHER	STANFORD UNIVERSITY	NextSeq 500	SINGLE	other	GENOMIC	ILLUMINA	SAMN06554248	Melopsittacus undulatus	SRP101679	PRJNA378643	2017-07-04	526.0	148.0
SRR5333055	OTHER	STANFORD UNIVERSITY	NextSeq 500	SINGLE	other	GENOMIC	ILLUMINA	SAMN06554247	Melopsittacus undulatus	SRP101679	PRJNA378643	2017-07-04	488.0	148.0
SRR5333056	OTHER	STANFORD UNIVERSITY	NextSeq 500	SINGLE	other	GENOMIC	ILLUMINA	SAMN06554246	Melopsittacus undulatus	SRP101679	PRJNA378643	2017-07-04	781.0	149.0
SRR5333057	OTHER	STANFORD UNIVERSITY	NextSeq 500	SINGLE	other	GENOMIC	ILLUMINA	SAMN06554245	Melopsittacus undulatus	SRP101679	PRJNA378643	2017-07-04	426.0	147.0
SRR5333058	OTHER	STANFORD UNIVERSITY	NextSeq 500	SINGLE	other	GENOMIC	ILLUMINA	SAMN06554244	Melopsittacus undulatus	SRP101679	PRJNA378643	2017-07-04	458.0	148.0
SRR5333059	OTHER	STANFORD UNIVERSITY	NextSeq 500	SINGLE	other	GENOMIC	ILLUMINA	SAMN06554243	Melopsittacus undulatus	SRP101679	PRJNA378643	2017-07-04	536.0	146.0
SRR5333060	OTHER	STANFORD UNIVERSITY	NextSeq 500	SINGLE	other	GENOMIC	ILLUMINA	SAMN06554242	Melopsittacus undulatus	SRP101679	PRJNA378643	2017-07-04	572.0	148.0
SRR5333061	OTHER	STANFORD UNIVERSITY	NextSeq 500	SINGLE	other	GENOMIC	ILLUMINA	SAMN06554241	Melopsittacus undulatus	SRP101679	PRJNA378643	2017-07-04	690.0	147.0
SRR5333062	OTHER	STANFORD UNIVERSITY	NextSeq 500	SINGLE	other	GENOMIC	ILLUMINA	SAMN06554240	Melopsittacus undulatus	SRP101679	PRJNA378643	2017-07-04	943.0	148.0
SRR5333063	OTHER	STANFORD UNIVERSITY	NextSeq 500	SINGLE	other	GENOMIC	ILLUMINA	SAMN06554239	Melopsittacus undulatus	SRP101679	PRJNA378643	2017-07-04	514.0	148.0
SRR5333064	OTHER	STANFORD UNIVERSITY	NextSeq 500	SINGLE	other	GENOMIC	ILLUMINA	SAMN06554238	Melopsittacus undulatus	SRP101679	PRJNA378643	2017-07-04	646.0	148.0
SRR5333065	OTHER	STANFORD UNIVERSITY	NextSeq 500	SINGLE	other	GENOMIC	ILLUMINA	SAMN06554162	Melopsittacus undulatus	SRP101679	PRJNA378643	2017-07-04	645.0	149.0
SRR5333114	OTHER	STANFORD UNIVERSITY	NextSeq 500	SINGLE	other	GENOMIC	ILLUMINA	SAMN06554392	Melopsittacus undulatus	SRP101679	PRJNA378643	2017-07-04	729.0	147.0
SRR5333115	OTHER	STANFORD UNIVERSITY	NextSeq 500	SINGLE	other	GENOMIC	ILLUMINA	SAMN06554391	Melopsittacus undulatus	SRP101679	PRJNA378643	2017-07-04	768.0	147.0
SRR5333116	OTHER	STANFORD UNIVERSITY	NextSeq 500	SINGLE	other	GENOMIC	ILLUMINA	SAMN06554390	Melopsittacus undulatus	SRP101679	PRJNA378643	2017-07-04	693.0	147.0
SRR5333117	OTHER	STANFORD UNIVERSITY	NextSeq 500	SINGLE	other	GENOMIC	ILLUMINA	SAMN06554389	Melopsittacus undulatus	SRP101679	PRJNA378643	2017-07-04	837.0	148.0
SRR5333118	OTHER	STANFORD UNIVERSITY	NextSeq 500	SINGLE	other	GENOMIC	ILLUMINA	SAMN06554388	Melopsittacus undulatus	SRP101679	PRJNA378643	2017-07-04	908.0	148.0
SRR5333119	OTHER	STANFORD UNIVERSITY	NextSeq 500	SINGLE	other	GENOMIC	ILLUMINA	SAMN06554387	Melopsittacus undulatus	SRP101679	PRJNA378643	2017-07-04	829.0	148.0
SRR5333120	OTHER	STANFORD UNIVERSITY	NextSeq 500	SINGLE	other	GENOMIC	ILLUMINA	SAMN06554386	Melopsittacus undulatus	SRP101679	PRJNA378643	2017-07-04	832.0	147.0
SRR5333121	OTHER	STANFORD UNIVERSITY	NextSeq 500	SINGLE	other	GENOMIC	ILLUMINA	SAMN06554385	Melopsittacus undulatus	SRP101679	PRJNA378643	2017-07-04	821.0	147.0
SRR5333122	OTHER	STANFORD UNIVERSITY	NextSeq 500	SINGLE	other	GENOMIC	ILLUMINA	SAMN06554384	Melopsittacus undulatus	SRP101679	PRJNA378643	2017-07-04	475.0	147.0
SRR5333123	OTHER	STANFORD UNIVERSITY	NextSeq 500	SINGLE	other	GENOMIC	ILLUMINA	SAMN06554382	Melopsittacus undulatus	SRP101679	PRJNA378643	2017-07-04	573.0	148.0
SRR5333124	OTHER	STANFORD UNIVERSITY	NextSeq 500	SINGLE	other	GENOMIC	ILLUMINA	SAMN06554374	Melopsittacus undulatus	SRP101679	PRJNA378643	2017-07-04	583.0	146.0
SRR5333125	OTHER	STANFORD UNIVERSITY	NextSeq 500	SINGLE	other	GENOMIC	ILLUMINA	SAMN06554373	Melopsittacus undulatus	SRP101679	PRJNA378643	2017-07-04	715.0	146.0
SRR5333126	OTHER	STANFORD UNIVERSITY	NextSeq 500	SINGLE	other	GENOMIC	ILLUMINA	SAMN06554372	Melopsittacus undulatus	SRP101679	PRJNA378643	2017-07-04	791.0	146.0
SRR5333127	OTHER	STANFORD UNIVERSITY	NextSeq 500	SINGLE	other	GENOMIC	ILLUMINA	SAMN06554371	Melopsittacus undulatus	SRP101679	PRJNA378643	2017-07-04	613.0	146.0
SRR5333128	OTHER	STANFORD UNIVERSITY	NextSeq 500	SINGLE	other	GENOMIC	ILLUMINA	SAMN06554370	Melopsittacus undulatus	SRP101679	PRJNA378643	2017-07-04	833.0	147.0
SRR5333129	OTHER	STANFORD UNIVERSITY	NextSeq 500	SINGLE	other	GENOMIC	ILLUMINA	SAMN06554369	Melopsittacus undulatus	SRP101679	PRJNA378643	2017-07-04	696.0	146.0
SRR5333130	OTHER	STANFORD UNIVERSITY	NextSeq 500	SINGLE	other	GENOMIC	ILLUMINA	SAMN06554368	Melopsittacus undulatus	SRP101679	PRJNA378643	2017-07-04	759.0	146.0
SRR5333131	OTHER	STANFORD UNIVERSITY	NextSeq 500	SINGLE	other	GENOMIC	ILLUMINA	SAMN06554367	Melopsittacus undulatus	SRP101679	PRJNA378643	2017-07-04	634.0	144.0
SRR5333132	OTHER	STANFORD UNIVERSITY	NextSeq 500	SINGLE	other	GENOMIC	ILLUMINA	SAMN06554366	Melopsittacus undulatus	SRP101679	PRJNA378643	2017-07-04	548.0	146.0
SRR5333133	OTHER	STANFORD UNIVERSITY	NextSeq 500	SINGLE	other	GENOMIC	ILLUMINA	SAMN06554365	Melopsittacus undulatus	SRP101679	PRJNA378643	2017-07-04	752.0	146.0
SRR5333134	OTHER	STANFORD UNIVERSITY	NextSeq 500	SINGLE	other	GENOMIC	ILLUMINA	SAMN06554364	Melopsittacus undulatus	SRP101679	PRJNA378643	2017-07-04	541.0	147.0
SRR5333135	OTHER	STANFORD UNIVERSITY	NextSeq 500	SINGLE	other	GENOMIC	ILLUMINA	SAMN06554363	Melopsittacus undulatus	SRP101679	PRJNA378643	2017-07-04	616.0	146.0
SRR5333136	OTHER	STANFORD UNIVERSITY	NextSeq 500	SINGLE	other	GENOMIC	ILLUMINA	SAMN06554362	Melopsittacus undulatus	SRP101679	PRJNA378643	2017-07-04	742.0	146.0
SRR5333137	OTHER	STANFORD UNIVERSITY	NextSeq 500	SINGLE	other	GENOMIC	ILLUMINA	SAMN06554361	Melopsittacus undulatus	SRP101679	PRJNA378643	2017-07-04	715.0	146.0
SRR5333138	OTHER	STANFORD UNIVERSITY	NextSeq 500	SINGLE	other	GENOMIC	ILLUMINA	SAMN06554360	Melopsittacus undulatus	SRP101679	PRJNA378643	2017-07-04	673.0	147.0
SRR5333139	OTHER	STANFORD UNIVERSITY	NextSeq 500	SINGLE	other	GENOMIC	ILLUMINA	SAMN06554359	Melopsittacus undulatus	SRP101679	PRJNA378643	2017-07-04	710.0	145.0
SRR5333140	OTHER	STANFORD UNIVERSITY	NextSeq 500	SINGLE	other	GENOMIC	ILLUMINA	SAMN06554358	Melopsittacus undulatus	SRP101679	PRJNA378643	2017-07-04	665.0	145.0
SRR5333141	OTHER	STANFORD UNIVERSITY	NextSeq 500	SINGLE	other	GENOMIC	ILLUMINA	SAMN06554357	Melopsittacus undulatus	SRP101679	PRJNA378643	2017-07-04	642.0	147.0
SRR5333142	OTHER	STANFORD UNIVERSITY	NextSeq 500	SINGLE	other	GENOMIC	ILLUMINA	SAMN06554356	Melopsittacus undulatus	SRP101679	PRJNA378643	2017-07-04	802.0	147.0
SRR5333143	OTHER	STANFORD UNIVERSITY	NextSeq 500	SINGLE	other	GENOMIC	ILLUMINA	SAMN06554355	Melopsittacus undulatus	SRP101679	PRJNA378643	2017-07-04	692.0	146.0
SRR5333144	OTHER	STANFORD UNIVERSITY	NextSeq 500	SINGLE	other	GENOMIC	ILLUMINA	SAMN06554354	Melopsittacus undulatus	SRP101679	PRJNA378643	2017-07-04	602.0	145.0
SRR5333145	OTHER	STANFORD UNIVERSITY	NextSeq 500	SINGLE	other	GENOMIC	ILLUMINA	SAMN06554353	Melopsittacus undulatus	SRP101679	PRJNA378643	2017-07-04	723.0	146.0
SRR5333146	OTHER	STANFORD UNIVERSITY	NextSeq 500	SINGLE	other	GENOMIC	ILLUMINA	SAMN06554352	Melopsittacus undulatus	SRP101679	PRJNA378643	2017-07-04	562.0	144.0
SRR5333147	OTHER	STANFORD UNIVERSITY	NextSeq 500	SINGLE	other	GENOMIC	ILLUMINA	SAMN06554351	Melopsittacus undulatus	SRP101679	PRJNA378643	2017-07-04	602.0	145.0
SRR5333148	OTHER	STANFORD UNIVERSITY	NextSeq 500	SINGLE	other	GENOMIC	ILLUMINA	SAMN06554350	Melopsittacus undulatus	SRP101679	PRJNA378643	2017-07-04	717.0	147.0
SRR5333149	OTHER	STANFORD UNIVERSITY	NextSeq 500	SINGLE	other	GENOMIC	ILLUMINA	SAMN06554349	Melopsittacus undulatus	SRP101679	PRJNA378643	2017-07-04	676.0	146.0
SRR5333150	OTHER	STANFORD UNIVERSITY	NextSeq 500	SINGLE	other	GENOMIC	ILLUMINA	SAMN06554348	Melopsittacus undulatus	SRP101679	PRJNA378643	2017-07-04	612.0	146.0
SRR5333151	OTHER	STANFORD UNIVERSITY	NextSeq 500	SINGLE	other	GENOMIC	ILLUMINA	SAMN06554347	Melopsittacus undulatus	SRP101679	PRJNA378643	2017-07-04	631.0	145.0
SRR5333152	OTHER	STANFORD UNIVERSITY	NextSeq 500	SINGLE	other	GENOMIC	ILLUMINA	SAMN06554346	Melopsittacus undulatus	SRP101679	PRJNA378643	2017-07-04	773.0	146.0
SRR5333153	OTHER	STANFORD UNIVERSITY	NextSeq 500	SINGLE	other	GENOMIC	ILLUMINA	SAMN06554345	Melopsittacus undulatus	SRP101679	PRJNA378643	2017-07-04	702.0	147.0
SRR5333154	OTHER	STANFORD UNIVERSITY	NextSeq 500	SINGLE	other	GENOMIC	ILLUMINA	SAMN06554344	Melopsittacus undulatus	SRP101679	PRJNA378643	2017-07-04	859.0	147.0
SRR5333155	OTHER	STANFORD UNIVERSITY	NextSeq 500	SINGLE	other	GENOMIC	ILLUMINA	SAMN06554343	Melopsittacus undulatus	SRP101679	PRJNA378643	2017-07-04	680.0	147.0
SRR5333156	OTHER	STANFORD UNIVERSITY	NextSeq 500	SINGLE	other	GENOMIC	ILLUMINA	SAMN06554342	Melopsittacus undulatus	SRP101679	PRJNA378643	2017-07-04	643.0	147.0
SRR5333157	OTHER	STANFORD UNIVERSITY	NextSeq 500	SINGLE	other	GENOMIC	ILLUMINA	SAMN06554341	Melopsittacus undulatus	SRP101679	PRJNA378643	2017-07-04	687.0	147.0
SRR5333158	OTHER	STANFORD UNIVERSITY	NextSeq 500	SINGLE	other	GENOMIC	ILLUMINA	SAMN06554340	Melopsittacus undulatus	SRP101679	PRJNA378643	2017-07-04	771.0	147.0
SRR5333159	OTHER	STANFORD UNIVERSITY	NextSeq 500	SINGLE	other	GENOMIC	ILLUMINA	SAMN06554339	Melopsittacus undulatus	SRP101679	PRJNA378643	2017-07-04	814.0	147.0
SRR5333160	OTHER	STANFORD UNIVERSITY	NextSeq 500	SINGLE	other	GENOMIC	ILLUMINA	SAMN06554338	Melopsittacus undulatus	SRP101679	PRJNA378643	2017-07-04	808.0	147.0
SRR5333161	OTHER	STANFORD UNIVERSITY	NextSeq 500	SINGLE	other	GENOMIC	ILLUMINA	SAMN06554337	Melopsittacus undulatus	SRP101679	PRJNA378643	2017-07-04	781.0	147.0
SRR5333162	OTHER	STANFORD UNIVERSITY	NextSeq 500	SINGLE	other	GENOMIC	ILLUMINA	SAMN06554336	Melopsittacus undulatus	SRP101679	PRJNA378643	2017-07-04	815.0	147.0
SRR5333163	OTHER	STANFORD UNIVERSITY	NextSeq 500	SINGLE	other	GENOMIC	ILLUMINA	SAMN06554335	Melopsittacus undulatus	SRP101679	PRJNA378643	2017-07-04	874.0	147.0
SRR5333164	OTHER	STANFORD UNIVERSITY	NextSeq 500	SINGLE	other	GENOMIC	ILLUMINA	SAMN06554334	Melopsittacus undulatus	SRP101679	PRJNA378643	2017-07-04	751.0	147.0
SRR5333165	OTHER	STANFORD UNIVERSITY	NextSeq 500	SINGLE	other	GENOMIC	ILLUMINA	SAMN06554333	Melopsittacus undulatus	SRP101679	PRJNA378643	2017-07-04	821.0	147.0
SRR5333166	OTHER	STANFORD UNIVERSITY	NextSeq 500	SINGLE	other	GENOMIC	ILLUMINA	SAMN06554332	Melopsittacus undulatus	SRP101679	PRJNA378643	2017-07-04	680.0	147.0
SRR5333167	OTHER	STANFORD UNIVERSITY	NextSeq 500	SINGLE	other	GENOMIC	ILLUMINA	SAMN06554331	Melopsittacus undulatus	SRP101679	PRJNA378643	2017-07-04	572.0	147.0
SRR5333168	OTHER	STANFORD UNIVERSITY	NextSeq 500	SINGLE	other	GENOMIC	ILLUMINA	SAMN06554330	Melopsittacus undulatus	SRP101679	PRJNA378643	2017-07-04	950.0	147.0
SRR5333169	OTHER	STANFORD UNIVERSITY	NextSeq 500	SINGLE	other	GENOMIC	ILLUMINA	SAMN06554329	Melopsittacus undulatus	SRP101679	PRJNA378643	2017-07-04	771.0	147.0
SRR5333170	OTHER	STANFORD UNIVERSITY	NextSeq 500	SINGLE	other	GENOMIC	ILLUMINA	SAMN06554328	Melopsittacus undulatus	SRP101679	PRJNA378643	2017-07-04	797.0	148.0
SRR5333171	OTHER	STANFORD UNIVERSITY	NextSeq 500	SINGLE	other	GENOMIC	ILLUMINA	SAMN06554327	Melopsittacus undulatus	SRP101679	PRJNA378643	2017-07-04	747.0	147.0
SRR5333172	OTHER	STANFORD UNIVERSITY	NextSeq 500	SINGLE	other	GENOMIC	ILLUMINA	SAMN06554326	Melopsittacus undulatus	SRP101679	PRJNA378643	2017-07-04	785.0	148.0
SRR5333173	OTHER	STANFORD UNIVERSITY	NextSeq 500	SINGLE	other	GENOMIC	ILLUMINA	SAMN06554325	Melopsittacus undulatus	SRP101679	PRJNA378643	2017-07-04	844.0	148.0
SRR5333174	OTHER	STANFORD UNIVERSITY	NextSeq 500	SINGLE	other	GENOMIC	ILLUMINA	SAMN06554324	Melopsittacus undulatus	SRP101679	PRJNA378643	2017-07-04	762.0	148.0
SRR5333175	OTHER	STANFORD UNIVERSITY	NextSeq 500	SINGLE	other	GENOMIC	ILLUMINA	SAMN06554323	Melopsittacus undulatus	SRP101679	PRJNA378643	2017-07-04	847.0	148.0
SRR5333176	OTHER	STANFORD UNIVERSITY	NextSeq 500	SINGLE	other	GENOMIC	ILLUMINA	SAMN06554322	Melopsittacus undulatus	SRP101679	PRJNA378643	2017-07-04	600.0	145.0
SRR5333177	OTHER	STANFORD UNIVERSITY	NextSeq 500	SINGLE	other	GENOMIC	ILLUMINA	SAMN06554321	Melopsittacus undulatus	SRP101679	PRJNA378643	2017-07-04	694.0	146.0
SRR5333178	OTHER	STANFORD UNIVERSITY	NextSeq 500	SINGLE	other	GENOMIC	ILLUMINA	SAMN06554320	Melopsittacus undulatus	SRP101679	PRJNA378643	2017-07-04	737.0	147.0
SRR5333179	OTHER	STANFORD UNIVERSITY	NextSeq 500	SINGLE	other	GENOMIC	ILLUMINA	SAMN06554319	Melopsittacus undulatus	SRP101679	PRJNA378643	2017-07-04	703.0	146.0
SRR5333180	OTHER	STANFORD UNIVERSITY	NextSeq 500	SINGLE	other	GENOMIC	ILLUMINA	SAMN06554318	Melopsittacus undulatus	SRP101679	PRJNA378643	2017-07-04	546.0	142.0
SRR5333181	OTHER	STANFORD UNIVERSITY	NextSeq 500	SINGLE	other	GENOMIC	ILLUMINA	SAMN06554317	Melopsittacus undulatus	SRP101679	PRJNA378643	2017-07-04	649.0	145.0
SRR5333182	OTHER	STANFORD UNIVERSITY	NextSeq 500	SINGLE	other	GENOMIC	ILLUMINA	SAMN06554316	Melopsittacus undulatus	SRP101679	PRJNA378643	2017-07-04	630.0	145.0
SRR5335804	OTHER	STANFORD UNIVERSITY	NextSeq 500	SINGLE	other	GENOMIC	ILLUMINA	SAMN06554404	Melopsittacus undulatus	SRP101679	PRJNA378643	2017-07-04	1419.0	148.0
SRR5335805	OTHER	STANFORD UNIVERSITY	NextSeq 500	SINGLE	other	GENOMIC	ILLUMINA	SAMN06554403	Melopsittacus undulatus	SRP101679	PRJNA378643	2017-07-04	1763.0	148.0
SRR5335806	OTHER	STANFORD UNIVERSITY	NextSeq 500	SINGLE	other	GENOMIC	ILLUMINA	SAMN06554402	Melopsittacus undulatus	SRP101679	PRJNA378643	2017-07-04	1499.0	148.0
SRR5335807	OTHER	STANFORD UNIVERSITY	NextSeq 500	SINGLE	other	GENOMIC	ILLUMINA	SAMN06554401	Melopsittacus undulatus	SRP101679	PRJNA378643	2017-07-04	1535.0	148.0
SRR5335808	OTHER	STANFORD UNIVERSITY	NextSeq 500	SINGLE	other	GENOMIC	ILLUMINA	SAMN06554400	Melopsittacus undulatus	SRP101679	PRJNA378643	2017-07-04	1627.0	148.0
SRR5335809	OTHER	STANFORD UNIVERSITY	NextSeq 500	SINGLE	other	GENOMIC	ILLUMINA	SAMN06554399	Melopsittacus undulatus	SRP101679	PRJNA378643	2017-07-04	1460.0	148.0
SRR5335810	OTHER	STANFORD UNIVERSITY	NextSeq 500	SINGLE	other	GENOMIC	ILLUMINA	SAMN06554398	Melopsittacus undulatus	SRP101679	PRJNA378643	2017-07-04	1975.0	148.0
SRR5335811	OTHER	STANFORD UNIVERSITY	NextSeq 500	SINGLE	other	GENOMIC	ILLUMINA	SAMN06554397	Melopsittacus undulatus	SRP101679	PRJNA378643	2017-07-04	1129.0	147.0
SRR5335812	OTHER	STANFORD UNIVERSITY	NextSeq 500	SINGLE	other	GENOMIC	ILLUMINA	SAMN06554396	Melopsittacus undulatus	SRP101679	PRJNA378643	2017-07-04	1376.0	148.0
SRR5335813	OTHER	STANFORD UNIVERSITY	NextSeq 500	SINGLE	other	GENOMIC	ILLUMINA	SAMN06554395	Melopsittacus undulatus	SRP101679	PRJNA378643	2017-07-04	1328.0	148.0
SRR5335814	OTHER	STANFORD UNIVERSITY	NextSeq 500	SINGLE	other	GENOMIC	ILLUMINA	SAMN06554394	Melopsittacus undulatus	SRP101679	PRJNA378643	2017-07-04	1434.0	148.0
SRR5335815	OTHER	STANFORD UNIVERSITY	NextSeq 500	SINGLE	other	GENOMIC	ILLUMINA	SAMN06554393	Melopsittacus undulatus	SRP101679	PRJNA378643	2017-07-04	1890.0	149.0
SRR5335816	OTHER	STANFORD UNIVERSITY	NextSeq 500	SINGLE	other	GENOMIC	ILLUMINA	SAMN06554383	Melopsittacus undulatus	SRP101679	PRJNA378643	2017-07-04	1504.0	148.0
SRR5335817	OTHER	STANFORD UNIVERSITY	NextSeq 500	SINGLE	other	GENOMIC	ILLUMINA	SAMN06554381	Melopsittacus undulatus	SRP101679	PRJNA378643	2017-07-04	1347.0	148.0
SRR5336227	RNA-Seq	STANFORD UNIVERSITY	NextSeq 500	PAIRED	cDNA	TRANSCRIPTOMIC	ILLUMINA	SAMN06555323	Melopsittacus undulatus	SRP101679	PRJNA378643	2017-07-04	7898.0	297.0
SRR5336228	RNA-Seq	STANFORD UNIVERSITY	NextSeq 500	PAIRED	cDNA	TRANSCRIPTOMIC	ILLUMINA	SAMN06555321	Melopsittacus undulatus	SRP101679	PRJNA378643	2017-07-04	8000.0	293.0
SRR5336543	RNA-Seq	STANFORD UNIVERSITY	NextSeq 500	PAIRED	cDNA	TRANSCRIPTOMIC	ILLUMINA	SAMN06555322	Melopsittacus undulatus	SRP101679	PRJNA378643	2017-07-04	3208.0	150.0
SRR5336544	RNA-Seq	STANFORD UNIVERSITY	NextSeq 500	PAIRED	cDNA	TRANSCRIPTOMIC	ILLUMINA	SAMN06555327	Melopsittacus undulatus	SRP101679	PRJNA378643	2017-07-04	5133.0	150.0
SRR5336545	RNA-Seq	STANFORD UNIVERSITY	NextSeq 500	PAIRED	cDNA	TRANSCRIPTOMIC	ILLUMINA	SAMN06555326	Melopsittacus undulatus	SRP101679	PRJNA378643	2017-07-04	3854.0	150.0
SRR5336546	RNA-Seq	STANFORD UNIVERSITY	NextSeq 500	PAIRED	cDNA	TRANSCRIPTOMIC	ILLUMINA	SAMN06555325	Melopsittacus undulatus	SRP101679	PRJNA378643	2017-07-04	4541.0	150.0
SRR5336547	RNA-Seq	STANFORD UNIVERSITY	NextSeq 500	PAIRED	cDNA	TRANSCRIPTOMIC	ILLUMINA	SAMN06555324	Melopsittacus undulatus	SRP101679	PRJNA378643	2017-07-04	5271.0	150.0
SRR5664259	miRNA-Seq	ANHUI NORMAL UNIVERSITY	Illumina HiSeq 2500	SINGLE	size fractionation	TRANSCRIPTOMIC	ILLUMINA	SAMN07192701	Melopsittacus undulatus	SRP108892	PRJNA389231	2018-04-04	325.0	51.0
SRR5664260	miRNA-Seq	ANHUI NORMAL UNIVERSITY	Illumina HiSeq 2500	SINGLE	size fractionation	TRANSCRIPTOMIC	ILLUMINA	SAMN07192700	Melopsittacus undulatus	SRP108892	PRJNA389231	2018-04-04	468.0	51.0
SRR8591027	WGS	AMNH	Illumina HiSeq 3000	PAIRED	Hybrid Selection	GENOMIC	ILLUMINA	SAMN10331409	Melopsittacus undulatus	SRP186257	PRJNA498485	2019-02-28	351.0	186.0
SRR17211441	RNA-Seq	CHARLES UNIVERSITY, FACULTY OF SCIENCE	NextSeq 500	PAIRED	PolyA	TRANSCRIPTOMIC	ILLUMINA	SAMN23963146	Melopsittacus undulatus	SRP350453	PRJNA788332	2021-12-13	15106.0	160.0
SRR21034930	WGS	IRIDIAN GENOMES	HiSeq X Ten	PAIRED	RANDOM	GENOMIC	ILLUMINA	SAMN18865398	Melopsittacus undulatus	SRP391968	PRJNA703802	2022-08-13	34073.0	300.0
SRR21563626	RNA-Seq	CHARLES UNIVERSITY	Illumina HiSeq 2500	SINGLE	Oligo-dT	TRANSCRIPTOMIC	ILLUMINA	SAMN30822349	Melopsittacus undulatus	SRP397069	PRJNA879979	2022-09-14	704.0	84.0
SRR21563630	RNA-Seq	CHARLES UNIVERSITY	Illumina HiSeq 2500	SINGLE	Oligo-dT	TRANSCRIPTOMIC	ILLUMINA	SAMN30822345	Melopsittacus undulatus	SRP397069	PRJNA879979	2022-09-14	755.0	84.0
SRR21563631	RNA-Seq	CHARLES UNIVERSITY	Illumina HiSeq 2500	SINGLE	Oligo-dT	TRANSCRIPTOMIC	ILLUMINA	SAMN30822344	Melopsittacus undulatus	SRP397069	PRJNA879979	2022-09-14	752.0	84.0
SRR21563635	RNA-Seq	CHARLES UNIVERSITY	Illumina HiSeq 2500	SINGLE	Oligo-dT	TRANSCRIPTOMIC	ILLUMINA	SAMN30822341	Melopsittacus undulatus	SRP397069	PRJNA879979	2022-09-14	697.0	84.0
SRR21563646	RNA-Seq	CHARLES UNIVERSITY	Illumina HiSeq 2500	SINGLE	Oligo-dT	TRANSCRIPTOMIC	ILLUMINA	SAMN30822331	Melopsittacus undulatus	SRP397069	PRJNA879979	2022-09-14	775.0	84.0
SRR21563670	RNA-Seq	CHARLES UNIVERSITY	Illumina HiSeq 2500	SINGLE	Oligo-dT	TRANSCRIPTOMIC	ILLUMINA	SAMN30822309	Melopsittacus undulatus	SRP397069	PRJNA879979	2022-09-14	762.0	84.0
SRR21563675	RNA-Seq	CHARLES UNIVERSITY	Illumina HiSeq 2500	SINGLE	Oligo-dT	TRANSCRIPTOMIC	ILLUMINA	SAMN30822304	Melopsittacus undulatus	SRP397069	PRJNA879979	2022-09-14	767.0	84.0
SRR21563621	RNA-Seq	CHARLES UNIVERSITY	Illumina HiSeq 2500	SINGLE	Oligo-dT	TRANSCRIPTOMIC	ILLUMINA	SAMN30822301	Melopsittacus undulatus	SRP397069	PRJNA879979	2022-09-15	911.0	84.0
SRR21563622	RNA-Seq	CHARLES UNIVERSITY	Illumina HiSeq 2500	SINGLE	Oligo-dT	TRANSCRIPTOMIC	ILLUMINA	SAMN30822300	Melopsittacus undulatus	SRP397069	PRJNA879979	2022-09-15	1026.0	84.0
SRR21563623	RNA-Seq	CHARLES UNIVERSITY	Illumina HiSeq 2500	SINGLE	Oligo-dT	TRANSCRIPTOMIC	ILLUMINA	SAMN30822299	Melopsittacus undulatus	SRP397069	PRJNA879979	2022-09-15	1067.0	84.0
SRR21563624	RNA-Seq	CHARLES UNIVERSITY	Illumina HiSeq 2500	SINGLE	Oligo-dT	TRANSCRIPTOMIC	ILLUMINA	SAMN30822298	Melopsittacus undulatus	SRP397069	PRJNA879979	2022-09-15	1291.0	75.0
SRR21563625	RNA-Seq	CHARLES UNIVERSITY	Illumina HiSeq 2500	SINGLE	Oligo-dT	TRANSCRIPTOMIC	ILLUMINA	SAMN30822350	Melopsittacus undulatus	SRP397069	PRJNA879979	2022-09-15	1155.0	75.0
SRR21563627	RNA-Seq	CHARLES UNIVERSITY	Illumina HiSeq 2500	SINGLE	Oligo-dT	TRANSCRIPTOMIC	ILLUMINA	SAMN30822348	Melopsittacus undulatus	SRP397069	PRJNA879979	2022-09-15	867.0	84.0
SRR21563628	RNA-Seq	CHARLES UNIVERSITY	Illumina HiSeq 2500	SINGLE	Oligo-dT	TRANSCRIPTOMIC	ILLUMINA	SAMN30822347	Melopsittacus undulatus	SRP397069	PRJNA879979	2022-09-15	675.0	84.0
SRR21563629	RNA-Seq	CHARLES UNIVERSITY	Illumina HiSeq 2500	SINGLE	Oligo-dT	TRANSCRIPTOMIC	ILLUMINA	SAMN30822346	Melopsittacus undulatus	SRP397069	PRJNA879979	2022-09-15	1127.0	84.0
SRR21563632	RNA-Seq	CHARLES UNIVERSITY	Illumina HiSeq 2500	SINGLE	Oligo-dT	TRANSCRIPTOMIC	ILLUMINA	SAMN30822343	Melopsittacus undulatus	SRP397069	PRJNA879979	2022-09-15	770.0	84.0
SRR21563633	RNA-Seq	CHARLES UNIVERSITY	Illumina HiSeq 2500	SINGLE	Oligo-dT	TRANSCRIPTOMIC	ILLUMINA	SAMN30822342	Melopsittacus undulatus	SRP397069	PRJNA879979	2022-09-15	1112.0	84.0
SRR21563634	RNA-Seq	CHARLES UNIVERSITY	Illumina HiSeq 2500	SINGLE	Oligo-dT	TRANSCRIPTOMIC	ILLUMINA	SAMN30822297	Melopsittacus undulatus	SRP397069	PRJNA879979	2022-09-15	840.0	75.0
SRR21563636	RNA-Seq	CHARLES UNIVERSITY	Illumina HiSeq 2500	SINGLE	Oligo-dT	TRANSCRIPTOMIC	ILLUMINA	SAMN30822340	Melopsittacus undulatus	SRP397069	PRJNA879979	2022-09-15	897.0	84.0
SRR21563637	RNA-Seq	CHARLES UNIVERSITY	Illumina HiSeq 2500	SINGLE	Oligo-dT	TRANSCRIPTOMIC	ILLUMINA	SAMN30822339	Melopsittacus undulatus	SRP397069	PRJNA879979	2022-09-15	743.0	84.0
SRR21563638	RNA-Seq	CHARLES UNIVERSITY	Illumina HiSeq 2500	SINGLE	Oligo-dT	TRANSCRIPTOMIC	ILLUMINA	SAMN30822338	Melopsittacus undulatus	SRP397069	PRJNA879979	2022-09-15	1103.0	84.0
SRR21563639	RNA-Seq	CHARLES UNIVERSITY	Illumina HiSeq 2500	SINGLE	Oligo-dT	TRANSCRIPTOMIC	ILLUMINA	SAMN30822337	Melopsittacus undulatus	SRP397069	PRJNA879979	2022-09-15	855.0	84.0
SRR21563640	RNA-Seq	CHARLES UNIVERSITY	Illumina HiSeq 2500	SINGLE	Oligo-dT	TRANSCRIPTOMIC	ILLUMINA	SAMN30822336	Melopsittacus undulatus	SRP397069	PRJNA879979	2022-09-15	896.0	84.0
SRR21563641	RNA-Seq	CHARLES UNIVERSITY	Illumina HiSeq 2500	SINGLE	Oligo-dT	TRANSCRIPTOMIC	ILLUMINA	SAMN30822335	Melopsittacus undulatus	SRP397069	PRJNA879979	2022-09-15	930.0	84.0
SRR21563642	RNA-Seq	CHARLES UNIVERSITY	Illumina HiSeq 2500	SINGLE	Oligo-dT	TRANSCRIPTOMIC	ILLUMINA	SAMN30822334	Melopsittacus undulatus	SRP397069	PRJNA879979	2022-09-15	1057.0	84.0
SRR21563643	RNA-Seq	CHARLES UNIVERSITY	Illumina HiSeq 2500	SINGLE	Oligo-dT	TRANSCRIPTOMIC	ILLUMINA	SAMN30822333	Melopsittacus undulatus	SRP397069	PRJNA879979	2022-09-15	920.0	84.0
SRR21563644	RNA-Seq	CHARLES UNIVERSITY	Illumina HiSeq 2500	SINGLE	Oligo-dT	TRANSCRIPTOMIC	ILLUMINA	SAMN30822332	Melopsittacus undulatus	SRP397069	PRJNA879979	2022-09-15	745.0	84.0
SRR21563645	RNA-Seq	CHARLES UNIVERSITY	Illumina HiSeq 2500	SINGLE	Oligo-dT	TRANSCRIPTOMIC	ILLUMINA	SAMN30822296	Melopsittacus undulatus	SRP397069	PRJNA879979	2022-09-15	873.0	84.0
SRR21563647	RNA-Seq	CHARLES UNIVERSITY	Illumina HiSeq 2500	SINGLE	Oligo-dT	TRANSCRIPTOMIC	ILLUMINA	SAMN30822330	Melopsittacus undulatus	SRP397069	PRJNA879979	2022-09-15	922.0	84.0
SRR21563648	RNA-Seq	CHARLES UNIVERSITY	Illumina HiSeq 2500	SINGLE	Oligo-dT	TRANSCRIPTOMIC	ILLUMINA	SAMN30822329	Melopsittacus undulatus	SRP397069	PRJNA879979	2022-09-15	782.0	84.0
SRR21563649	RNA-Seq	CHARLES UNIVERSITY	Illumina HiSeq 2500	SINGLE	Oligo-dT	TRANSCRIPTOMIC	ILLUMINA	SAMN30822328	Melopsittacus undulatus	SRP397069	PRJNA879979	2022-09-15	820.0	84.0
SRR21563650	RNA-Seq	CHARLES UNIVERSITY	Illumina HiSeq 2500	SINGLE	Oligo-dT	TRANSCRIPTOMIC	ILLUMINA	SAMN30822327	Melopsittacus undulatus	SRP397069	PRJNA879979	2022-09-15	752.0	84.0
SRR21563651	RNA-Seq	CHARLES UNIVERSITY	Illumina HiSeq 2500	SINGLE	Oligo-dT	TRANSCRIPTOMIC	ILLUMINA	SAMN30822326	Melopsittacus undulatus	SRP397069	PRJNA879979	2022-09-15	925.0	84.0
SRR21563652	RNA-Seq	CHARLES UNIVERSITY	Illumina HiSeq 2500	SINGLE	Oligo-dT	TRANSCRIPTOMIC	ILLUMINA	SAMN30822325	Melopsittacus undulatus	SRP397069	PRJNA879979	2022-09-15	892.0	84.0
SRR21563653	RNA-Seq	CHARLES UNIVERSITY	Illumina HiSeq 2500	SINGLE	Oligo-dT	TRANSCRIPTOMIC	ILLUMINA	SAMN30822324	Melopsittacus undulatus	SRP397069	PRJNA879979	2022-09-15	941.0	84.0
SRR21563654	RNA-Seq	CHARLES UNIVERSITY	Illumina HiSeq 2500	SINGLE	Oligo-dT	TRANSCRIPTOMIC	ILLUMINA	SAMN30822323	Melopsittacus undulatus	SRP397069	PRJNA879979	2022-09-15	876.0	84.0
SRR21563655	RNA-Seq	CHARLES UNIVERSITY	Illumina HiSeq 2500	SINGLE	Oligo-dT	TRANSCRIPTOMIC	ILLUMINA	SAMN30822322	Melopsittacus undulatus	SRP397069	PRJNA879979	2022-09-15	848.0	84.0
SRR21563656	RNA-Seq	CHARLES UNIVERSITY	Illumina HiSeq 2500	SINGLE	Oligo-dT	TRANSCRIPTOMIC	ILLUMINA	SAMN30822295	Melopsittacus undulatus	SRP397069	PRJNA879979	2022-09-15	1116.0	84.0
SRR21563657	RNA-Seq	CHARLES UNIVERSITY	Illumina HiSeq 2500	SINGLE	Oligo-dT	TRANSCRIPTOMIC	ILLUMINA	SAMN30822321	Melopsittacus undulatus	SRP397069	PRJNA879979	2022-09-15	836.0	84.0
SRR21563658	RNA-Seq	CHARLES UNIVERSITY	Illumina HiSeq 2500	SINGLE	Oligo-dT	TRANSCRIPTOMIC	ILLUMINA	SAMN30822320	Melopsittacus undulatus	SRP397069	PRJNA879979	2022-09-15	892.0	84.0
SRR21563659	RNA-Seq	CHARLES UNIVERSITY	Illumina HiSeq 2500	SINGLE	Oligo-dT	TRANSCRIPTOMIC	ILLUMINA	SAMN30822319	Melopsittacus undulatus	SRP397069	PRJNA879979	2022-09-15	882.0	84.0
SRR21563660	RNA-Seq	CHARLES UNIVERSITY	Illumina HiSeq 2500	SINGLE	Oligo-dT	TRANSCRIPTOMIC	ILLUMINA	SAMN30822318	Melopsittacus undulatus	SRP397069	PRJNA879979	2022-09-15	1033.0	84.0
SRR21563661	RNA-Seq	CHARLES UNIVERSITY	Illumina HiSeq 2500	SINGLE	Oligo-dT	TRANSCRIPTOMIC	ILLUMINA	SAMN30822317	Melopsittacus undulatus	SRP397069	PRJNA879979	2022-09-15	880.0	84.0
SRR21563662	RNA-Seq	CHARLES UNIVERSITY	Illumina HiSeq 2500	SINGLE	Oligo-dT	TRANSCRIPTOMIC	ILLUMINA	SAMN30822316	Melopsittacus undulatus	SRP397069	PRJNA879979	2022-09-15	867.0	84.0
SRR21563663	RNA-Seq	CHARLES UNIVERSITY	Illumina HiSeq 2500	SINGLE	Oligo-dT	TRANSCRIPTOMIC	ILLUMINA	SAMN30822315	Melopsittacus undulatus	SRP397069	PRJNA879979	2022-09-15	854.0	84.0
SRR21563664	RNA-Seq	CHARLES UNIVERSITY	Illumina HiSeq 2500	SINGLE	Oligo-dT	TRANSCRIPTOMIC	ILLUMINA	SAMN30822314	Melopsittacus undulatus	SRP397069	PRJNA879979	2022-09-15	617.0	75.0
SRR21563665	RNA-Seq	CHARLES UNIVERSITY	Illumina HiSeq 2500	SINGLE	Oligo-dT	TRANSCRIPTOMIC	ILLUMINA	SAMN30822313	Melopsittacus undulatus	SRP397069	PRJNA879979	2022-09-15	755.0	84.0
SRR21563666	RNA-Seq	CHARLES UNIVERSITY	Illumina HiSeq 2500	SINGLE	Oligo-dT	TRANSCRIPTOMIC	ILLUMINA	SAMN30822312	Melopsittacus undulatus	SRP397069	PRJNA879979	2022-09-15	845.0	84.0
SRR21563667	RNA-Seq	CHARLES UNIVERSITY	Illumina HiSeq 2500	SINGLE	Oligo-dT	TRANSCRIPTOMIC	ILLUMINA	SAMN30822294	Melopsittacus undulatus	SRP397069	PRJNA879979	2022-09-15	581.0	75.0
SRR21563668	RNA-Seq	CHARLES UNIVERSITY	Illumina HiSeq 2500	SINGLE	Oligo-dT	TRANSCRIPTOMIC	ILLUMINA	SAMN30822311	Melopsittacus undulatus	SRP397069	PRJNA879979	2022-09-15	712.0	84.0
SRR21563669	RNA-Seq	CHARLES UNIVERSITY	Illumina HiSeq 2500	SINGLE	Oligo-dT	TRANSCRIPTOMIC	ILLUMINA	SAMN30822310	Melopsittacus undulatus	SRP397069	PRJNA879979	2022-09-15	690.0	84.0
SRR21563671	RNA-Seq	CHARLES UNIVERSITY	Illumina HiSeq 2500	SINGLE	Oligo-dT	TRANSCRIPTOMIC	ILLUMINA	SAMN30822308	Melopsittacus undulatus	SRP397069	PRJNA879979	2022-09-15	808.0	84.0
SRR21563672	RNA-Seq	CHARLES UNIVERSITY	Illumina HiSeq 2500	SINGLE	Oligo-dT	TRANSCRIPTOMIC	ILLUMINA	SAMN30822307	Melopsittacus undulatus	SRP397069	PRJNA879979	2022-09-15	743.0	84.0
SRR21563673	RNA-Seq	CHARLES UNIVERSITY	Illumina HiSeq 2500	SINGLE	Oligo-dT	TRANSCRIPTOMIC	ILLUMINA	SAMN30822306	Melopsittacus undulatus	SRP397069	PRJNA879979	2022-09-15	873.0	84.0
SRR21563674	RNA-Seq	CHARLES UNIVERSITY	Illumina HiSeq 2500	SINGLE	Oligo-dT	TRANSCRIPTOMIC	ILLUMINA	SAMN30822305	Melopsittacus undulatus	SRP397069	PRJNA879979	2022-09-15	915.0	84.0
SRR21563676	RNA-Seq	CHARLES UNIVERSITY	Illumina HiSeq 2500	SINGLE	Oligo-dT	TRANSCRIPTOMIC	ILLUMINA	SAMN30822303	Melopsittacus undulatus	SRP397069	PRJNA879979	2022-09-15	784.0	84.0
SRR21563677	RNA-Seq	CHARLES UNIVERSITY	Illumina HiSeq 2500	SINGLE	Oligo-dT	TRANSCRIPTOMIC	ILLUMINA	SAMN30822302	Melopsittacus undulatus	SRP397069	PRJNA879979	2022-09-15	1118.0	84.0
SRR21563678	RNA-Seq	CHARLES UNIVERSITY	Illumina HiSeq 2500	SINGLE	Oligo-dT	TRANSCRIPTOMIC	ILLUMINA	SAMN30822293	Melopsittacus undulatus	SRP397069	PRJNA879979	2022-09-15	1219.0	84.0
SRR21563679	RNA-Seq	CHARLES UNIVERSITY	Illumina HiSeq 2500	SINGLE	Oligo-dT	TRANSCRIPTOMIC	ILLUMINA	SAMN30822292	Melopsittacus undulatus	SRP397069	PRJNA879979	2022-09-15	897.0	84.0
SRR13483673	WGS	AMNH	HiSeq X Ten	PAIRED	Hybrid Selection	GENOMIC	ILLUMINA	SAMN17062597	Melopsittacus undulatus	SRP302372	PRJNA692616	2023-03-27	388.0	198.0
SRR25727920	WGS	G10K	Sequel II	SINGLE	size fractionation	GENOMIC	PACBIO_SMRT	SAMN12623090	Melopsittacus undulatus	SRP456367	PRJNA1008102	2023-08-22	8063.0	21961.0
SRR25727921	WGS	G10K	Sequel II	SINGLE	size fractionation	GENOMIC	PACBIO_SMRT	SAMN12623090	Melopsittacus undulatus	SRP456367	PRJNA1008102	2023-08-22	7443.0	13567.0
SRR25727922	WGS	G10K	Sequel II	SINGLE	size fractionation	GENOMIC	PACBIO_SMRT	SAMN12623090	Melopsittacus undulatus	SRP456367	PRJNA1008102	2023-08-22	8821.0	13958.0
SRR25727923	WGS	G10K	Sequel II	SINGLE	size fractionation	GENOMIC	PACBIO_SMRT	SAMN12623090	Melopsittacus undulatus	SRP456367	PRJNA1008102	2023-08-22	7239.0	19729.0
SRR25727924	WGS	G10K	Sequel II	SINGLE	size fractionation	GENOMIC	PACBIO_SMRT	SAMN12623090	Melopsittacus undulatus	SRP456367	PRJNA1008102	2023-08-22	5520.0	18189.0
SRR25727925	Hi-C	G10K	Illumina NovaSeq 6000	PAIRED	Restriction Digest	GENOMIC	ILLUMINA	SAMN12623090	Melopsittacus undulatus	SRP456367	PRJNA1008102	2023-08-22	104410.0	300.0
SRR25727926	WGS	G10K	Illumina NovaSeq 6000	PAIRED	RANDOM	GENOMIC	ILLUMINA	SAMN12623090	Melopsittacus undulatus	SRP456367	PRJNA1008102	2023-08-22	20930.0	302.0
SRR25727927	WGS	G10K	Illumina NovaSeq 6000	PAIRED	RANDOM	GENOMIC	ILLUMINA	SAMN12623090	Melopsittacus undulatus	SRP456367	PRJNA1008102	2023-08-22	16774.0	302.0
SRR25727928	WGS	G10K	Sequel II	SINGLE	size fractionation	GENOMIC	PACBIO_SMRT	SAMN12623090	Melopsittacus undulatus	SRP456367	PRJNA1008102	2023-08-22	9245.0	19635.0
SRR25727929	WGS	G10K	Sequel II	SINGLE	size fractionation	GENOMIC	PACBIO_SMRT	SAMN12623090	Melopsittacus undulatus	SRP456367	PRJNA1008102	2023-08-22	9686.0	20259.0
SRR25727930	WGS	G10K	Sequel II	SINGLE	size fractionation	GENOMIC	PACBIO_SMRT	SAMN12623090	Melopsittacus undulatus	SRP456367	PRJNA1008102	2023-08-22	8816.0	19633.0
SRR25727931	WGS	G10K	Sequel II	SINGLE	size fractionation	GENOMIC	PACBIO_SMRT	SAMN12623090	Melopsittacus undulatus	SRP456367	PRJNA1008102	2023-08-22	10516.0	20882.0
SRR25727932	WGS	G10K	Illumina NovaSeq 6000	PAIRED	RANDOM	GENOMIC	ILLUMINA	SAMN12623090	Melopsittacus undulatus	SRP456367	PRJNA1008102	2023-08-22	36933.0	302.0
SRR25727933	WGS	G10K	Illumina NovaSeq 6000	PAIRED	RANDOM	GENOMIC	ILLUMINA	SAMN12623090	Melopsittacus undulatus	SRP456367	PRJNA1008102	2023-08-22	22528.0	302.0
SRR26115668	OTHER	CIBIO/BIOPOLIS	Illumina NovaSeq 6000	PAIRED	RANDOM	OTHER	ILLUMINA	SAMN37474747	Melopsittacus undulatus	SRP445679	PRJNA986688	2024-11-12	10888.0	124.0
SRR26115669	OTHER	CIBIO/BIOPOLIS	Illumina NovaSeq 6000	PAIRED	RANDOM	OTHER	ILLUMINA	SAMN37474747	Melopsittacus undulatus	SRP445679	PRJNA986688	2024-11-12	13782.0	124.0
SRR26115670	OTHER	CIBIO/BIOPOLIS	Illumina NovaSeq 6000	PAIRED	RANDOM	TRANSCRIPTOMIC SINGLE CELL	ILLUMINA	SAMN37474746	Melopsittacus undulatus	SRP445679	PRJNA986688	2024-11-12	14820.0	138.0
SRR26115671	OTHER	CIBIO/BIOPOLIS	Illumina NovaSeq 6000	PAIRED	RANDOM	TRANSCRIPTOMIC SINGLE CELL	ILLUMINA	SAMN37474746	Melopsittacus undulatus	SRP445679	PRJNA986688	2024-11-12	14963.0	138.0
SRR33656129	AMPLICON	SICHUAN AGRICULTURAL UNIVERSITY	HiSeq X Ten	PAIRED	PCR	METAGENOMIC	ILLUMINA	SAMN48628644	Melopsittacus undulatus	SRP586826	PRJNA1094658	2025-05-21	36.0	439.0
SRR33656134	AMPLICON	SICHUAN AGRICULTURAL UNIVERSITY	HiSeq X Ten	PAIRED	PCR	METAGENOMIC	ILLUMINA	SAMN48628720	Melopsittacus undulatus	SRP586826	PRJNA1094658	2025-05-21	48.0	457.0
SRR33656135	AMPLICON	SICHUAN AGRICULTURAL UNIVERSITY	HiSeq X Ten	PAIRED	PCR	METAGENOMIC	ILLUMINA	SAMN48628719	Melopsittacus undulatus	SRP586826	PRJNA1094658	2025-05-21	48.0	457.0
SRR33656136	AMPLICON	SICHUAN AGRICULTURAL UNIVERSITY	HiSeq X Ten	PAIRED	PCR	METAGENOMIC	ILLUMINA	SAMN48628718	Melopsittacus undulatus	SRP586826	PRJNA1094658	2025-05-21	46.0	448.0
SRR33656137	AMPLICON	SICHUAN AGRICULTURAL UNIVERSITY	HiSeq X Ten	PAIRED	PCR	METAGENOMIC	ILLUMINA	SAMN48628717	Melopsittacus undulatus	SRP586826	PRJNA1094658	2025-05-21	46.0	448.0
SRR33656138	AMPLICON	SICHUAN AGRICULTURAL UNIVERSITY	HiSeq X Ten	PAIRED	PCR	METAGENOMIC	ILLUMINA	SAMN48628716	Melopsittacus undulatus	SRP586826	PRJNA1094658	2025-05-21	53.0	449.0
SRR33656139	AMPLICON	SICHUAN AGRICULTURAL UNIVERSITY	HiSeq X Ten	PAIRED	PCR	METAGENOMIC	ILLUMINA	SAMN48628715	Melopsittacus undulatus	SRP586826	PRJNA1094658	2025-05-21	47.0	449.0
SRR33656140	AMPLICON	SICHUAN AGRICULTURAL UNIVERSITY	HiSeq X Ten	PAIRED	PCR	METAGENOMIC	ILLUMINA	SAMN48628643	Melopsittacus undulatus	SRP586826	PRJNA1094658	2025-05-21	37.0	439.0
SRR33656141	AMPLICON	SICHUAN AGRICULTURAL UNIVERSITY	HiSeq X Ten	PAIRED	PCR	METAGENOMIC	ILLUMINA	SAMN48628714	Melopsittacus undulatus	SRP586826	PRJNA1094658	2025-05-21	52.0	449.0
SRR33656142	AMPLICON	SICHUAN AGRICULTURAL UNIVERSITY	HiSeq X Ten	PAIRED	PCR	METAGENOMIC	ILLUMINA	SAMN48628713	Melopsittacus undulatus	SRP586826	PRJNA1094658	2025-05-21	46.0	448.0
SRR33656143	AMPLICON	SICHUAN AGRICULTURAL UNIVERSITY	HiSeq X Ten	PAIRED	PCR	METAGENOMIC	ILLUMINA	SAMN48628712	Melopsittacus undulatus	SRP586826	PRJNA1094658	2025-05-21	47.0	448.0
SRR33656144	AMPLICON	SICHUAN AGRICULTURAL UNIVERSITY	HiSeq X Ten	PAIRED	PCR	METAGENOMIC	ILLUMINA	SAMN48628711	Melopsittacus undulatus	SRP586826	PRJNA1094658	2025-05-21	46.0	446.0
SRR33656145	AMPLICON	SICHUAN AGRICULTURAL UNIVERSITY	HiSeq X Ten	PAIRED	PCR	METAGENOMIC	ILLUMINA	SAMN48628710	Melopsittacus undulatus	SRP586826	PRJNA1094658	2025-05-21	46.0	446.0
SRR33656146	AMPLICON	SICHUAN AGRICULTURAL UNIVERSITY	HiSeq X Ten	PAIRED	PCR	METAGENOMIC	ILLUMINA	SAMN48628709	Melopsittacus undulatus	SRP586826	PRJNA1094658	2025-05-21	52.0	447.0
SRR33656147	AMPLICON	SICHUAN AGRICULTURAL UNIVERSITY	HiSeq X Ten	PAIRED	PCR	METAGENOMIC	ILLUMINA	SAMN48628708	Melopsittacus undulatus	SRP586826	PRJNA1094658	2025-05-21	45.0	444.0
SRR33656148	AMPLICON	SICHUAN AGRICULTURAL UNIVERSITY	HiSeq X Ten	PAIRED	PCR	METAGENOMIC	ILLUMINA	SAMN48628707	Melopsittacus undulatus	SRP586826	PRJNA1094658	2025-05-21	45.0	448.0
SRR33656149	AMPLICON	SICHUAN AGRICULTURAL UNIVERSITY	HiSeq X Ten	PAIRED	PCR	METAGENOMIC	ILLUMINA	SAMN48628706	Melopsittacus undulatus	SRP586826	PRJNA1094658	2025-05-21	45.0	441.0
SRR33656150	AMPLICON	SICHUAN AGRICULTURAL UNIVERSITY	HiSeq X Ten	PAIRED	PCR	METAGENOMIC	ILLUMINA	SAMN48628705	Melopsittacus undulatus	SRP586826	PRJNA1094658	2025-05-21	45.0	441.0
SRR33656151	AMPLICON	SICHUAN AGRICULTURAL UNIVERSITY	HiSeq X Ten	PAIRED	PCR	METAGENOMIC	ILLUMINA	SAMN48628642	Melopsittacus undulatus	SRP586826	PRJNA1094658	2025-05-21	34.0	384.0
SRR33656152	AMPLICON	SICHUAN AGRICULTURAL UNIVERSITY	HiSeq X Ten	PAIRED	PCR	METAGENOMIC	ILLUMINA	SAMN48628704	Melopsittacus undulatus	SRP586826	PRJNA1094658	2025-05-21	47.0	446.0
SRR33656153	AMPLICON	SICHUAN AGRICULTURAL UNIVERSITY	HiSeq X Ten	PAIRED	PCR	METAGENOMIC	ILLUMINA	SAMN48628703	Melopsittacus undulatus	SRP586826	PRJNA1094658	2025-05-21	52.0	446.0
SRR33656154	AMPLICON	SICHUAN AGRICULTURAL UNIVERSITY	HiSeq X Ten	PAIRED	PCR	METAGENOMIC	ILLUMINA	SAMN48628702	Melopsittacus undulatus	SRP586826	PRJNA1094658	2025-05-21	37.0	446.0
SRR33656155	AMPLICON	SICHUAN AGRICULTURAL UNIVERSITY	HiSeq X Ten	PAIRED	PCR	METAGENOMIC	ILLUMINA	SAMN48628701	Melopsittacus undulatus	SRP586826	PRJNA1094658	2025-05-21	38.0	446.0
SRR33656156	AMPLICON	SICHUAN AGRICULTURAL UNIVERSITY	HiSeq X Ten	PAIRED	PCR	METAGENOMIC	ILLUMINA	SAMN48628700	Melopsittacus undulatus	SRP586826	PRJNA1094658	2025-05-21	47.0	446.0
SRR33656157	AMPLICON	SICHUAN AGRICULTURAL UNIVERSITY	HiSeq X Ten	PAIRED	PCR	METAGENOMIC	ILLUMINA	SAMN48628699	Melopsittacus undulatus	SRP586826	PRJNA1094658	2025-05-21	46.0	446.0
SRR33656158	AMPLICON	SICHUAN AGRICULTURAL UNIVERSITY	HiSeq X Ten	PAIRED	PCR	METAGENOMIC	ILLUMINA	SAMN48628698	Melopsittacus undulatus	SRP586826	PRJNA1094658	2025-05-21	50.0	446.0
SRR33656159	AMPLICON	SICHUAN AGRICULTURAL UNIVERSITY	HiSeq X Ten	PAIRED	PCR	METAGENOMIC	ILLUMINA	SAMN48628697	Melopsittacus undulatus	SRP586826	PRJNA1094658	2025-05-21	46.0	446.0
SRR33656160	AMPLICON	SICHUAN AGRICULTURAL UNIVERSITY	HiSeq X Ten	PAIRED	PCR	METAGENOMIC	ILLUMINA	SAMN48628696	Melopsittacus undulatus	SRP586826	PRJNA1094658	2025-05-21	46.0	446.0
SRR33656161	AMPLICON	SICHUAN AGRICULTURAL UNIVERSITY	HiSeq X Ten	PAIRED	PCR	METAGENOMIC	ILLUMINA	SAMN48628695	Melopsittacus undulatus	SRP586826	PRJNA1094658	2025-05-21	44.0	446.0
SRR33656162	AMPLICON	SICHUAN AGRICULTURAL UNIVERSITY	HiSeq X Ten	PAIRED	PCR	METAGENOMIC	ILLUMINA	SAMN48628641	Melopsittacus undulatus	SRP586826	PRJNA1094658	2025-05-21	38.0	439.0
SRR33656163	AMPLICON	SICHUAN AGRICULTURAL UNIVERSITY	HiSeq X Ten	PAIRED	PCR	METAGENOMIC	ILLUMINA	SAMN48628694	Melopsittacus undulatus	SRP586826	PRJNA1094658	2025-05-21	45.0	446.0
SRR33656164	AMPLICON	SICHUAN AGRICULTURAL UNIVERSITY	HiSeq X Ten	PAIRED	PCR	METAGENOMIC	ILLUMINA	SAMN48628693	Melopsittacus undulatus	SRP586826	PRJNA1094658	2025-05-21	47.0	446.0
SRR33656165	AMPLICON	SICHUAN AGRICULTURAL UNIVERSITY	HiSeq X Ten	PAIRED	PCR	METAGENOMIC	ILLUMINA	SAMN48628692	Melopsittacus undulatus	SRP586826	PRJNA1094658	2025-05-21	69.0	446.0
SRR33656166	AMPLICON	SICHUAN AGRICULTURAL UNIVERSITY	HiSeq X Ten	PAIRED	PCR	METAGENOMIC	ILLUMINA	SAMN48628691	Melopsittacus undulatus	SRP586826	PRJNA1094658	2025-05-21	31.0	446.0
SRR33656167	AMPLICON	SICHUAN AGRICULTURAL UNIVERSITY	HiSeq X Ten	PAIRED	PCR	METAGENOMIC	ILLUMINA	SAMN48628690	Melopsittacus undulatus	SRP586826	PRJNA1094658	2025-05-21	47.0	446.0
SRR33656168	AMPLICON	SICHUAN AGRICULTURAL UNIVERSITY	HiSeq X Ten	PAIRED	PCR	METAGENOMIC	ILLUMINA	SAMN48628689	Melopsittacus undulatus	SRP586826	PRJNA1094658	2025-05-21	26.0	446.0
SRR33656169	AMPLICON	SICHUAN AGRICULTURAL UNIVERSITY	HiSeq X Ten	PAIRED	PCR	METAGENOMIC	ILLUMINA	SAMN48628688	Melopsittacus undulatus	SRP586826	PRJNA1094658	2025-05-21	44.0	446.0
SRR33656170	AMPLICON	SICHUAN AGRICULTURAL UNIVERSITY	HiSeq X Ten	PAIRED	PCR	METAGENOMIC	ILLUMINA	SAMN48628687	Melopsittacus undulatus	SRP586826	PRJNA1094658	2025-05-21	46.0	446.0
SRR33656171	AMPLICON	SICHUAN AGRICULTURAL UNIVERSITY	HiSeq X Ten	PAIRED	PCR	METAGENOMIC	ILLUMINA	SAMN48628686	Melopsittacus undulatus	SRP586826	PRJNA1094658	2025-05-21	52.0	446.0
SRR33656172	AMPLICON	SICHUAN AGRICULTURAL UNIVERSITY	HiSeq X Ten	PAIRED	PCR	METAGENOMIC	ILLUMINA	SAMN48628685	Melopsittacus undulatus	SRP586826	PRJNA1094658	2025-05-21	45.0	446.0
SRR33656173	AMPLICON	SICHUAN AGRICULTURAL UNIVERSITY	HiSeq X Ten	PAIRED	PCR	METAGENOMIC	ILLUMINA	SAMN48628640	Melopsittacus undulatus	SRP586826	PRJNA1094658	2025-05-21	31.0	407.0
SRR33656174	AMPLICON	SICHUAN AGRICULTURAL UNIVERSITY	HiSeq X Ten	PAIRED	PCR	METAGENOMIC	ILLUMINA	SAMN48628684	Melopsittacus undulatus	SRP586826	PRJNA1094658	2025-05-21	46.0	446.0
SRR33656175	AMPLICON	SICHUAN AGRICULTURAL UNIVERSITY	HiSeq X Ten	PAIRED	PCR	METAGENOMIC	ILLUMINA	SAMN48628683	Melopsittacus undulatus	SRP586826	PRJNA1094658	2025-05-21	47.0	446.0
SRR33656184	AMPLICON	SICHUAN AGRICULTURAL UNIVERSITY	HiSeq X Ten	PAIRED	PCR	METAGENOMIC	ILLUMINA	SAMN48628639	Melopsittacus undulatus	SRP586826	PRJNA1094658	2025-05-21	37.0	437.0
SRR33656195	AMPLICON	SICHUAN AGRICULTURAL UNIVERSITY	HiSeq X Ten	PAIRED	PCR	METAGENOMIC	ILLUMINA	SAMN48628638	Melopsittacus undulatus	SRP586826	PRJNA1094658	2025-05-21	25.0	437.0
SRR33656202	AMPLICON	SICHUAN AGRICULTURAL UNIVERSITY	HiSeq X Ten	PAIRED	PCR	METAGENOMIC	ILLUMINA	SAMN48628658	Melopsittacus undulatus	SRP586826	PRJNA1094658	2025-05-21	38.0	439.0
SRR33656203	AMPLICON	SICHUAN AGRICULTURAL UNIVERSITY	HiSeq X Ten	PAIRED	PCR	METAGENOMIC	ILLUMINA	SAMN48628657	Melopsittacus undulatus	SRP586826	PRJNA1094658	2025-05-21	36.0	439.0
SRR33656204	AMPLICON	SICHUAN AGRICULTURAL UNIVERSITY	HiSeq X Ten	PAIRED	PCR	METAGENOMIC	ILLUMINA	SAMN48628656	Melopsittacus undulatus	SRP586826	PRJNA1094658	2025-05-21	38.0	439.0
SRR33656205	AMPLICON	SICHUAN AGRICULTURAL UNIVERSITY	HiSeq X Ten	PAIRED	PCR	METAGENOMIC	ILLUMINA	SAMN48628655	Melopsittacus undulatus	SRP586826	PRJNA1094658	2025-05-21	38.0	439.0
SRR33656206	AMPLICON	SICHUAN AGRICULTURAL UNIVERSITY	HiSeq X Ten	PAIRED	PCR	METAGENOMIC	ILLUMINA	SAMN48628637	Melopsittacus undulatus	SRP586826	PRJNA1094658	2025-05-21	36.0	439.0
SRR33656207	AMPLICON	SICHUAN AGRICULTURAL UNIVERSITY	HiSeq X Ten	PAIRED	PCR	METAGENOMIC	ILLUMINA	SAMN48628654	Melopsittacus undulatus	SRP586826	PRJNA1094658	2025-05-21	36.0	439.0
SRR33656208	AMPLICON	SICHUAN AGRICULTURAL UNIVERSITY	HiSeq X Ten	PAIRED	PCR	METAGENOMIC	ILLUMINA	SAMN48628653	Melopsittacus undulatus	SRP586826	PRJNA1094658	2025-05-21	36.0	439.0
SRR33656209	AMPLICON	SICHUAN AGRICULTURAL UNIVERSITY	HiSeq X Ten	PAIRED	PCR	METAGENOMIC	ILLUMINA	SAMN48628652	Melopsittacus undulatus	SRP586826	PRJNA1094658	2025-05-21	24.0	436.0
SRR33656210	AMPLICON	SICHUAN AGRICULTURAL UNIVERSITY	HiSeq X Ten	PAIRED	PCR	METAGENOMIC	ILLUMINA	SAMN48628651	Melopsittacus undulatus	SRP586826	PRJNA1094658	2025-05-21	37.0	438.0
SRR33656211	AMPLICON	SICHUAN AGRICULTURAL UNIVERSITY	HiSeq X Ten	PAIRED	PCR	METAGENOMIC	ILLUMINA	SAMN48628650	Melopsittacus undulatus	SRP586826	PRJNA1094658	2025-05-21	37.0	439.0
SRR33656212	AMPLICON	SICHUAN AGRICULTURAL UNIVERSITY	HiSeq X Ten	PAIRED	PCR	METAGENOMIC	ILLUMINA	SAMN48628649	Melopsittacus undulatus	SRP586826	PRJNA1094658	2025-05-21	37.0	439.0
SRR33656213	AMPLICON	SICHUAN AGRICULTURAL UNIVERSITY	HiSeq X Ten	PAIRED	PCR	METAGENOMIC	ILLUMINA	SAMN48628648	Melopsittacus undulatus	SRP586826	PRJNA1094658	2025-05-21	39.0	439.0
SRR33656214	AMPLICON	SICHUAN AGRICULTURAL UNIVERSITY	HiSeq X Ten	PAIRED	PCR	METAGENOMIC	ILLUMINA	SAMN48628647	Melopsittacus undulatus	SRP586826	PRJNA1094658	2025-05-21	37.0	439.0
SRR33656215	AMPLICON	SICHUAN AGRICULTURAL UNIVERSITY	HiSeq X Ten	PAIRED	PCR	METAGENOMIC	ILLUMINA	SAMN48628646	Melopsittacus undulatus	SRP586826	PRJNA1094658	2025-05-21	38.0	439.0
SRR33656226	AMPLICON	SICHUAN AGRICULTURAL UNIVERSITY	HiSeq X Ten	PAIRED	PCR	METAGENOMIC	ILLUMINA	SAMN48628645	Melopsittacus undulatus	SRP586826	PRJNA1094658	2025-05-21	39.0	439.0
SRR33656227	AMPLICON	SICHUAN AGRICULTURAL UNIVERSITY	HiSeq X Ten	PAIRED	PCR	METAGENOMIC	ILLUMINA	SAMN48628636	Melopsittacus undulatus	SRP586826	PRJNA1094658	2025-05-21	30.0	438.0
SRR33656228	AMPLICON	SICHUAN AGRICULTURAL UNIVERSITY	HiSeq X Ten	PAIRED	PCR	METAGENOMIC	ILLUMINA	SAMN48628635	Melopsittacus undulatus	SRP586826	PRJNA1094658	2025-05-21	36.0	439.0
SRR33665801	RNA-Seq	SICHUAN AGRICULTURAL UNIVERSITY	HiSeq X Ten	PAIRED	PolyA	TRANSCRIPTOMIC	ILLUMINA	SAMN48628572	Melopsittacus undulatus	SRP586826	PRJNA1094658	2025-05-22	7112.0	300.0
SRR33665802	RNA-Seq	SICHUAN AGRICULTURAL UNIVERSITY	HiSeq X Ten	PAIRED	PolyA	TRANSCRIPTOMIC	ILLUMINA	SAMN48628571	Melopsittacus undulatus	SRP586826	PRJNA1094658	2025-05-22	11523.0	300.0
SRR33665803	RNA-Seq	SICHUAN AGRICULTURAL UNIVERSITY	HiSeq X Ten	PAIRED	PolyA	TRANSCRIPTOMIC	ILLUMINA	SAMN48628570	Melopsittacus undulatus	SRP586826	PRJNA1094658	2025-05-22	14054.0	300.0
SRR33665804	RNA-Seq	SICHUAN AGRICULTURAL UNIVERSITY	HiSeq X Ten	PAIRED	PolyA	TRANSCRIPTOMIC	ILLUMINA	SAMN48628569	Melopsittacus undulatus	SRP586826	PRJNA1094658	2025-05-22	12453.0	300.0
SRR33665809	RNA-Seq	SICHUAN AGRICULTURAL UNIVERSITY	HiSeq X Ten	PAIRED	PolyA	TRANSCRIPTOMIC	ILLUMINA	SAMN48628586	Melopsittacus undulatus	SRP586826	PRJNA1094658	2025-05-22	12930.0	300.0
SRR33665810	RNA-Seq	SICHUAN AGRICULTURAL UNIVERSITY	HiSeq X Ten	PAIRED	PolyA	TRANSCRIPTOMIC	ILLUMINA	SAMN48628585	Melopsittacus undulatus	SRP586826	PRJNA1094658	2025-05-22	13931.0	300.0
SRR33665811	RNA-Seq	SICHUAN AGRICULTURAL UNIVERSITY	HiSeq X Ten	PAIRED	PolyA	TRANSCRIPTOMIC	ILLUMINA	SAMN48628584	Melopsittacus undulatus	SRP586826	PRJNA1094658	2025-05-22	19195.0	300.0
SRR33665812	RNA-Seq	SICHUAN AGRICULTURAL UNIVERSITY	HiSeq X Ten	PAIRED	PolyA	TRANSCRIPTOMIC	ILLUMINA	SAMN48628583	Melopsittacus undulatus	SRP586826	PRJNA1094658	2025-05-22	17476.0	300.0
SRR33665813	RNA-Seq	SICHUAN AGRICULTURAL UNIVERSITY	HiSeq X Ten	PAIRED	PolyA	TRANSCRIPTOMIC	ILLUMINA	SAMN48628582	Melopsittacus undulatus	SRP586826	PRJNA1094658	2025-05-22	9305.0	300.0
SRR33665814	RNA-Seq	SICHUAN AGRICULTURAL UNIVERSITY	HiSeq X Ten	PAIRED	PolyA	TRANSCRIPTOMIC	ILLUMINA	SAMN48628581	Melopsittacus undulatus	SRP586826	PRJNA1094658	2025-05-22	15973.0	300.0
SRR33665815	RNA-Seq	SICHUAN AGRICULTURAL UNIVERSITY	HiSeq X Ten	PAIRED	PolyA	TRANSCRIPTOMIC	ILLUMINA	SAMN48628574	Melopsittacus undulatus	SRP586826	PRJNA1094658	2025-05-22	13155.0	300.0
SRR33665816	RNA-Seq	SICHUAN AGRICULTURAL UNIVERSITY	HiSeq X Ten	PAIRED	PolyA	TRANSCRIPTOMIC	ILLUMINA	SAMN48628573	Melopsittacus undulatus	SRP586826	PRJNA1094658	2025-05-22	16373.0	300.0
SRR33674818	RNA-Seq	SICHUAN AGRICULTURAL UNIVERSITY	HiSeq X Ten	PAIRED	PolyA	TRANSCRIPTOMIC	ILLUMINA	SAMN48628602	Melopsittacus undulatus	SRP586826	PRJNA1094658	2025-05-23	7695.0	300.0
SRR33674819	RNA-Seq	SICHUAN AGRICULTURAL UNIVERSITY	HiSeq X Ten	PAIRED	PolyA	TRANSCRIPTOMIC	ILLUMINA	SAMN48628601	Melopsittacus undulatus	SRP586826	PRJNA1094658	2025-05-23	6678.0	300.0
SRR33674820	RNA-Seq	SICHUAN AGRICULTURAL UNIVERSITY	HiSeq X Ten	PAIRED	PolyA	TRANSCRIPTOMIC	ILLUMINA	SAMN48628600	Melopsittacus undulatus	SRP586826	PRJNA1094658	2025-05-23	6989.0	300.0
SRR33674821	RNA-Seq	SICHUAN AGRICULTURAL UNIVERSITY	HiSeq X Ten	PAIRED	PolyA	TRANSCRIPTOMIC	ILLUMINA	SAMN48628599	Melopsittacus undulatus	SRP586826	PRJNA1094658	2025-05-23	6440.0	300.0
SRR33674822	RNA-Seq	SICHUAN AGRICULTURAL UNIVERSITY	HiSeq X Ten	PAIRED	PolyA	TRANSCRIPTOMIC	ILLUMINA	SAMN48628598	Melopsittacus undulatus	SRP586826	PRJNA1094658	2025-05-23	7357.0	300.0
SRR33674823	RNA-Seq	SICHUAN AGRICULTURAL UNIVERSITY	HiSeq X Ten	PAIRED	PolyA	TRANSCRIPTOMIC	ILLUMINA	SAMN48628597	Melopsittacus undulatus	SRP586826	PRJNA1094658	2025-05-23	6452.0	300.0
SRR33674824	RNA-Seq	SICHUAN AGRICULTURAL UNIVERSITY	HiSeq X Ten	PAIRED	PolyA	TRANSCRIPTOMIC	ILLUMINA	SAMN48628596	Melopsittacus undulatus	SRP586826	PRJNA1094658	2025-05-23	6423.0	300.0
SRR33674825	RNA-Seq	SICHUAN AGRICULTURAL UNIVERSITY	HiSeq X Ten	PAIRED	PolyA	TRANSCRIPTOMIC	ILLUMINA	SAMN48628634	Melopsittacus undulatus	SRP586826	PRJNA1094658	2025-05-23	7451.0	300.0
SRR33674826	RNA-Seq	SICHUAN AGRICULTURAL UNIVERSITY	HiSeq X Ten	PAIRED	PolyA	TRANSCRIPTOMIC	ILLUMINA	SAMN48628634	Melopsittacus undulatus	SRP586826	PRJNA1094658	2025-05-23	6677.0	300.0
SRR33674827	RNA-Seq	SICHUAN AGRICULTURAL UNIVERSITY	HiSeq X Ten	PAIRED	PolyA	TRANSCRIPTOMIC	ILLUMINA	SAMN48628633	Melopsittacus undulatus	SRP586826	PRJNA1094658	2025-05-23	6736.0	300.0
SRR33674828	RNA-Seq	SICHUAN AGRICULTURAL UNIVERSITY	HiSeq X Ten	PAIRED	PolyA	TRANSCRIPTOMIC	ILLUMINA	SAMN48628632	Melopsittacus undulatus	SRP586826	PRJNA1094658	2025-05-23	7091.0	300.0
SRR33674829	RNA-Seq	SICHUAN AGRICULTURAL UNIVERSITY	HiSeq X Ten	PAIRED	PolyA	TRANSCRIPTOMIC	ILLUMINA	SAMN48628631	Melopsittacus undulatus	SRP586826	PRJNA1094658	2025-05-23	7147.0	300.0
SRR33674830	RNA-Seq	SICHUAN AGRICULTURAL UNIVERSITY	HiSeq X Ten	PAIRED	PolyA	TRANSCRIPTOMIC	ILLUMINA	SAMN48628630	Melopsittacus undulatus	SRP586826	PRJNA1094658	2025-05-23	6600.0	300.0
SRR33674831	RNA-Seq	SICHUAN AGRICULTURAL UNIVERSITY	HiSeq X Ten	PAIRED	PolyA	TRANSCRIPTOMIC	ILLUMINA	SAMN48628595	Melopsittacus undulatus	SRP586826	PRJNA1094658	2025-05-23	6057.0	300.0
SRR33674832	RNA-Seq	SICHUAN AGRICULTURAL UNIVERSITY	HiSeq X Ten	PAIRED	PolyA	TRANSCRIPTOMIC	ILLUMINA	SAMN48628629	Melopsittacus undulatus	SRP586826	PRJNA1094658	2025-05-23	7002.0	300.0
SRR33674833	RNA-Seq	SICHUAN AGRICULTURAL UNIVERSITY	HiSeq X Ten	PAIRED	PolyA	TRANSCRIPTOMIC	ILLUMINA	SAMN48628628	Melopsittacus undulatus	SRP586826	PRJNA1094658	2025-05-23	7167.0	298.0
SRR33674834	RNA-Seq	SICHUAN AGRICULTURAL UNIVERSITY	HiSeq X Ten	PAIRED	PolyA	TRANSCRIPTOMIC	ILLUMINA	SAMN48628627	Melopsittacus undulatus	SRP586826	PRJNA1094658	2025-05-23	6912.0	300.0
SRR33674835	RNA-Seq	SICHUAN AGRICULTURAL UNIVERSITY	HiSeq X Ten	PAIRED	PolyA	TRANSCRIPTOMIC	ILLUMINA	SAMN48628626	Melopsittacus undulatus	SRP586826	PRJNA1094658	2025-05-23	7032.0	300.0
SRR33674836	RNA-Seq	SICHUAN AGRICULTURAL UNIVERSITY	HiSeq X Ten	PAIRED	PolyA	TRANSCRIPTOMIC	ILLUMINA	SAMN48628625	Melopsittacus undulatus	SRP586826	PRJNA1094658	2025-05-23	6892.0	150.0
SRR33674837	RNA-Seq	SICHUAN AGRICULTURAL UNIVERSITY	HiSeq X Ten	PAIRED	PolyA	TRANSCRIPTOMIC	ILLUMINA	SAMN48628624	Melopsittacus undulatus	SRP586826	PRJNA1094658	2025-05-23	7314.0	300.0
SRR33674838	RNA-Seq	SICHUAN AGRICULTURAL UNIVERSITY	HiSeq X Ten	PAIRED	PolyA	TRANSCRIPTOMIC	ILLUMINA	SAMN48628623	Melopsittacus undulatus	SRP586826	PRJNA1094658	2025-05-23	7253.0	300.0
SRR33674839	RNA-Seq	SICHUAN AGRICULTURAL UNIVERSITY	HiSeq X Ten	PAIRED	PolyA	TRANSCRIPTOMIC	ILLUMINA	SAMN48628622	Melopsittacus undulatus	SRP586826	PRJNA1094658	2025-05-23	7128.0	300.0
SRR33674840	RNA-Seq	SICHUAN AGRICULTURAL UNIVERSITY	HiSeq X Ten	PAIRED	PolyA	TRANSCRIPTOMIC	ILLUMINA	SAMN48628621	Melopsittacus undulatus	SRP586826	PRJNA1094658	2025-05-23	6701.0	300.0
SRR33674841	RNA-Seq	SICHUAN AGRICULTURAL UNIVERSITY	HiSeq X Ten	PAIRED	PolyA	TRANSCRIPTOMIC	ILLUMINA	SAMN48628620	Melopsittacus undulatus	SRP586826	PRJNA1094658	2025-05-23	6501.0	300.0
SRR33674842	RNA-Seq	SICHUAN AGRICULTURAL UNIVERSITY	HiSeq X Ten	PAIRED	PolyA	TRANSCRIPTOMIC	ILLUMINA	SAMN48628594	Melopsittacus undulatus	SRP586826	PRJNA1094658	2025-05-23	6260.0	300.0
SRR33674843	RNA-Seq	SICHUAN AGRICULTURAL UNIVERSITY	HiSeq X Ten	PAIRED	PolyA	TRANSCRIPTOMIC	ILLUMINA	SAMN48628593	Melopsittacus undulatus	SRP586826	PRJNA1094658	2025-05-23	6009.0	300.0
SRR33676187	RNA-Seq	SICHUAN AGRICULTURAL UNIVERSITY	HiSeq X Ten	PAIRED	PolyA	TRANSCRIPTOMIC	ILLUMINA	SAMN48628619	Melopsittacus undulatus	SRP586826	PRJNA1094658	2025-05-23	6325.0	300.0
SRR33689043	RNA-Seq	SICHUAN AGRICULTURAL UNIVERSITY	HiSeq X Ten	PAIRED	PolyA	TRANSCRIPTOMIC	ILLUMINA	SAMN48628578	Melopsittacus undulatus	SRP586826	PRJNA1094658	2025-05-24	8733.0	300.0
SRR33689044	RNA-Seq	SICHUAN AGRICULTURAL UNIVERSITY	HiSeq X Ten	PAIRED	PolyA	TRANSCRIPTOMIC	ILLUMINA	SAMN48628591	Melopsittacus undulatus	SRP586826	PRJNA1094658	2025-05-24	7925.0	300.0
SRR33689045	RNA-Seq	SICHUAN AGRICULTURAL UNIVERSITY	HiSeq X Ten	PAIRED	PolyA	TRANSCRIPTOMIC	ILLUMINA	SAMN48628577	Melopsittacus undulatus	SRP586826	PRJNA1094658	2025-05-24	8701.0	300.0
SRR33689046	RNA-Seq	SICHUAN AGRICULTURAL UNIVERSITY	HiSeq X Ten	PAIRED	PolyA	TRANSCRIPTOMIC	ILLUMINA	SAMN48628576	Melopsittacus undulatus	SRP586826	PRJNA1094658	2025-05-24	11140.0	300.0
SRR33689047	RNA-Seq	SICHUAN AGRICULTURAL UNIVERSITY	HiSeq X Ten	PAIRED	PolyA	TRANSCRIPTOMIC	ILLUMINA	SAMN48628575	Melopsittacus undulatus	SRP586826	PRJNA1094658	2025-05-24	5842.0	300.0
SRR33689048	RNA-Seq	SICHUAN AGRICULTURAL UNIVERSITY	HiSeq X Ten	PAIRED	PolyA	TRANSCRIPTOMIC	ILLUMINA	SAMN48628590	Melopsittacus undulatus	SRP586826	PRJNA1094658	2025-05-24	9848.0	300.0
SRR33689049	RNA-Seq	SICHUAN AGRICULTURAL UNIVERSITY	HiSeq X Ten	PAIRED	PolyA	TRANSCRIPTOMIC	ILLUMINA	SAMN48628589	Melopsittacus undulatus	SRP586826	PRJNA1094658	2025-05-24	11820.0	300.0
SRR33689050	RNA-Seq	SICHUAN AGRICULTURAL UNIVERSITY	HiSeq X Ten	PAIRED	PolyA	TRANSCRIPTOMIC	ILLUMINA	SAMN48628580	Melopsittacus undulatus	SRP586826	PRJNA1094658	2025-05-24	11490.0	300.0
SRR33689051	RNA-Seq	SICHUAN AGRICULTURAL UNIVERSITY	HiSeq X Ten	PAIRED	PolyA	TRANSCRIPTOMIC	ILLUMINA	SAMN48628592	Melopsittacus undulatus	SRP586826	PRJNA1094658	2025-05-24	6423.0	300.0
SRR33689052	RNA-Seq	SICHUAN AGRICULTURAL UNIVERSITY	HiSeq X Ten	PAIRED	PolyA	TRANSCRIPTOMIC	ILLUMINA	SAMN48628579	Melopsittacus undulatus	SRP586826	PRJNA1094658	2025-05-24	13166.0	300.0
SRR33689053	RNA-Seq	SICHUAN AGRICULTURAL UNIVERSITY	HiSeq X Ten	PAIRED	PolyA	TRANSCRIPTOMIC	ILLUMINA	SAMN48628588	Melopsittacus undulatus	SRP586826	PRJNA1094658	2025-05-24	11026.0	300.0
SRR33689054	RNA-Seq	SICHUAN AGRICULTURAL UNIVERSITY	HiSeq X Ten	PAIRED	PolyA	TRANSCRIPTOMIC	ILLUMINA	SAMN48628587	Melopsittacus undulatus	SRP586826	PRJNA1094658	2025-05-24	9014.0	300.0
SRR28879647	RNA-Seq	THE THIRD AFFILIATED HOSPITAL OF SUN YAT-SEN UNIVERSITY	DNBSEQ-T7	PAIRED	cDNA	TRANSCRIPTOMIC SINGLE CELL	DNBSEQ	SAMN41163014	Melopsittacus undulatus	SRP505473	PRJNA1107131	2025-09-02	31508.0	130.0
SRR28879648	RNA-Seq	THE THIRD AFFILIATED HOSPITAL OF SUN YAT-SEN UNIVERSITY	DNBSEQ-T7	PAIRED	cDNA	TRANSCRIPTOMIC SINGLE CELL	DNBSEQ	SAMN41163014	Melopsittacus undulatus	SRP505473	PRJNA1107131	2025-09-02	34641.0	130.0
SRR28879649	RNA-Seq	THE THIRD AFFILIATED HOSPITAL OF SUN YAT-SEN UNIVERSITY	DNBSEQ-T7	PAIRED	cDNA	TRANSCRIPTOMIC SINGLE CELL	DNBSEQ	SAMN41163014	Melopsittacus undulatus	SRP505473	PRJNA1107131	2025-09-02	9408.0	50.0
SRR32769011	RNA-Seq	THE THIRD AFFILIATED HOSPITAL OF SUN YAT-SEN UNIVERSITY	Illumina NovaSeq 6000	PAIRED	cDNA	TRANSCRIPTOMIC SINGLE CELL	ILLUMINA	SAMN47299661	Melopsittacus undulatus	SRP571545	PRJNA1234492	2025-09-02	91848.0	300.0
SRR32021167	RNA-Seq	FRONTIERS SCIENCE CENTER FOR DISEASE-RELATED MOLECULAR NETWORK	Illumina NovaSeq 6000	PAIRED	cDNA	TRANSCRIPTOMIC	ILLUMINA	SAMN46194726	Melopsittacus undulatus	SRP557778	PRJNA1209237	2025-09-03	103393.0	300.0
SRR32021168	RNA-Seq	FRONTIERS SCIENCE CENTER FOR DISEASE-RELATED MOLECULAR NETWORK	Illumina NovaSeq 6000	PAIRED	cDNA	TRANSCRIPTOMIC	ILLUMINA	SAMN46194725	Melopsittacus undulatus	SRP557778	PRJNA1209237	2025-09-03	114783.0	300.0
SRR32021169	RNA-Seq	FRONTIERS SCIENCE CENTER FOR DISEASE-RELATED MOLECULAR NETWORK	Illumina NovaSeq 6000	PAIRED	cDNA	TRANSCRIPTOMIC	ILLUMINA	SAMN46194724	Melopsittacus undulatus	SRP557778	PRJNA1209237	2025-09-03	113684.0	300.0
SRR32021170	RNA-Seq	FRONTIERS SCIENCE CENTER FOR DISEASE-RELATED MOLECULAR NETWORK	Illumina NovaSeq 6000	PAIRED	cDNA	TRANSCRIPTOMIC	ILLUMINA	SAMN46194723	Melopsittacus undulatus	SRP557778	PRJNA1209237	2025-09-03	110897.0	300.0
SRR32021171	RNA-Seq	FRONTIERS SCIENCE CENTER FOR DISEASE-RELATED MOLECULAR NETWORK	Illumina NovaSeq 6000	PAIRED	cDNA	TRANSCRIPTOMIC	ILLUMINA	SAMN46194722	Melopsittacus undulatus	SRP557778	PRJNA1209237	2025-09-03	138584.0	300.0
SRR32021172	RNA-Seq	FRONTIERS SCIENCE CENTER FOR DISEASE-RELATED MOLECULAR NETWORK	Illumina NovaSeq 6000	PAIRED	cDNA	TRANSCRIPTOMIC	ILLUMINA	SAMN46194721	Melopsittacus undulatus	SRP557778	PRJNA1209237	2025-09-03	111283.0	300.0
SRR35393791	RNA-Seq	FRONTIERS SCIENCE CENTER FOR DISEASE-RELATED MOLECULAR NETWORK	Illumina NovaSeq 6000	PAIRED	RANDOM	TRANSCRIPTOMIC SINGLE CELL	ILLUMINA	SAMN51331406	Melopsittacus undulatus	SRP620255	PRJNA1328380	2025-10-31	108069.0	300.0
SRR35393792	RNA-Seq	FRONTIERS SCIENCE CENTER FOR DISEASE-RELATED MOLECULAR NETWORK	Illumina NovaSeq 6000	PAIRED	RANDOM	TRANSCRIPTOMIC SINGLE CELL	ILLUMINA	SAMN51331405	Melopsittacus undulatus	SRP620255	PRJNA1328380	2025-10-31	100219.0	300.0
SRR35393793	RNA-Seq	FRONTIERS SCIENCE CENTER FOR DISEASE-RELATED MOLECULAR NETWORK	Illumina NovaSeq 6000	PAIRED	RANDOM	TRANSCRIPTOMIC SINGLE CELL	ILLUMINA	SAMN51331404	Melopsittacus undulatus	SRP620255	PRJNA1328380	2025-10-31	103209.0	300.0
SRR35393794	RNA-Seq	FRONTIERS SCIENCE CENTER FOR DISEASE-RELATED MOLECULAR NETWORK	Illumina NovaSeq 6000	PAIRED	RANDOM	TRANSCRIPTOMIC SINGLE CELL	ILLUMINA	SAMN51331403	Melopsittacus undulatus	SRP620255	PRJNA1328380	2025-10-31	100181.0	300.0
SRR35393795	RNA-Seq	FRONTIERS SCIENCE CENTER FOR DISEASE-RELATED MOLECULAR NETWORK	Illumina NovaSeq 6000	PAIRED	RANDOM	TRANSCRIPTOMIC SINGLE CELL	ILLUMINA	SAMN51331402	Melopsittacus undulatus	SRP620255	PRJNA1328380	2025-10-31	102931.0	300.0
SRR30071190	RNA-Seq	VIB SINGLE CELL CORE, VIB	Illumina NovaSeq 6000	PAIRED	cDNA	TRANSCRIPTOMIC SINGLE CELL	ILLUMINA	SAMN42967661	Melopsittacus undulatus	SRP523584	PRJNA1142881	2025-12-02	36209.0	119.0
SRR25664247	WGS	IRIDIAN GENOMES	HiSeq X Ten	PAIRED	RANDOM	GENOMIC	ILLUMINA	SAMN37032187	Micropsitta bruijnii	SRP455599	PRJNA703712	2023-08-17	18218.0	300.0
SRR13483834	WGS	AMNH	HiSeq X Ten	PAIRED	Hybrid Selection	GENOMIC	ILLUMINA	SAMN17062452	Micropsitta bruijnii rosea	SRP302372	PRJNA692616	2023-03-27	270.0	192.0
SRR13483833	WGS	AMNH	HiSeq X Ten	PAIRED	Hybrid Selection	GENOMIC	ILLUMINA	SAMN17062453	Micropsitta finschii	SRP302372	PRJNA692616	2023-03-27	188.0	191.0
SRR25700499	WGS	IRIDIAN GENOMES	HiSeq X Ten	PAIRED	RANDOM	GENOMIC	ILLUMINA	SAMN37055438	Micropsitta finschii	SRP455934	PRJNA703713	2023-08-19	23333.0	300.0
SRR35608318	WGS	ZHEJIANG UNIVERSITY	DNBSEQ-G400	PAIRED	RANDOM	GENOMIC	DNBSEQ	SAMN50656847	Micropsitta finschii	SRP627083	PRJNA1307197	2025-09-25	132712.0	242.0
SRR24581956	WGS	IRIDIAN GENOMES	HiSeq X Ten	PAIRED	RANDOM	GENOMIC	ILLUMINA	SAMN35104386	Micropsitta geelvinkiana	SRP437994	PRJNA485635	2023-05-16	22113.0	300.0
SRR13483832	WGS	AMNH	HiSeq X Ten	PAIRED	Hybrid Selection	GENOMIC	ILLUMINA	SAMN17062454	Micropsitta geelvinkiana geelvinkiana	SRP302372	PRJNA692616	2023-03-27	850.0	195.0
SRR13483831	WGS	AMNH	HiSeq X Ten	PAIRED	Hybrid Selection	GENOMIC	ILLUMINA	SAMN17062455	Micropsitta keiensis	SRP302372	PRJNA692616	2023-03-27	61.0	190.0
SRR25700380	WGS	IRIDIAN GENOMES	HiSeq X Ten	PAIRED	RANDOM	GENOMIC	ILLUMINA	SAMN37055386	Micropsitta keiensis	SRP455928	PRJNA703714	2023-08-19	19205.0	300.0
SRR13483829	WGS	AMNH	HiSeq X Ten	PAIRED	Hybrid Selection	GENOMIC	ILLUMINA	SAMN17062456	Micropsitta meeki	SRP302372	PRJNA692616	2023-03-27	381.0	195.0
SRR13483828	WGS	AMNH	HiSeq X Ten	PAIRED	Hybrid Selection	GENOMIC	ILLUMINA	SAMN17062457	Micropsitta pusio	SRP302372	PRJNA692616	2023-03-27	135.0	191.0
SRR24604884	WGS	IRIDIAN GENOMES	HiSeq X Ten	PAIRED	RANDOM	GENOMIC	ILLUMINA	SAMN35104387	Micropsitta pusio	SRP438136	PRJNA703715	2023-05-17	21392.0	300.0
SRR13483649	WGS	AMNH	HiSeq X Ten	PAIRED	Hybrid Selection	GENOMIC	ILLUMINA	SAMN17062619	Myiopsitta luchsi	SRP302372	PRJNA692616	2023-03-27	214.0	224.0
SRR23998349	WGS	IRIDIAN GENOMES	HiSeq X Ten	PAIRED	RANDOM	GENOMIC	ILLUMINA	SAMN33957399	Myiopsitta luchsi	SRP429838	PRJNA718315	2023-03-28	23379.0	300.0
SRR8782867	WGS	IRIDIAN GENOMES	HiSeq X Ten	PAIRED	RANDOM	GENOMIC	ILLUMINA	SAMN11250504	Myiopsitta monachus	SRP189373	PRJNA528952	2019-03-25	23750.0	300.0
SRR12021156	WGS	IRIDIAN GENOMES	HiSeq X Ten	SINGLE	RANDOM	GENOMIC	ILLUMINA	SAMN11250504	Myiopsitta monachus	SRP189373	PRJNA528952	2020-06-16	1114.0	6097.0
SRR13091546	WGS	UNIVERSITY OF VIENNA	Sequel II	SINGLE	RANDOM	GENOMIC	PACBIO_SMRT	SAMN16846069	Myiopsitta monachus	SRP293459	PRJNA679636	2020-11-20	80203.0	15253.0
SRR13452032	Hi-C	UNIVERSITY OF VIENNA	HiSeq X Ten	PAIRED	RANDOM	GENOMIC	ILLUMINA	SAMN17370517	Myiopsitta monachus	SRP293459	PRJNA679636	2021-01-18	107143.0	300.0
SRR13452033	WGS	UNIVERSITY OF VIENNA	HiSeq X Ten	PAIRED	RANDOM	GENOMIC	ILLUMINA	SAMN17370531	Myiopsitta monachus	SRP293459	PRJNA679636	2021-01-18	27837.0	300.0
SRR13480224	RNA-Seq	UNIVERSITY OF VIENNA	HiSeq X Ten	PAIRED	RANDOM	TRANSCRIPTOMIC	ILLUMINA	SAMN17376825	Myiopsitta monachus	SRP293459	PRJNA679636	2021-01-18	7675.0	300.0
SRR13480225	RNA-Seq	UNIVERSITY OF VIENNA	HiSeq X Ten	PAIRED	RANDOM	TRANSCRIPTOMIC	ILLUMINA	SAMN17376824	Myiopsitta monachus	SRP293459	PRJNA679636	2021-01-18	7196.0	300.0
SRR13480226	RNA-Seq	UNIVERSITY OF VIENNA	HiSeq X Ten	PAIRED	RANDOM	TRANSCRIPTOMIC	ILLUMINA	SAMN17376823	Myiopsitta monachus	SRP293459	PRJNA679636	2021-01-18	8698.0	300.0
SRR13480227	RNA-Seq	UNIVERSITY OF VIENNA	HiSeq X Ten	PAIRED	RANDOM	TRANSCRIPTOMIC	ILLUMINA	SAMN17376822	Myiopsitta monachus	SRP293459	PRJNA679636	2021-01-18	7446.0	300.0
SRR13480228	RNA-Seq	UNIVERSITY OF VIENNA	HiSeq X Ten	PAIRED	RANDOM	TRANSCRIPTOMIC	ILLUMINA	SAMN17376869	Myiopsitta monachus	SRP293459	PRJNA679636	2021-01-18	5501.0	300.0
SRR13480229	RNA-Seq	UNIVERSITY OF VIENNA	HiSeq X Ten	PAIRED	RANDOM	TRANSCRIPTOMIC	ILLUMINA	SAMN17376868	Myiopsitta monachus	SRP293459	PRJNA679636	2021-01-18	5846.0	300.0
SRR13480230	RNA-Seq	UNIVERSITY OF VIENNA	HiSeq X Ten	PAIRED	RANDOM	TRANSCRIPTOMIC	ILLUMINA	SAMN17376867	Myiopsitta monachus	SRP293459	PRJNA679636	2021-01-18	5724.0	300.0
SRR13480231	RNA-Seq	UNIVERSITY OF VIENNA	HiSeq X Ten	PAIRED	RANDOM	TRANSCRIPTOMIC	ILLUMINA	SAMN17376866	Myiopsitta monachus	SRP293459	PRJNA679636	2021-01-18	5863.0	300.0
SRR13480232	RNA-Seq	UNIVERSITY OF VIENNA	HiSeq X Ten	PAIRED	RANDOM	TRANSCRIPTOMIC	ILLUMINA	SAMN17376821	Myiopsitta monachus	SRP293459	PRJNA679636	2021-01-18	6194.0	300.0
SRR13480233	RNA-Seq	UNIVERSITY OF VIENNA	HiSeq X Ten	PAIRED	RANDOM	TRANSCRIPTOMIC	ILLUMINA	SAMN17376865	Myiopsitta monachus	SRP293459	PRJNA679636	2021-01-18	5930.0	300.0
SRR13480234	RNA-Seq	UNIVERSITY OF VIENNA	HiSeq X Ten	PAIRED	RANDOM	TRANSCRIPTOMIC	ILLUMINA	SAMN17376864	Myiopsitta monachus	SRP293459	PRJNA679636	2021-01-18	5650.0	300.0
SRR13480235	RNA-Seq	UNIVERSITY OF VIENNA	HiSeq X Ten	PAIRED	RANDOM	TRANSCRIPTOMIC	ILLUMINA	SAMN17376863	Myiopsitta monachus	SRP293459	PRJNA679636	2021-01-18	5828.0	300.0
SRR13480236	RNA-Seq	UNIVERSITY OF VIENNA	HiSeq X Ten	PAIRED	RANDOM	TRANSCRIPTOMIC	ILLUMINA	SAMN17376862	Myiopsitta monachus	SRP293459	PRJNA679636	2021-01-18	5835.0	300.0
SRR13480237	RNA-Seq	UNIVERSITY OF VIENNA	HiSeq X Ten	PAIRED	RANDOM	TRANSCRIPTOMIC	ILLUMINA	SAMN17376861	Myiopsitta monachus	SRP293459	PRJNA679636	2021-01-18	5965.0	300.0
SRR13480238	RNA-Seq	UNIVERSITY OF VIENNA	HiSeq X Ten	PAIRED	RANDOM	TRANSCRIPTOMIC	ILLUMINA	SAMN17376860	Myiopsitta monachus	SRP293459	PRJNA679636	2021-01-18	5935.0	300.0
SRR13480239	RNA-Seq	UNIVERSITY OF VIENNA	HiSeq X Ten	PAIRED	RANDOM	TRANSCRIPTOMIC	ILLUMINA	SAMN17376859	Myiopsitta monachus	SRP293459	PRJNA679636	2021-01-18	5852.0	300.0
SRR13480240	RNA-Seq	UNIVERSITY OF VIENNA	HiSeq X Ten	PAIRED	RANDOM	TRANSCRIPTOMIC	ILLUMINA	SAMN17376858	Myiopsitta monachus	SRP293459	PRJNA679636	2021-01-18	5606.0	300.0
SRR13480241	RNA-Seq	UNIVERSITY OF VIENNA	HiSeq X Ten	PAIRED	RANDOM	TRANSCRIPTOMIC	ILLUMINA	SAMN17376857	Myiopsitta monachus	SRP293459	PRJNA679636	2021-01-18	5977.0	300.0
SRR13480242	RNA-Seq	UNIVERSITY OF VIENNA	HiSeq X Ten	PAIRED	RANDOM	TRANSCRIPTOMIC	ILLUMINA	SAMN17376856	Myiopsitta monachus	SRP293459	PRJNA679636	2021-01-18	5783.0	300.0
SRR13480243	RNA-Seq	UNIVERSITY OF VIENNA	HiSeq X Ten	PAIRED	RANDOM	TRANSCRIPTOMIC	ILLUMINA	SAMN17376820	Myiopsitta monachus	SRP293459	PRJNA679636	2021-01-18	5369.0	300.0
SRR13480244	RNA-Seq	UNIVERSITY OF VIENNA	HiSeq X Ten	PAIRED	RANDOM	TRANSCRIPTOMIC	ILLUMINA	SAMN17376855	Myiopsitta monachus	SRP293459	PRJNA679636	2021-01-18	5802.0	300.0
SRR13480245	RNA-Seq	UNIVERSITY OF VIENNA	HiSeq X Ten	PAIRED	RANDOM	TRANSCRIPTOMIC	ILLUMINA	SAMN17376854	Myiopsitta monachus	SRP293459	PRJNA679636	2021-01-18	5762.0	300.0
SRR13480246	RNA-Seq	UNIVERSITY OF VIENNA	HiSeq X Ten	PAIRED	RANDOM	TRANSCRIPTOMIC	ILLUMINA	SAMN17376853	Myiopsitta monachus	SRP293459	PRJNA679636	2021-01-18	5618.0	300.0
SRR13480247	RNA-Seq	UNIVERSITY OF VIENNA	HiSeq X Ten	PAIRED	RANDOM	TRANSCRIPTOMIC	ILLUMINA	SAMN17376852	Myiopsitta monachus	SRP293459	PRJNA679636	2021-01-18	5869.0	300.0
SRR13480248	RNA-Seq	UNIVERSITY OF VIENNA	HiSeq X Ten	PAIRED	RANDOM	TRANSCRIPTOMIC	ILLUMINA	SAMN17376851	Myiopsitta monachus	SRP293459	PRJNA679636	2021-01-18	5615.0	300.0
SRR13480249	RNA-Seq	UNIVERSITY OF VIENNA	HiSeq X Ten	PAIRED	RANDOM	TRANSCRIPTOMIC	ILLUMINA	SAMN17376850	Myiopsitta monachus	SRP293459	PRJNA679636	2021-01-18	5843.0	300.0
SRR13480250	RNA-Seq	UNIVERSITY OF VIENNA	HiSeq X Ten	PAIRED	RANDOM	TRANSCRIPTOMIC	ILLUMINA	SAMN17376849	Myiopsitta monachus	SRP293459	PRJNA679636	2021-01-18	5653.0	300.0
SRR13480251	RNA-Seq	UNIVERSITY OF VIENNA	HiSeq X Ten	PAIRED	RANDOM	TRANSCRIPTOMIC	ILLUMINA	SAMN17376848	Myiopsitta monachus	SRP293459	PRJNA679636	2021-01-18	5651.0	300.0
SRR13480252	RNA-Seq	UNIVERSITY OF VIENNA	HiSeq X Ten	PAIRED	RANDOM	TRANSCRIPTOMIC	ILLUMINA	SAMN17376847	Myiopsitta monachus	SRP293459	PRJNA679636	2021-01-18	5951.0	300.0
SRR13480253	RNA-Seq	UNIVERSITY OF VIENNA	HiSeq X Ten	PAIRED	RANDOM	TRANSCRIPTOMIC	ILLUMINA	SAMN17376846	Myiopsitta monachus	SRP293459	PRJNA679636	2021-01-18	5843.0	300.0
SRR13480254	RNA-Seq	UNIVERSITY OF VIENNA	HiSeq X Ten	PAIRED	RANDOM	TRANSCRIPTOMIC	ILLUMINA	SAMN17376819	Myiopsitta monachus	SRP293459	PRJNA679636	2021-01-18	6442.0	300.0
SRR13480255	RNA-Seq	UNIVERSITY OF VIENNA	HiSeq X Ten	PAIRED	RANDOM	TRANSCRIPTOMIC	ILLUMINA	SAMN17376845	Myiopsitta monachus	SRP293459	PRJNA679636	2021-01-18	5955.0	300.0
SRR13480256	RNA-Seq	UNIVERSITY OF VIENNA	HiSeq X Ten	PAIRED	RANDOM	TRANSCRIPTOMIC	ILLUMINA	SAMN17376844	Myiopsitta monachus	SRP293459	PRJNA679636	2021-01-18	5960.0	300.0
SRR13480257	RNA-Seq	UNIVERSITY OF VIENNA	HiSeq X Ten	PAIRED	RANDOM	TRANSCRIPTOMIC	ILLUMINA	SAMN17376843	Myiopsitta monachus	SRP293459	PRJNA679636	2021-01-18	5399.0	300.0
SRR13480258	RNA-Seq	UNIVERSITY OF VIENNA	HiSeq X Ten	PAIRED	RANDOM	TRANSCRIPTOMIC	ILLUMINA	SAMN17376842	Myiopsitta monachus	SRP293459	PRJNA679636	2021-01-18	5868.0	300.0
SRR13480259	RNA-Seq	UNIVERSITY OF VIENNA	HiSeq X Ten	PAIRED	RANDOM	TRANSCRIPTOMIC	ILLUMINA	SAMN17376841	Myiopsitta monachus	SRP293459	PRJNA679636	2021-01-18	10077.0	300.0
SRR13480260	RNA-Seq	UNIVERSITY OF VIENNA	HiSeq X Ten	PAIRED	RANDOM	TRANSCRIPTOMIC	ILLUMINA	SAMN17376840	Myiopsitta monachus	SRP293459	PRJNA679636	2021-01-18	9353.0	300.0
SRR13480261	RNA-Seq	UNIVERSITY OF VIENNA	HiSeq X Ten	PAIRED	RANDOM	TRANSCRIPTOMIC	ILLUMINA	SAMN17376839	Myiopsitta monachus	SRP293459	PRJNA679636	2021-01-18	9628.0	300.0
SRR13480262	RNA-Seq	UNIVERSITY OF VIENNA	HiSeq X Ten	PAIRED	RANDOM	TRANSCRIPTOMIC	ILLUMINA	SAMN17376838	Myiopsitta monachus	SRP293459	PRJNA679636	2021-01-18	5739.0	300.0
SRR13480263	RNA-Seq	UNIVERSITY OF VIENNA	HiSeq X Ten	PAIRED	RANDOM	TRANSCRIPTOMIC	ILLUMINA	SAMN17376837	Myiopsitta monachus	SRP293459	PRJNA679636	2021-01-18	6227.0	300.0
SRR13480264	RNA-Seq	UNIVERSITY OF VIENNA	HiSeq X Ten	PAIRED	RANDOM	TRANSCRIPTOMIC	ILLUMINA	SAMN17376836	Myiopsitta monachus	SRP293459	PRJNA679636	2021-01-18	6085.0	300.0
SRR13480265	RNA-Seq	UNIVERSITY OF VIENNA	HiSeq X Ten	PAIRED	RANDOM	TRANSCRIPTOMIC	ILLUMINA	SAMN17376818	Myiopsitta monachus	SRP293459	PRJNA679636	2021-01-18	9029.0	300.0
SRR13480266	RNA-Seq	UNIVERSITY OF VIENNA	HiSeq X Ten	PAIRED	RANDOM	TRANSCRIPTOMIC	ILLUMINA	SAMN17376835	Myiopsitta monachus	SRP293459	PRJNA679636	2021-01-18	7261.0	300.0
SRR13480267	RNA-Seq	UNIVERSITY OF VIENNA	HiSeq X Ten	PAIRED	RANDOM	TRANSCRIPTOMIC	ILLUMINA	SAMN17376834	Myiopsitta monachus	SRP293459	PRJNA679636	2021-01-18	6155.0	300.0
SRR13480268	RNA-Seq	UNIVERSITY OF VIENNA	HiSeq X Ten	PAIRED	RANDOM	TRANSCRIPTOMIC	ILLUMINA	SAMN17376833	Myiopsitta monachus	SRP293459	PRJNA679636	2021-01-18	5554.0	300.0
SRR13480269	RNA-Seq	UNIVERSITY OF VIENNA	HiSeq X Ten	PAIRED	RANDOM	TRANSCRIPTOMIC	ILLUMINA	SAMN17376832	Myiopsitta monachus	SRP293459	PRJNA679636	2021-01-18	6266.0	300.0
SRR13480270	RNA-Seq	UNIVERSITY OF VIENNA	HiSeq X Ten	PAIRED	RANDOM	TRANSCRIPTOMIC	ILLUMINA	SAMN17376831	Myiopsitta monachus	SRP293459	PRJNA679636	2021-01-18	6451.0	300.0
SRR13480271	RNA-Seq	UNIVERSITY OF VIENNA	HiSeq X Ten	PAIRED	RANDOM	TRANSCRIPTOMIC	ILLUMINA	SAMN17376830	Myiopsitta monachus	SRP293459	PRJNA679636	2021-01-18	7825.0	300.0
SRR13480272	RNA-Seq	UNIVERSITY OF VIENNA	HiSeq X Ten	PAIRED	RANDOM	TRANSCRIPTOMIC	ILLUMINA	SAMN17376829	Myiopsitta monachus	SRP293459	PRJNA679636	2021-01-18	6690.0	300.0
SRR13480273	RNA-Seq	UNIVERSITY OF VIENNA	HiSeq X Ten	PAIRED	RANDOM	TRANSCRIPTOMIC	ILLUMINA	SAMN17376828	Myiopsitta monachus	SRP293459	PRJNA679636	2021-01-18	6481.0	300.0
SRR13480274	RNA-Seq	UNIVERSITY OF VIENNA	HiSeq X Ten	PAIRED	RANDOM	TRANSCRIPTOMIC	ILLUMINA	SAMN17376827	Myiopsitta monachus	SRP293459	PRJNA679636	2021-01-18	7781.0	300.0
SRR13480275	RNA-Seq	UNIVERSITY OF VIENNA	HiSeq X Ten	PAIRED	RANDOM	TRANSCRIPTOMIC	ILLUMINA	SAMN17376826	Myiopsitta monachus	SRP293459	PRJNA679636	2021-01-18	6700.0	300.0
SRR13480276	RNA-Seq	UNIVERSITY OF VIENNA	HiSeq X Ten	PAIRED	RANDOM	TRANSCRIPTOMIC	ILLUMINA	SAMN17376817	Myiopsitta monachus	SRP293459	PRJNA679636	2021-01-18	8372.0	300.0
SRR13480277	RNA-Seq	UNIVERSITY OF VIENNA	HiSeq X Ten	PAIRED	RANDOM	TRANSCRIPTOMIC	ILLUMINA	SAMN17376816	Myiopsitta monachus	SRP293459	PRJNA679636	2021-01-18	9347.0	300.0
SRR13480429	WGS	UNIVERSITY OF VIENNA	HiSeq X Ten	PAIRED	RANDOM	GENOMIC	ILLUMINA	SAMN16846069	Myiopsitta monachus	SRP293459	PRJNA679636	2021-01-19	58478.0	300.0
SRR13483827	WGS	AMNH	HiSeq X Ten	PAIRED	Hybrid Selection	GENOMIC	ILLUMINA	SAMN17062458	Myiopsitta monachus monachus	SRP302372	PRJNA692616	2023-03-27	195.0	192.0
SRR13483826	WGS	AMNH	HiSeq X Ten	PAIRED	Hybrid Selection	GENOMIC	ILLUMINA	SAMN17062459	Nannopsittaca dachilleae	SRP302372	PRJNA692616	2023-03-27	362.0	201.0
SRR13483824	WGS	AMNH	Illumina HiSeq 3000	PAIRED	Hybrid Selection	GENOMIC	ILLUMINA	SAMN17062461	Nannopsittaca panychlora	SRP302372	PRJNA692616	2023-03-27	198.0	190.0
SRR13483821	WGS	AMNH	Illumina HiSeq 3000	PAIRED	Hybrid Selection	GENOMIC	ILLUMINA	SAMN17062464	Neophema chrysogaster	SRP302372	PRJNA692616	2023-03-27	457.0	191.0
SRR30410745	RNA-Seq	THE UNIVERSITY OF SYDNEY	Illumina NovaSeq 6000	PAIRED	other	TRANSCRIPTOMIC	ILLUMINA	SAMN43377070	Neophema chrysogaster	SRP528806	PRJNA1140271	2025-01-19	11008.0	198.0
SRR30410746	RNA-Seq	THE UNIVERSITY OF SYDNEY	Illumina NovaSeq 6000	PAIRED	other	TRANSCRIPTOMIC	ILLUMINA	SAMN43377069	Neophema chrysogaster	SRP528806	PRJNA1140271	2025-01-19	10086.0	198.0
SRR30410747	RNA-Seq	THE UNIVERSITY OF SYDNEY	Illumina NovaSeq 6000	PAIRED	other	TRANSCRIPTOMIC	ILLUMINA	SAMN43377068	Neophema chrysogaster	SRP528806	PRJNA1140271	2025-01-19	11002.0	198.0
SRR30410748	RNA-Seq	THE UNIVERSITY OF SYDNEY	Illumina NovaSeq 6000	PAIRED	other	TRANSCRIPTOMIC	ILLUMINA	SAMN43377067	Neophema chrysogaster	SRP528806	PRJNA1140271	2025-01-19	9644.0	198.0
SRR30410749	RNA-Seq	THE UNIVERSITY OF SYDNEY	Illumina NovaSeq 6000	PAIRED	other	TRANSCRIPTOMIC	ILLUMINA	SAMN43377066	Neophema chrysogaster	SRP528806	PRJNA1140271	2025-01-19	11574.0	198.0
SRR30410750	RNA-Seq	THE UNIVERSITY OF SYDNEY	Illumina NovaSeq 6000	PAIRED	other	TRANSCRIPTOMIC	ILLUMINA	SAMN43377065	Neophema chrysogaster	SRP528806	PRJNA1140271	2025-01-19	11037.0	198.0
SRR30410751	RNA-Seq	THE UNIVERSITY OF SYDNEY	Illumina NovaSeq 6000	PAIRED	other	TRANSCRIPTOMIC	ILLUMINA	SAMN43377064	Neophema chrysogaster	SRP528806	PRJNA1140271	2025-01-19	12382.0	198.0
SRR30410752	RNA-Seq	THE UNIVERSITY OF SYDNEY	Illumina NovaSeq 6000	PAIRED	other	TRANSCRIPTOMIC	ILLUMINA	SAMN43377063	Neophema chrysogaster	SRP528806	PRJNA1140271	2025-01-19	9806.0	198.0
SRR30410753	WGS	THE UNIVERSITY OF SYDNEY	Illumina NovaSeq 6000	PAIRED	other	GENOMIC	ILLUMINA	SAMN43377062	Neophema chrysogaster	SRP528806	PRJNA1140271	2025-01-19	105333.0	302.0
SRR30410754	WGS	THE UNIVERSITY OF SYDNEY	Sequel II	SINGLE	other	GENOMIC	PACBIO_SMRT	SAMN43377061	Neophema chrysogaster	SRP528806	PRJNA1140271	2025-01-19	29355.0	13551.0
SRR30921779	WGS	THE UNIVERSITY OF SYDNEY	DNBSEQ-G400	PAIRED	other	GENOMIC	DNBSEQ	SAMN43377889	Neophema chrysogaster	SRP528806	PRJNA1140271	2025-01-19	30090.0	200.0
SRR30921780	WGS	THE UNIVERSITY OF SYDNEY	DNBSEQ-G400	PAIRED	other	GENOMIC	DNBSEQ	SAMN43377888	Neophema chrysogaster	SRP528806	PRJNA1140271	2025-01-19	60428.0	200.0
SRR30921781	WGS	THE UNIVERSITY OF SYDNEY	DNBSEQ-G400	PAIRED	other	GENOMIC	DNBSEQ	SAMN43377887	Neophema chrysogaster	SRP528806	PRJNA1140271	2025-01-19	30069.0	200.0
SRR30921782	WGS	THE UNIVERSITY OF SYDNEY	DNBSEQ-G400	PAIRED	other	GENOMIC	DNBSEQ	SAMN43377886	Neophema chrysogaster	SRP528806	PRJNA1140271	2025-01-19	26701.0	200.0
SRR30921783	WGS	THE UNIVERSITY OF SYDNEY	DNBSEQ-G400	PAIRED	other	GENOMIC	DNBSEQ	SAMN43377885	Neophema chrysogaster	SRP528806	PRJNA1140271	2025-01-19	111239.0	200.0
SRR30921784	WGS	THE UNIVERSITY OF SYDNEY	DNBSEQ-G400	PAIRED	other	GENOMIC	DNBSEQ	SAMN43377884	Neophema chrysogaster	SRP528806	PRJNA1140271	2025-01-19	45232.0	200.0
SRR30921785	WGS	THE UNIVERSITY OF SYDNEY	DNBSEQ-G400	PAIRED	other	GENOMIC	DNBSEQ	SAMN43377883	Neophema chrysogaster	SRP528806	PRJNA1140271	2025-01-19	69746.0	200.0
SRR30921786	WGS	THE UNIVERSITY OF SYDNEY	DNBSEQ-G400	PAIRED	other	GENOMIC	DNBSEQ	SAMN43377865	Neophema chrysogaster	SRP528806	PRJNA1140271	2025-01-19	10451.0	300.0
SRR30921787	WGS	THE UNIVERSITY OF SYDNEY	DNBSEQ-G400	PAIRED	other	GENOMIC	DNBSEQ	SAMN43377882	Neophema chrysogaster	SRP528806	PRJNA1140271	2025-01-19	74386.0	200.0
SRR30921788	WGS	THE UNIVERSITY OF SYDNEY	DNBSEQ-G400	PAIRED	other	GENOMIC	DNBSEQ	SAMN43377881	Neophema chrysogaster	SRP528806	PRJNA1140271	2025-01-19	10431.0	300.0
SRR30921789	WGS	THE UNIVERSITY OF SYDNEY	DNBSEQ-G400	PAIRED	other	GENOMIC	DNBSEQ	SAMN43377880	Neophema chrysogaster	SRP528806	PRJNA1140271	2025-01-19	10422.0	300.0
SRR30921790	WGS	THE UNIVERSITY OF SYDNEY	DNBSEQ-G400	PAIRED	other	GENOMIC	DNBSEQ	SAMN43377879	Neophema chrysogaster	SRP528806	PRJNA1140271	2025-01-19	7835.0	225.0
SRR30921791	WGS	THE UNIVERSITY OF SYDNEY	DNBSEQ-G400	PAIRED	other	GENOMIC	DNBSEQ	SAMN43377878	Neophema chrysogaster	SRP528806	PRJNA1140271	2025-01-19	10407.0	300.0
SRR30921792	WGS	THE UNIVERSITY OF SYDNEY	DNBSEQ-G400	PAIRED	other	GENOMIC	DNBSEQ	SAMN43377877	Neophema chrysogaster	SRP528806	PRJNA1140271	2025-01-19	10453.0	300.0
SRR30921793	WGS	THE UNIVERSITY OF SYDNEY	DNBSEQ-G400	PAIRED	other	GENOMIC	DNBSEQ	SAMN43377876	Neophema chrysogaster	SRP528806	PRJNA1140271	2025-01-19	10472.0	300.0
SRR30921794	WGS	THE UNIVERSITY OF SYDNEY	DNBSEQ-G400	PAIRED	other	GENOMIC	DNBSEQ	SAMN43377875	Neophema chrysogaster	SRP528806	PRJNA1140271	2025-01-19	10443.0	300.0
SRR30921795	WGS	THE UNIVERSITY OF SYDNEY	DNBSEQ-G400	PAIRED	other	GENOMIC	DNBSEQ	SAMN43377874	Neophema chrysogaster	SRP528806	PRJNA1140271	2025-01-19	10198.0	300.0
SRR30921796	WGS	THE UNIVERSITY OF SYDNEY	DNBSEQ-G400	PAIRED	other	GENOMIC	DNBSEQ	SAMN43377872	Neophema chrysogaster	SRP528806	PRJNA1140271	2025-01-19	10705.0	300.0
SRR30921797	WGS	THE UNIVERSITY OF SYDNEY	DNBSEQ-G400	PAIRED	other	GENOMIC	DNBSEQ	SAMN43377873	Neophema chrysogaster	SRP528806	PRJNA1140271	2025-01-19	10441.0	300.0
SRR30921798	WGS	THE UNIVERSITY OF SYDNEY	DNBSEQ-G400	PAIRED	other	GENOMIC	DNBSEQ	SAMN43377870	Neophema chrysogaster	SRP528806	PRJNA1140271	2025-01-19	10450.0	300.0
SRR30921799	WGS	THE UNIVERSITY OF SYDNEY	DNBSEQ-G400	PAIRED	other	GENOMIC	DNBSEQ	SAMN43377871	Neophema chrysogaster	SRP528806	PRJNA1140271	2025-01-19	10411.0	300.0
SRR30921800	WGS	THE UNIVERSITY OF SYDNEY	DNBSEQ-G400	PAIRED	other	GENOMIC	DNBSEQ	SAMN43377869	Neophema chrysogaster	SRP528806	PRJNA1140271	2025-01-19	10453.0	300.0
SRR30921801	WGS	THE UNIVERSITY OF SYDNEY	DNBSEQ-G400	PAIRED	other	GENOMIC	DNBSEQ	SAMN43377868	Neophema chrysogaster	SRP528806	PRJNA1140271	2025-01-19	10453.0	300.0
SRR30921802	WGS	THE UNIVERSITY OF SYDNEY	DNBSEQ-G400	PAIRED	other	GENOMIC	DNBSEQ	SAMN43377867	Neophema chrysogaster	SRP528806	PRJNA1140271	2025-01-19	10462.0	300.0
SRR30921803	WGS	THE UNIVERSITY OF SYDNEY	DNBSEQ-G400	PAIRED	other	GENOMIC	DNBSEQ	SAMN43377897	Neophema chrysogaster	SRP528806	PRJNA1140271	2025-01-19	53748.0	200.0
SRR30921804	WGS	THE UNIVERSITY OF SYDNEY	DNBSEQ-G400	PAIRED	other	GENOMIC	DNBSEQ	SAMN43377896	Neophema chrysogaster	SRP528806	PRJNA1140271	2025-01-19	51538.0	200.0
SRR30921805	WGS	THE UNIVERSITY OF SYDNEY	DNBSEQ-G400	PAIRED	other	GENOMIC	DNBSEQ	SAMN43377895	Neophema chrysogaster	SRP528806	PRJNA1140271	2025-01-19	32171.0	200.0
SRR30921806	WGS	THE UNIVERSITY OF SYDNEY	DNBSEQ-G400	PAIRED	other	GENOMIC	DNBSEQ	SAMN43377894	Neophema chrysogaster	SRP528806	PRJNA1140271	2025-01-19	26661.0	200.0
SRR30921807	WGS	THE UNIVERSITY OF SYDNEY	DNBSEQ-G400	PAIRED	other	GENOMIC	DNBSEQ	SAMN43377893	Neophema chrysogaster	SRP528806	PRJNA1140271	2025-01-19	42864.0	200.0
SRR30921808	WGS	THE UNIVERSITY OF SYDNEY	DNBSEQ-G400	PAIRED	other	GENOMIC	DNBSEQ	SAMN43377866	Neophema chrysogaster	SRP528806	PRJNA1140271	2025-01-19	10454.0	300.0
SRR30921809	WGS	THE UNIVERSITY OF SYDNEY	DNBSEQ-G400	PAIRED	other	GENOMIC	DNBSEQ	SAMN43377892	Neophema chrysogaster	SRP528806	PRJNA1140271	2025-01-19	37430.0	200.0
SRR30921810	WGS	THE UNIVERSITY OF SYDNEY	DNBSEQ-G400	PAIRED	other	GENOMIC	DNBSEQ	SAMN43377891	Neophema chrysogaster	SRP528806	PRJNA1140271	2025-01-19	41547.0	200.0
SRR30921811	WGS	THE UNIVERSITY OF SYDNEY	DNBSEQ-G400	PAIRED	other	GENOMIC	DNBSEQ	SAMN43377890	Neophema chrysogaster	SRP528806	PRJNA1140271	2025-01-19	46419.0	200.0
SRR30921812	WGS	THE UNIVERSITY OF SYDNEY	DNBSEQ-G400	PAIRED	other	GENOMIC	DNBSEQ	SAMN43377864	Neophema chrysogaster	SRP528806	PRJNA1140271	2025-01-19	10972.0	300.0
SRR30921813	WGS	THE UNIVERSITY OF SYDNEY	DNBSEQ-G400	PAIRED	other	GENOMIC	DNBSEQ	SAMN43377863	Neophema chrysogaster	SRP528806	PRJNA1140271	2025-01-19	10413.0	300.0
SRR31033256	WGS	THE UNIVERSITY OF SYDNEY	DNBSEQ-G400	PAIRED	other	GENOMIC	DNBSEQ	SAMN43377887	Neophema chrysogaster	SRP528806	PRJNA1140271	2025-01-19	14939.0	200.0
ERR15281936	WGS	GARVAN INSTITUTE OF MEDICAL RESEARCH, SYDNEY, AUST	PromethION	SINGLE	other	GENOMIC	OXFORD_NANOPORE	SAMEA118712099	Neophema chrysogaster	ERP170151	PRJEB86853	2025-07-14	46275.0	17901.0
ERR15281937	WGS	GARVAN INSTITUTE OF MEDICAL RESEARCH, SYDNEY, AUST	PromethION	SINGLE	other	GENOMIC	OXFORD_NANOPORE	SAMEA118712099	Neophema chrysogaster	ERP170151	PRJEB86853	2025-07-14	1648.0	42835.0
ERR15281938	WGS	GARVAN INSTITUTE OF MEDICAL RESEARCH, SYDNEY, AUST	PromethION	SINGLE	other	GENOMIC	OXFORD_NANOPORE	SAMEA118712099	Neophema chrysogaster	ERP170151	PRJEB86853	2025-07-14	289.0	43200.0
ERR15281939	WGS	GARVAN INSTITUTE OF MEDICAL RESEARCH, SYDNEY, AUST	PromethION	SINGLE	other	GENOMIC	OXFORD_NANOPORE	SAMEA118712099	Neophema chrysogaster	ERP170151	PRJEB86853	2025-07-14	365.0	43860.0
ERR15281940	WGS	GARVAN INSTITUTE OF MEDICAL RESEARCH, SYDNEY, AUST	PromethION	SINGLE	other	GENOMIC	OXFORD_NANOPORE	SAMEA118712099	Neophema chrysogaster	ERP170151	PRJEB86853	2025-07-14	225.0	44161.0
ERR15364976	WGS	GARVAN INSTITUTE OF MEDICAL RESEARCH, SYDNEY, AUST	PromethION	SINGLE	other	GENOMIC	OXFORD_NANOPORE	SAMEA118712099	Neophema chrysogaster	ERP170151	PRJEB86853	2025-07-31		
ERR15364975	WGS	GARVAN INSTITUTE OF MEDICAL RESEARCH, SYDNEY, AUST	PromethION	SINGLE	other	GENOMIC	OXFORD_NANOPORE	SAMEA118712099	Neophema chrysogaster	ERP170151	PRJEB86853	2025-08-01		
ERR15364977	WGS	GARVAN INSTITUTE OF MEDICAL RESEARCH, SYDNEY, AUST	PromethION	SINGLE	other	GENOMIC	OXFORD_NANOPORE	SAMEA118712099	Neophema chrysogaster	ERP170151	PRJEB86853	2025-08-01		
ERR15364974	WGS	GARVAN INSTITUTE OF MEDICAL RESEARCH, SYDNEY, AUST	PromethION	SINGLE	other	GENOMIC	OXFORD_NANOPORE	SAMEA118712099	Neophema chrysogaster	ERP170151	PRJEB86853	2025-08-02		
ERR15364978	WGS	GARVAN INSTITUTE OF MEDICAL RESEARCH, SYDNEY, AUST	PromethION	SINGLE	other	GENOMIC	OXFORD_NANOPORE	SAMEA118712099	Neophema chrysogaster	ERP170151	PRJEB86853	2025-08-02		
SRR13483822	WGS	AMNH	HiSeq X Ten	PAIRED	Hybrid Selection	GENOMIC	ILLUMINA	SAMN17062463	Neophema chrysostoma	SRP302372	PRJNA692616	2023-03-27	210.0	190.0
SRR17211436	RNA-Seq	CHARLES UNIVERSITY, FACULTY OF SCIENCE	NextSeq 500	PAIRED	PolyA	TRANSCRIPTOMIC	ILLUMINA	SAMN23963151	Neophema elegans	SRP350453	PRJNA788332	2021-12-13	11453.0	160.0
SRR13483820	WGS	AMNH	HiSeq X Ten	PAIRED	Hybrid Selection	GENOMIC	ILLUMINA	SAMN17062465	Neophema elegans	SRP302372	PRJNA692616	2023-03-27	235.0	192.0
SRR13483817	WGS	AMNH	HiSeq X Ten	PAIRED	Hybrid Selection	GENOMIC	ILLUMINA	SAMN17062467	Neophema petrophila	SRP302372	PRJNA692616	2023-03-27	139.0	194.0
SRR13483816	WGS	AMNH	HiSeq X Ten	PAIRED	Hybrid Selection	GENOMIC	ILLUMINA	SAMN17062468	Neophema pulchella	SRP302372	PRJNA692616	2023-03-27	166.0	193.0
SRR13483815	WGS	AMNH	HiSeq X Ten	PAIRED	Hybrid Selection	GENOMIC	ILLUMINA	SAMN17062469	Neophema splendida	SRP302372	PRJNA692616	2023-03-27	144.0	189.0
SRR13483823	WGS	AMNH	HiSeq X Ten	PAIRED	Hybrid Selection	GENOMIC	ILLUMINA	SAMN17062462	Neopsephotus bourkii	SRP302372	PRJNA692616	2023-03-27	236.0	192.0
SRR31744219	WGS	AGI	Illumina NovaSeq 6000	PAIRED	RANDOM	GENOMIC	ILLUMINA	SAMN37631362	Neopsephotus bourkii	SRP551937	PRJNA1022850	2024-12-16	70003.0	300.0
SRR13483672	WGS	AMNH	HiSeq X Ten	PAIRED	Hybrid Selection	GENOMIC	ILLUMINA	SAMN17062598	Neopsittacus musschenbroekii	SRP302372	PRJNA692616	2023-03-27	182.0	198.0
SRR8591056	WGS	AMNH	Illumina HiSeq 3000	PAIRED	Hybrid Selection	GENOMIC	ILLUMINA	SAMN10331332	Neopsittacus musschenbroekii major	SRP186257	PRJNA498485	2019-02-19	299.0	194.0
SRR8591057	WGS	AMNH	Illumina HiSeq 3000	PAIRED	Hybrid Selection	GENOMIC	ILLUMINA	SAMN10331333	Neopsittacus musschenbroekii major	SRP186257	PRJNA498485	2019-02-19	165.0	187.0
SRR8591058	WGS	AMNH	Illumina HiSeq 3000	PAIRED	Hybrid Selection	GENOMIC	ILLUMINA	SAMN10331334	Neopsittacus musschenbroekii major	SRP186257	PRJNA498485	2019-02-19	56.0	187.0
SRR8591059	WGS	AMNH	Illumina HiSeq 3000	PAIRED	Hybrid Selection	GENOMIC	ILLUMINA	SAMN10331335	Neopsittacus musschenbroekii musschenbroekii	SRP186257	PRJNA498485	2019-02-19	366.0	193.0
SRR8591052	WGS	AMNH	Illumina HiSeq 3000	PAIRED	Hybrid Selection	GENOMIC	ILLUMINA	SAMN10331336	Neopsittacus pullicauda alpinus	SRP186257	PRJNA498485	2019-02-19	359.0	195.0
SRR8591053	WGS	AMNH	Illumina HiSeq 3000	PAIRED	Hybrid Selection	GENOMIC	ILLUMINA	SAMN10331337	Neopsittacus pullicauda pullicauda	SRP186257	PRJNA498485	2019-02-19	1231.0	188.0
SRR8591054	WGS	AMNH	Illumina HiSeq 3000	PAIRED	Hybrid Selection	GENOMIC	ILLUMINA	SAMN10331338	Neopsittacus pullicauda pullicauda	SRP186257	PRJNA498485	2019-02-19	395.0	194.0
SRR10853025	RNA-Seq	MAX PLANCK INSTITUTE FOR ORNITHOLOGY-SEEWIESEN	Illumina HiSeq 2500	PAIRED	RANDOM	TRANSCRIPTOMIC	ILLUMINA	SAMN13755245	Nestor meridionalis	SRP240625	PRJNA599522	2020-08-13	5333.0	100.0
SRR13483818	WGS	AMNH	HiSeq X Ten	PAIRED	Hybrid Selection	GENOMIC	ILLUMINA	SAMN17062466	Nestor meridionalis	SRP302372	PRJNA692616	2023-03-27	288.0	192.0
SRR959225	WGS	BGI	Illumina HiSeq 2000	PAIRED	PCR	GENOMIC	ILLUMINA	SAMN02339299	Nestor notabilis	SRP029311	PRJNA212900	2015-07-22	20055.0	200.0
SRR959226	WGS	BGI	Illumina HiSeq 2000	PAIRED	PCR	GENOMIC	ILLUMINA	SAMN02339299	Nestor notabilis	SRP029311	PRJNA212900	2015-07-22	17447.0	200.0
SRR959227	WGS	BGI	Illumina HiSeq 2000	PAIRED	PCR	GENOMIC	ILLUMINA	SAMN02339299	Nestor notabilis	SRP029311	PRJNA212900	2015-07-22	15290.0	200.0
SRR8236591	WGS	LOUISIANA STATE UNIVERSITY	Illumina HiSeq 2000	PAIRED	Hybrid Selection	GENOMIC	ILLUMINA	SAMN10450331	Nestor notabilis	SRP170078	PRJNA480834	2018-11-21	321.0	200.0
SRR13483825	WGS	AMNH	HiSeq X Ten	PAIRED	Hybrid Selection	GENOMIC	ILLUMINA	SAMN17062460	Nestor notabilis	SRP302372	PRJNA692616	2023-03-27	287.0	201.0
SRR13483813	WGS	AMNH	HiSeq X Ten	PAIRED	Hybrid Selection	GENOMIC	ILLUMINA	SAMN17062472	Northiella haematogaster	SRP302372	PRJNA692616	2023-03-27	230.0	193.0
SRR13483812	WGS	AMNH	HiSeq X Ten	PAIRED	Hybrid Selection	GENOMIC	ILLUMINA	SAMN17062473	Northiella narethae	SRP302372	PRJNA692616	2023-03-27	172.0	192.0
SRR7470037	WGS	IRIDIAN GENOMES	HiSeq X Ten	PAIRED	RANDOM	GENOMIC	ILLUMINA	SAMN09580626	Nymphicus hollandicus	SRP151977	PRJNA479577	2018-07-04	41434.0	300.0
SRR12044169	WGS	IRIDIAN GENOMES	HiSeq X Ten	SINGLE	RANDOM	GENOMIC	ILLUMINA	SAMN09580626	Nymphicus hollandicus	SRP151977	PRJNA479577	2020-06-18	1203.0	2237.0
SRR10853018	RNA-Seq	MAX PLANCK INSTITUTE FOR ORNITHOLOGY-SEEWIESEN	Illumina HiSeq 2500	PAIRED	RANDOM	TRANSCRIPTOMIC	ILLUMINA	SAMN13755251	Nymphicus hollandicus	SRP240625	PRJNA599522	2020-08-13	11128.0	100.0
SRR13452038	WGS	UNIVERSITY OF VIENNA	HiSeq X Ten	PAIRED	RANDOM	GENOMIC	ILLUMINA	SAMN17370668	Nymphicus hollandicus	SRP293459	PRJNA679636	2021-01-18	12412.0	300.0
SRR17211439	RNA-Seq	CHARLES UNIVERSITY, FACULTY OF SCIENCE	NextSeq 500	PAIRED	PolyA	TRANSCRIPTOMIC	ILLUMINA	SAMN23963148	Nymphicus hollandicus	SRP350453	PRJNA788332	2021-12-13	10336.0	160.0
SRR17849845	Bisulfite-Seq	GEO	Illumina HiSeq 3000	SINGLE	Reduced Representation	GENOMIC	ILLUMINA	SAMN25560573	Nymphicus hollandicus	SRP357738	PRJNA802599	2022-06-19	820.0	51.0
SRR17849846	Bisulfite-Seq	GEO	Illumina HiSeq 3000	SINGLE	Reduced Representation	GENOMIC	ILLUMINA	SAMN25560574	Nymphicus hollandicus	SRP357738	PRJNA802599	2022-06-19	1671.0	51.0
SRR17849891	Bisulfite-Seq	GEO	Illumina HiSeq 3000	SINGLE	Reduced Representation	GENOMIC	ILLUMINA	SAMN25561607	Nymphicus hollandicus	SRP357738	PRJNA802599	2022-06-19	883.0	51.0
SRR17849892	Bisulfite-Seq	GEO	Illumina HiSeq 3000	SINGLE	Reduced Representation	GENOMIC	ILLUMINA	SAMN25561608	Nymphicus hollandicus	SRP357738	PRJNA802599	2022-06-19	656.0	51.0
SRR17849893	Bisulfite-Seq	GEO	Illumina HiSeq 3000	SINGLE	Reduced Representation	GENOMIC	ILLUMINA	SAMN25561609	Nymphicus hollandicus	SRP357738	PRJNA802599	2022-06-19	1231.0	51.0
SRR13483939	WGS	AMNH	HiSeq X Ten	PAIRED	Hybrid Selection	GENOMIC	ILLUMINA	SAMN17062358	Nymphicus hollandicus	SRP302372	PRJNA692616	2023-03-27	359.0	273.0
SRR26518229	RNA-Seq	MAX PLANCK INSTITUTE	Illumina NovaSeq 6000	PAIRED	PCR	TRANSCRIPTOMIC	ILLUMINA	SAMN37983628	Nymphicus hollandicus	SRP468390	PRJNA1032113	2024-07-26	8334.0	202.0
SRR26518230	RNA-Seq	MAX PLANCK INSTITUTE	Illumina NovaSeq 6000	PAIRED	PCR	TRANSCRIPTOMIC	ILLUMINA	SAMN37983627	Nymphicus hollandicus	SRP468390	PRJNA1032113	2024-07-26	5497.0	202.0
SRR26518231	RNA-Seq	MAX PLANCK INSTITUTE	Illumina NovaSeq 6000	PAIRED	PCR	TRANSCRIPTOMIC	ILLUMINA	SAMN37983626	Nymphicus hollandicus	SRP468390	PRJNA1032113	2024-07-26	6493.0	202.0
SRR26518232	RNA-Seq	MAX PLANCK INSTITUTE	Illumina NovaSeq 6000	PAIRED	PCR	TRANSCRIPTOMIC	ILLUMINA	SAMN37983625	Nymphicus hollandicus	SRP468390	PRJNA1032113	2024-07-26	6449.0	202.0
SRR26518233	RNA-Seq	MAX PLANCK INSTITUTE	Illumina NovaSeq 6000	PAIRED	PCR	TRANSCRIPTOMIC	ILLUMINA	SAMN37983624	Nymphicus hollandicus	SRP468390	PRJNA1032113	2024-07-26	6094.0	202.0
SRR26518234	RNA-Seq	MAX PLANCK INSTITUTE	Illumina NovaSeq 6000	PAIRED	PCR	TRANSCRIPTOMIC	ILLUMINA	SAMN37983623	Nymphicus hollandicus	SRP468390	PRJNA1032113	2024-07-26	5516.0	202.0
SRR26518235	RNA-Seq	MAX PLANCK INSTITUTE	Illumina NovaSeq 6000	PAIRED	PCR	TRANSCRIPTOMIC	ILLUMINA	SAMN37983651	Nymphicus hollandicus	SRP468390	PRJNA1032113	2024-07-26	5461.0	202.0
SRR26518236	RNA-Seq	MAX PLANCK INSTITUTE	Illumina NovaSeq 6000	PAIRED	PCR	TRANSCRIPTOMIC	ILLUMINA	SAMN37983650	Nymphicus hollandicus	SRP468390	PRJNA1032113	2024-07-26	6544.0	202.0
SRR26518237	RNA-Seq	MAX PLANCK INSTITUTE	Illumina NovaSeq 6000	PAIRED	PCR	TRANSCRIPTOMIC	ILLUMINA	SAMN37983649	Nymphicus hollandicus	SRP468390	PRJNA1032113	2024-07-26	5739.0	202.0
SRR26518238	RNA-Seq	MAX PLANCK INSTITUTE	Illumina NovaSeq 6000	PAIRED	PCR	TRANSCRIPTOMIC	ILLUMINA	SAMN37983622	Nymphicus hollandicus	SRP468390	PRJNA1032113	2024-07-26	5651.0	202.0
SRR26518239	RNA-Seq	MAX PLANCK INSTITUTE	Illumina NovaSeq 6000	PAIRED	PCR	TRANSCRIPTOMIC	ILLUMINA	SAMN37983648	Nymphicus hollandicus	SRP468390	PRJNA1032113	2024-07-26	8414.0	202.0
SRR26518240	RNA-Seq	MAX PLANCK INSTITUTE	Illumina NovaSeq 6000	PAIRED	PCR	TRANSCRIPTOMIC	ILLUMINA	SAMN37983647	Nymphicus hollandicus	SRP468390	PRJNA1032113	2024-07-26	6561.0	202.0
SRR26518241	RNA-Seq	MAX PLANCK INSTITUTE	Illumina NovaSeq 6000	PAIRED	PCR	TRANSCRIPTOMIC	ILLUMINA	SAMN37983646	Nymphicus hollandicus	SRP468390	PRJNA1032113	2024-07-26	6091.0	202.0
SRR26518242	RNA-Seq	MAX PLANCK INSTITUTE	Illumina NovaSeq 6000	PAIRED	PCR	TRANSCRIPTOMIC	ILLUMINA	SAMN37983645	Nymphicus hollandicus	SRP468390	PRJNA1032113	2024-07-26	6067.0	202.0
SRR26518243	RNA-Seq	MAX PLANCK INSTITUTE	Illumina NovaSeq 6000	PAIRED	PCR	TRANSCRIPTOMIC	ILLUMINA	SAMN37983644	Nymphicus hollandicus	SRP468390	PRJNA1032113	2024-07-26	7602.0	202.0
SRR26518244	RNA-Seq	MAX PLANCK INSTITUTE	Illumina NovaSeq 6000	PAIRED	PCR	TRANSCRIPTOMIC	ILLUMINA	SAMN37983643	Nymphicus hollandicus	SRP468390	PRJNA1032113	2024-07-26	6828.0	202.0
SRR26518245	RNA-Seq	MAX PLANCK INSTITUTE	Illumina NovaSeq 6000	PAIRED	PCR	TRANSCRIPTOMIC	ILLUMINA	SAMN37983642	Nymphicus hollandicus	SRP468390	PRJNA1032113	2024-07-26	8240.0	202.0
SRR26518246	RNA-Seq	MAX PLANCK INSTITUTE	Illumina NovaSeq 6000	PAIRED	PCR	TRANSCRIPTOMIC	ILLUMINA	SAMN37983641	Nymphicus hollandicus	SRP468390	PRJNA1032113	2024-07-26	7783.0	202.0
SRR26518247	RNA-Seq	MAX PLANCK INSTITUTE	Illumina NovaSeq 6000	PAIRED	PCR	TRANSCRIPTOMIC	ILLUMINA	SAMN37983640	Nymphicus hollandicus	SRP468390	PRJNA1032113	2024-07-26	7189.0	202.0
SRR26518248	RNA-Seq	MAX PLANCK INSTITUTE	Illumina NovaSeq 6000	PAIRED	PCR	TRANSCRIPTOMIC	ILLUMINA	SAMN37983639	Nymphicus hollandicus	SRP468390	PRJNA1032113	2024-07-26	7663.0	202.0
SRR26518249	RNA-Seq	MAX PLANCK INSTITUTE	Illumina NovaSeq 6000	PAIRED	PCR	TRANSCRIPTOMIC	ILLUMINA	SAMN37983621	Nymphicus hollandicus	SRP468390	PRJNA1032113	2024-07-26	4573.0	202.0
SRR26518250	RNA-Seq	MAX PLANCK INSTITUTE	Illumina NovaSeq 6000	PAIRED	PCR	TRANSCRIPTOMIC	ILLUMINA	SAMN37983638	Nymphicus hollandicus	SRP468390	PRJNA1032113	2024-07-26	8799.0	202.0
SRR26518251	RNA-Seq	MAX PLANCK INSTITUTE	Illumina NovaSeq 6000	PAIRED	PCR	TRANSCRIPTOMIC	ILLUMINA	SAMN37983637	Nymphicus hollandicus	SRP468390	PRJNA1032113	2024-07-26	7389.0	202.0
SRR26518252	RNA-Seq	MAX PLANCK INSTITUTE	Illumina NovaSeq 6000	PAIRED	PCR	TRANSCRIPTOMIC	ILLUMINA	SAMN37983636	Nymphicus hollandicus	SRP468390	PRJNA1032113	2024-07-26	6902.0	202.0
SRR26518253	RNA-Seq	MAX PLANCK INSTITUTE	Illumina NovaSeq 6000	PAIRED	PCR	TRANSCRIPTOMIC	ILLUMINA	SAMN37983635	Nymphicus hollandicus	SRP468390	PRJNA1032113	2024-07-26	7364.0	202.0
SRR26518254	RNA-Seq	MAX PLANCK INSTITUTE	Illumina NovaSeq 6000	PAIRED	PCR	TRANSCRIPTOMIC	ILLUMINA	SAMN37983634	Nymphicus hollandicus	SRP468390	PRJNA1032113	2024-07-26	6918.0	202.0
SRR26518255	RNA-Seq	MAX PLANCK INSTITUTE	Illumina NovaSeq 6000	PAIRED	PCR	TRANSCRIPTOMIC	ILLUMINA	SAMN37983633	Nymphicus hollandicus	SRP468390	PRJNA1032113	2024-07-26	6601.0	202.0
SRR26518256	RNA-Seq	MAX PLANCK INSTITUTE	Illumina NovaSeq 6000	PAIRED	PCR	TRANSCRIPTOMIC	ILLUMINA	SAMN37983632	Nymphicus hollandicus	SRP468390	PRJNA1032113	2024-07-26	6068.0	202.0
SRR26518257	RNA-Seq	MAX PLANCK INSTITUTE	Illumina NovaSeq 6000	PAIRED	PCR	TRANSCRIPTOMIC	ILLUMINA	SAMN37983631	Nymphicus hollandicus	SRP468390	PRJNA1032113	2024-07-26	7217.0	202.0
SRR26518258	RNA-Seq	MAX PLANCK INSTITUTE	Illumina NovaSeq 6000	PAIRED	PCR	TRANSCRIPTOMIC	ILLUMINA	SAMN37983630	Nymphicus hollandicus	SRP468390	PRJNA1032113	2024-07-26	7313.0	202.0
SRR26518259	RNA-Seq	MAX PLANCK INSTITUTE	Illumina NovaSeq 6000	PAIRED	PCR	TRANSCRIPTOMIC	ILLUMINA	SAMN37983629	Nymphicus hollandicus	SRP468390	PRJNA1032113	2024-07-26	7106.0	202.0
SRR26518260	RNA-Seq	MAX PLANCK INSTITUTE	Illumina NovaSeq 6000	PAIRED	PCR	TRANSCRIPTOMIC	ILLUMINA	SAMN37983620	Nymphicus hollandicus	SRP468390	PRJNA1032113	2024-07-26	6796.0	202.0
SRR26518261	RNA-Seq	MAX PLANCK INSTITUTE	Illumina NovaSeq 6000	PAIRED	PCR	TRANSCRIPTOMIC	ILLUMINA	SAMN37983619	Nymphicus hollandicus	SRP468390	PRJNA1032113	2024-07-26	5199.0	202.0
SRR18475216	WGS	MAX PLANCK INSTITUTE OF MOLECULAR CELL BIOLOGY AND GENETICS	Sequel II	SINGLE	RANDOM	GENOMIC	PACBIO_SMRT	SAMN26903155	Nymphicus hollandicus	SRP365844	PRJNA819251	2025-04-30	984388.0	5347.0
SRR18476878	WGS	MAX PLANCK INSTITUTE OF MOLECULAR CELL BIOLOGY AND GENETICS	Illumina NovaSeq 6000	PAIRED	Restriction Digest	GENOMIC	ILLUMINA	SAMN26903155	Nymphicus hollandicus	SRP365844	PRJNA819251	2025-04-30	54183.0	302.0
SRR13483810	WGS	AMNH	HiSeq X Ten	PAIRED	Hybrid Selection	GENOMIC	ILLUMINA	SAMN17062475	Ognorhynchus icterotis	SRP302372	PRJNA692616	2023-03-27	156.0	195.0
SRR8591055	WGS	AMNH	Illumina HiSeq 3000	PAIRED	Hybrid Selection	GENOMIC	ILLUMINA	SAMN10331339	Oreopsittacus arfaki arfaki	SRP186257	PRJNA498485	2019-02-19	409.0	189.0
SRR8591060	WGS	AMNH	Illumina HiSeq 3000	PAIRED	Hybrid Selection	GENOMIC	ILLUMINA	SAMN10331339	Oreopsittacus arfaki arfaki	SRP186257	PRJNA498485	2019-02-19	409.0	189.0
SRR8591061	WGS	AMNH	Illumina HiSeq 3000	PAIRED	Hybrid Selection	GENOMIC	ILLUMINA	SAMN10331339	Oreopsittacus arfaki arfaki	SRP186257	PRJNA498485	2019-02-19	102.0	192.0
SRR8591148	WGS	AMNH	Illumina HiSeq 3000	PAIRED	Hybrid Selection	GENOMIC	ILLUMINA	SAMN10331340	Oreopsittacus arfaki grandis	SRP186257	PRJNA498485	2019-02-28	206.0	186.0
SRR8591147	WGS	AMNH	Illumina HiSeq 3000	PAIRED	Hybrid Selection	GENOMIC	ILLUMINA	SAMN10331341	Oreopsittacus arfaki major	SRP186257	PRJNA498485	2019-02-19	335.0	191.0
SRR16642709	WGS	IRIDIAN GENOMES	HiSeq X Ten	PAIRED	RANDOM	GENOMIC	ILLUMINA	SAMN19459809	Orthopsittaca manilatus	SRP343858	PRJNA479491	2021-10-31	18167.0	300.0
SRR13483811	WGS	AMNH	HiSeq X Ten	PAIRED	Hybrid Selection	GENOMIC	ILLUMINA	SAMN17062474	Orthopsittaca manilatus	SRP302372	PRJNA692616	2023-03-27	452.0	201.0
SRR8591150	WGS	AMNH	Illumina HiSeq 3000	PAIRED	Hybrid Selection	GENOMIC	ILLUMINA	SAMN10331342	Parvipsitta porphyrocephala	SRP186257	PRJNA498485	2019-02-21	719.0	97.0
SRR8591149	WGS	AMNH	Illumina HiSeq 3000	PAIRED	Hybrid Selection	GENOMIC	ILLUMINA	SAMN10331343	Parvipsitta porphyrocephala	SRP186257	PRJNA498485	2019-02-28	407.0	186.0
SRR8591143	WGS	AMNH	Illumina HiSeq 3000	PAIRED	Hybrid Selection	GENOMIC	ILLUMINA	SAMN10331345	Parvipsitta pusilla	SRP186257	PRJNA498485	2019-02-19	277.0	187.0
SRR8591146	WGS	AMNH	Illumina HiSeq 3000	PAIRED	Hybrid Selection	GENOMIC	ILLUMINA	SAMN10331346	Parvipsitta pusilla	SRP186257	PRJNA498485	2019-02-19	377.0	193.0
SRR8591144	WGS	AMNH	Illumina HiSeq 3000	PAIRED	Hybrid Selection	GENOMIC	ILLUMINA	SAMN10331344	Parvipsitta pusilla	SRP186257	PRJNA498485	2019-02-28	294.0	186.0
SRR13483960	WGS	AMNH	HiSeq X Ten	PAIRED	Hybrid Selection	GENOMIC	ILLUMINA	SAMN17062339	Pezoporus flaviventris	SRP302372	PRJNA692616	2023-03-27	964.0	229.0
SRR31744274	WGS	AGI	Revio	SINGLE	RANDOM	GENOMIC	PACBIO_SMRT	SAMN38123840	Pezoporus flaviventris	SRP551944	PRJNA1036367	2024-12-16	29269.0	15273.0
SRR13483659	WGS	AMNH	HiSeq X Ten	PAIRED	Hybrid Selection	GENOMIC	ILLUMINA	SAMN17062610	Pezoporus occidentalis	SRP302372	PRJNA692616	2023-03-27	344.0	201.0
SRR31755877	WGS	AGI	Illumina NovaSeq 6000	PAIRED	RANDOM	GENOMIC	ILLUMINA	SAMN45810648	Pezoporus occidentalis	SRP552212	PRJNA1044171	2024-12-18	71360.0	300.0
SRR31755878	WGS	AGI	Illumina NovaSeq 6000	PAIRED	RANDOM	GENOMIC	ILLUMINA	SAMN45810648	Pezoporus occidentalis	SRP552212	PRJNA1044171	2024-12-18	79563.0	300.0
SRR31755879	WGS	AGI	Illumina NovaSeq 6000	PAIRED	RANDOM	GENOMIC	ILLUMINA	SAMN45810648	Pezoporus occidentalis	SRP552212	PRJNA1044171	2024-12-18	176744.0	300.0
SRR31755880	WGS	AGI	Illumina NovaSeq 6000	PAIRED	RANDOM	GENOMIC	ILLUMINA	SAMN45810648	Pezoporus occidentalis	SRP552212	PRJNA1044171	2024-12-18	106779.0	300.0
SRR31755881	WGS	AGI	Illumina NovaSeq 6000	PAIRED	RANDOM	GENOMIC	ILLUMINA	SAMN45810648	Pezoporus occidentalis	SRP552212	PRJNA1044171	2024-12-18	100113.0	300.0
SRR31755882	WGS	AGI	Illumina NovaSeq 6000	PAIRED	RANDOM	GENOMIC	ILLUMINA	SAMN45810648	Pezoporus occidentalis	SRP552212	PRJNA1044171	2024-12-18	57558.0	300.0
SRR31755883	WGS	AGI	Illumina NovaSeq 6000	PAIRED	RANDOM	GENOMIC	ILLUMINA	SAMN45810648	Pezoporus occidentalis	SRP552212	PRJNA1044171	2024-12-18	153263.0	300.0
SRR31755884	WGS	AGI	Illumina NovaSeq 6000	PAIRED	RANDOM	GENOMIC	ILLUMINA	SAMN45810658	Pezoporus occidentalis	SRP552212	PRJNA1044171	2024-12-18	69890.0	300.0
SRR31755885	WGS	AGI	Illumina NovaSeq 6000	PAIRED	RANDOM	GENOMIC	ILLUMINA	SAMN45810657	Pezoporus occidentalis	SRP552212	PRJNA1044171	2024-12-18	93369.0	300.0
SRR31755886	WGS	AGI	Illumina NovaSeq 6000	PAIRED	RANDOM	GENOMIC	ILLUMINA	SAMN45810648	Pezoporus occidentalis	SRP552212	PRJNA1044171	2024-12-18	104170.0	300.0
SRR31755887	WGS	AGI	Illumina NovaSeq 6000	PAIRED	RANDOM	GENOMIC	ILLUMINA	SAMN45810656	Pezoporus occidentalis	SRP552212	PRJNA1044171	2024-12-18	64258.0	300.0
SRR31755888	WGS	AGI	Illumina NovaSeq 6000	PAIRED	RANDOM	GENOMIC	ILLUMINA	SAMN45810656	Pezoporus occidentalis	SRP552212	PRJNA1044171	2024-12-18	59146.0	300.0
SRR31755889	WGS	AGI	Illumina NovaSeq 6000	PAIRED	RANDOM	GENOMIC	ILLUMINA	SAMN45810656	Pezoporus occidentalis	SRP552212	PRJNA1044171	2024-12-18	98811.0	300.0
SRR31755890	WGS	AGI	Illumina NovaSeq 6000	PAIRED	RANDOM	GENOMIC	ILLUMINA	SAMN45810655	Pezoporus occidentalis	SRP552212	PRJNA1044171	2024-12-18	74885.0	300.0
SRR31755891	WGS	AGI	Illumina NovaSeq 6000	PAIRED	RANDOM	GENOMIC	ILLUMINA	SAMN45810654	Pezoporus occidentalis	SRP552212	PRJNA1044171	2024-12-18	53201.0	300.0
SRR31755892	WGS	AGI	Illumina NovaSeq 6000	PAIRED	RANDOM	GENOMIC	ILLUMINA	SAMN45810653	Pezoporus occidentalis	SRP552212	PRJNA1044171	2024-12-18	17050.0	300.0
SRR31755893	WGS	AGI	Illumina NovaSeq 6000	PAIRED	RANDOM	GENOMIC	ILLUMINA	SAMN45810652	Pezoporus occidentalis	SRP552212	PRJNA1044171	2024-12-18	33210.0	300.0
SRR31755894	WGS	AGI	Illumina NovaSeq 6000	PAIRED	RANDOM	GENOMIC	ILLUMINA	SAMN45810651	Pezoporus occidentalis	SRP552212	PRJNA1044171	2024-12-18	71880.0	300.0
SRR31755895	WGS	AGI	Illumina NovaSeq 6000	PAIRED	RANDOM	GENOMIC	ILLUMINA	SAMN45810650	Pezoporus occidentalis	SRP552212	PRJNA1044171	2024-12-18	100626.0	300.0
SRR31755896	WGS	AGI	Illumina NovaSeq 6000	PAIRED	RANDOM	GENOMIC	ILLUMINA	SAMN45810649	Pezoporus occidentalis	SRP552212	PRJNA1044171	2024-12-18	109101.0	300.0
SRR31755897	WGS	AGI	Illumina NovaSeq 6000	PAIRED	RANDOM	GENOMIC	ILLUMINA	SAMN45810648	Pezoporus occidentalis	SRP552212	PRJNA1044171	2024-12-18	50486.0	300.0
SRR31755898	WGS	AGI	Illumina NovaSeq 6000	PAIRED	RANDOM	GENOMIC	ILLUMINA	SAMN38375542	Pezoporus occidentalis	SRP552212	PRJNA1044171	2024-12-18	67602.0	300.0
SRR13483768	WGS	AMNH	HiSeq X Ten	PAIRED	Hybrid Selection	GENOMIC	ILLUMINA	SAMN17062512	Pezoporus wallicus	SRP302372	PRJNA692616	2023-03-27	249.0	193.0
SRR31744257	WGS	AGI	Illumina NovaSeq 6000	PAIRED	RANDOM	GENOMIC	ILLUMINA	SAMN32236640	Pezoporus wallicus	SRP551940	PRJNA912258	2024-12-16	39284.0	300.0
SRR8591142	WGS	AMNH	Illumina HiSeq 3000	PAIRED	Hybrid Selection	GENOMIC	ILLUMINA	SAMN10331348	Phigys solitarius	SRP186257	PRJNA498485	2019-02-19	96.0	186.0
SRR8591145	WGS	AMNH	Illumina HiSeq 3000	PAIRED	Hybrid Selection	GENOMIC	ILLUMINA	SAMN10331347	Phigys solitarius	SRP186257	PRJNA498485	2019-02-21	156.0	97.0
SRR21034934	WGS	IRIDIAN GENOMES	HiSeq X Ten	PAIRED	RANDOM	GENOMIC	ILLUMINA	SAMN18863567	Pionites leucogaster	SRP391972	PRJNA704045	2022-08-13	35365.0	300.0
SRR13483766	WGS	AMNH	HiSeq X Ten	PAIRED	Hybrid Selection	GENOMIC	ILLUMINA	SAMN17062514	Pionites leucogaster	SRP302372	PRJNA692616	2023-03-27	191.0	193.0
SRR22671487	WGS	IRIDIAN GENOMES	HiSeq X Ten	PAIRED	RANDOM	GENOMIC	ILLUMINA	SAMN18863657	Pionites melanocephalus	SRP412333	PRJNA704046	2022-12-10	78537.0	300.0
SRR13483794	WGS	AMNH	HiSeq X Ten	PAIRED	Hybrid Selection	GENOMIC	ILLUMINA	SAMN17062489	Pionites melanocephalus	SRP302372	PRJNA692616	2023-03-27	227.0	201.0
SRR13483790	WGS	AMNH	HiSeq X Ten	PAIRED	Hybrid Selection	GENOMIC	ILLUMINA	SAMN17062493	Pionopsitta pileata	SRP302372	PRJNA692616	2023-03-27	298.0	201.0
SRR13483805	WGS	AMNH	HiSeq X Ten	PAIRED	Hybrid Selection	GENOMIC	ILLUMINA	SAMN17062479	Pionus chalcopterus	SRP302372	PRJNA692616	2023-03-27	290.0	201.0
SRR23710384	WGS	IRIDIAN GENOMES	HiSeq X Ten	PAIRED	RANDOM	GENOMIC	ILLUMINA	SAMN32398556	Pionus fuscus	SRP425842	PRJNA703804	2023-03-06	15005.0	300.0
SRR13483767	WGS	AMNH	HiSeq X Ten	PAIRED	Hybrid Selection	GENOMIC	ILLUMINA	SAMN17062513	Pionus fuscus	SRP302372	PRJNA692616	2023-03-27	127.0	189.0
SRR14197500	WGS	IRIDIAN GENOMES	HiSeq X Ten	PAIRED	RANDOM	GENOMIC	ILLUMINA	SAMN18684019	Pionus maximiliani	SRP314227	PRJNA703805	2021-04-09	18430.0	300.0
SRR13483795	WGS	AMNH	HiSeq X Ten	PAIRED	Hybrid Selection	GENOMIC	ILLUMINA	SAMN17062488	Pionus maximiliani	SRP302372	PRJNA692616	2023-03-27	278.0	201.0
SRR28374723	Targeted-Capture	AMERICAN MUSEUM OF NATURAL HISTORY	HiSeq X Ten	PAIRED	Reduced Representation	GENOMIC	ILLUMINA	SAMN40022479	Pionus menstruus	SRP302372	PRJNA692616	2024-03-18	529.0	272.0
SRR13483765	WGS	AMNH	HiSeq X Ten	PAIRED	Hybrid Selection	GENOMIC	ILLUMINA	SAMN17062515	Pionus menstruus	SRP302372	PRJNA692616	2025-01-19	135.0	193.0
SRR7535937	WGS	IRIDIAN GENOMES	HiSeq X Ten	PAIRED	RANDOM	GENOMIC	ILLUMINA	SAMN09688240	Pionus senilis	SRP154320	PRJNA481561	2018-07-18	19644.0	300.0
SRR12014227	WGS	IRIDIAN GENOMES	HiSeq X Ten	SINGLE	RANDOM	GENOMIC	ILLUMINA	SAMN09688240	Pionus senilis	SRP154320	PRJNA481561	2020-06-15	1072.0	921.0
SRR13483783	WGS	AMNH	HiSeq X Ten	PAIRED	Hybrid Selection	GENOMIC	ILLUMINA	SAMN17062498	Pionus senilis	SRP302372	PRJNA692616	2023-03-27	319.0	201.0
SRR23710387	WGS	IRIDIAN GENOMES	HiSeq X Ten	PAIRED	RANDOM	GENOMIC	ILLUMINA	SAMN32398558	Pionus seniloides	SRP425843	PRJNA718754	2023-03-06	15422.0	300.0
SRR13483764	WGS	AMNH	HiSeq X Ten	PAIRED	Hybrid Selection	GENOMIC	ILLUMINA	SAMN17062516	Pionus seniloides	SRP302372	PRJNA692616	2023-03-27	222.0	190.0
SRR13483762	WGS	AMNH	HiSeq X Ten	PAIRED	Hybrid Selection	GENOMIC	ILLUMINA	SAMN17062517	Pionus sordidus	SRP302372	PRJNA692616	2023-03-27	158.0	193.0
SRR13483761	WGS	AMNH	HiSeq X Ten	PAIRED	Hybrid Selection	GENOMIC	ILLUMINA	SAMN17062518	Pionus tumultuosus	SRP302372	PRJNA692616	2023-03-27	191.0	191.0
SRR27345583	WGS	IRIDIAN GENOMES	Illumina NovaSeq 6000	PAIRED	RANDOM	GENOMIC	ILLUMINA	SAMN32398559	Pionus tumultuosus	SRP480076	PRJNA703808	2023-12-26	25085.0	300.0
SRR27345584	WGS	IRIDIAN GENOMES	Illumina NovaSeq 6000	PAIRED	RANDOM	GENOMIC	ILLUMINA	SAMN32398559	Pionus tumultuosus	SRP480076	PRJNA703808	2023-12-26	1337.0	16.0
SRR21034936	WGS	IRIDIAN GENOMES	HiSeq X Ten	PAIRED	RANDOM	GENOMIC	ILLUMINA	SAMN18863120	Platycercus adscitus	SRP391974	PRJNA703705	2022-08-13	40400.0	300.0
SRR13483757	WGS	AMNH	HiSeq X Ten	PAIRED	Hybrid Selection	GENOMIC	ILLUMINA	SAMN17062522	Platycercus adscitus	SRP302372	PRJNA692616	2023-03-27	208.0	192.0
SRR13483760	WGS	AMNH	HiSeq X Ten	PAIRED	Hybrid Selection	GENOMIC	ILLUMINA	SAMN17062519	Platycercus adscitus	SRP302372	PRJNA692616	2023-03-27	229.0	193.0
SRR13483759	WGS	AMNH	HiSeq X Ten	PAIRED	Hybrid Selection	GENOMIC	ILLUMINA	SAMN17062520	Platycercus caledonicus	SRP302372	PRJNA692616	2023-03-27	184.0	193.0
SRR13483758	WGS	AMNH	HiSeq X Ten	PAIRED	Hybrid Selection	GENOMIC	ILLUMINA	SAMN17062521	Platycercus elegans	SRP302372	PRJNA692616	2023-03-27	200.0	193.0
SRR32086918	WGS	HARVARD UNIVERSITY	Illumina NovaSeq 6000	PAIRED	other	GENOMIC	ILLUMINA	SAMN46371218	Platycercus elegans elegans	SRP559266	PRJNA1214397	2025-07-23	66450.0	301.0
SRR3901724	RNA-Seq	AUSTRALIAN NATIONAL UNIVERSITY	Illumina HiSeq 2000	PAIRED	RANDOM	TRANSCRIPTOMIC	ILLUMINA	SAMN05185318	Platycercus eximius	SRP076446	PRJNA323970	2016-07-18	4283.0	202.0
SRR13483756	WGS	AMNH	HiSeq X Ten	PAIRED	Hybrid Selection	GENOMIC	ILLUMINA	SAMN17062523	Platycercus icterotis	SRP302372	PRJNA692616	2023-03-27	332.0	193.0
SRR13483755	WGS	AMNH	HiSeq X Ten	PAIRED	Hybrid Selection	GENOMIC	ILLUMINA	SAMN17062524	Platycercus venustus	SRP302372	PRJNA692616	2023-03-27	312.0	193.0
SRR16904301	WGS	IRIDIAN GENOMES	HiSeq X Ten	PAIRED	RANDOM	GENOMIC	ILLUMINA	SAMN19459811	Poicephalus cryptoxanthus	SRP345417	PRJNA703655	2021-11-10	26353.0	300.0
SRR13483753	WGS	AMNH	HiSeq X Ten	PAIRED	Hybrid Selection	GENOMIC	ILLUMINA	SAMN17062526	Poicephalus cryptoxanthus	SRP302372	PRJNA692616	2023-03-27	132.0	192.0
SRR23712641	WGS	IRIDIAN GENOMES	HiSeq X Ten	PAIRED	RANDOM	GENOMIC	ILLUMINA	SAMN32398560	Poicephalus flavifrons	SRP425858	PRJNA509066	2023-03-06	19973.0	300.0
SRR13483669	WGS	AMNH	HiSeq X Ten	PAIRED	Hybrid Selection	GENOMIC	ILLUMINA	SAMN17062601	Poicephalus flavifrons flavifrons	SRP302372	PRJNA692616	2023-03-27	22.0	135.0
SRR13483655	WGS	AMNH	HiSeq X Ten	PAIRED	Hybrid Selection	GENOMIC	ILLUMINA	SAMN17062614	Poicephalus fuscicollis	SRP302372	PRJNA692616	2023-03-27	324.0	239.0
SRR13004387	WGS	IRIDIAN GENOMES	HiSeq X Ten	PAIRED	RANDOM	GENOMIC	ILLUMINA	SAMN16696507	Poicephalus gulielmi	SRP291541	PRJNA675295	2020-11-07	11810.0	300.0
SRR13753094	WGS	IRIDIAN GENOMES	HiSeq X Ten	PAIRED	RANDOM	GENOMIC	ILLUMINA	SAMN16696507	Poicephalus gulielmi	SRP291541	PRJNA675295	2021-02-20	17887.0	300.0
SRR13483751	WGS	AMNH	HiSeq X Ten	PAIRED	Hybrid Selection	GENOMIC	ILLUMINA	SAMN17062527	Poicephalus gulielmi	SRP302372	PRJNA692616	2023-03-27	191.0	190.0
ERR16897672	WGS	B10K PROJECT	DNBSEQ-T7	PAIRED	RANDOM	GENOMIC	DNBSEQ	SAMEA121960510	Poicephalus gulielmi	ERP184347	PRJEB102986	2026-03-22	168801.0	242.0
SRR13024104	WGS	IRIDIAN GENOMES	HiSeq X Ten	PAIRED	RANDOM	GENOMIC	ILLUMINA	SAMN16746858	Poicephalus meyeri	SRP292175	PRJNA676038	2020-11-11	15250.0	300.0
SRR13483750	WGS	AMNH	HiSeq X Ten	PAIRED	Hybrid Selection	GENOMIC	ILLUMINA	SAMN17062528	Poicephalus meyeri	SRP302372	PRJNA692616	2023-03-27	295.0	192.0
SRR16904278	WGS	IRIDIAN GENOMES	HiSeq X Ten	PAIRED	RANDOM	GENOMIC	ILLUMINA	SAMN19459812	Poicephalus robustus	SRP345415	PRJNA703657	2021-11-10	21285.0	300.0
SRR13483642	WGS	AMNH	HiSeq X Ten	PAIRED	Hybrid Selection	GENOMIC	ILLUMINA	SAMN17062335	Poicephalus robustus suahelicus	SRP302372	PRJNA692616	2023-03-27	1973.0	252.0
SRR13483749	WGS	AMNH	Illumina HiSeq 3000	PAIRED	Hybrid Selection	GENOMIC	ILLUMINA	SAMN17062529	Poicephalus rueppellii	SRP302372	PRJNA692616	2023-03-27	67.0	189.0
SRR23998214	WGS	IRIDIAN GENOMES	HiSeq X Ten	PAIRED	RANDOM	GENOMIC	ILLUMINA	SAMN32398561	Poicephalus rueppellii	SRP429826	PRJNA703658	2023-03-28	33912.0	300.0
ERR16897671	WGS	B10K PROJECT	DNBSEQ-T7	PAIRED	RANDOM	GENOMIC	DNBSEQ	SAMEA121201089	Poicephalus rueppellii	ERP184347	PRJEB102986	2026-03-22	138357.0	242.0
SRR16687837	WGS	IRIDIAN GENOMES	HiSeq X Ten	PAIRED	RANDOM	GENOMIC	ILLUMINA	SAMN19459813	Poicephalus rufiventris	SRP344139	PRJNA703659	2021-11-02	21201.0	300.0
SRR13483748	WGS	AMNH	HiSeq X Ten	PAIRED	Hybrid Selection	GENOMIC	ILLUMINA	SAMN17062530	Poicephalus rufiventris	SRP302372	PRJNA692616	2023-03-27	205.0	192.0
SRR21034935	WGS	IRIDIAN GENOMES	HiSeq X Ten	PAIRED	RANDOM	GENOMIC	ILLUMINA	SAMN18613288	Poicephalus senegalus	SRP391973	PRJNA703660	2022-08-13	31286.0	300.0
SRR13483784	WGS	AMNH	HiSeq X Ten	PAIRED	Hybrid Selection	GENOMIC	ILLUMINA	SAMN17062497	Poicephalus senegalus	SRP302372	PRJNA692616	2023-03-27	374.0	201.0
SRR13483754	WGS	AMNH	HiSeq X Ten	PAIRED	Hybrid Selection	GENOMIC	ILLUMINA	SAMN17062525	Polytelis alexandrae	SRP302372	PRJNA692616	2023-03-27	385.0	194.0
SRR30832441	WGS	AMERICAN MUSEUM OF NATURAL HISTORY	HiSeq X Ten	PAIRED	RANDOM	GENOMIC	ILLUMINA	SAMN43512917	Polytelis alexandrae	SRP535600	PRJNA1157411	2025-10-31	10700.0	300.0
SRR30832443	WGS	AMERICAN MUSEUM OF NATURAL HISTORY	HiSeq X Ten	PAIRED	RANDOM	GENOMIC	ILLUMINA	SAMN43512915	Polytelis alexandrae	SRP535600	PRJNA1157411	2025-10-31	4749.0	300.0
SRR30832450	WGS	AMERICAN MUSEUM OF NATURAL HISTORY	HiSeq X Ten	PAIRED	RANDOM	GENOMIC	ILLUMINA	SAMN43512913	Polytelis alexandrae	SRP535600	PRJNA1157411	2025-10-31	4209.0	300.0
SRR30881314	Targeted-Capture	AMERICAN MUSEUM OF NATURAL HISTORY	HiSeq X Ten	PAIRED	unspecified	GENOMIC	ILLUMINA	SAMN44049183	Polytelis alexandrae	SRP535600	PRJNA1157411	2025-11-30	615.0	260.0
SRR30881315	Targeted-Capture	AMERICAN MUSEUM OF NATURAL HISTORY	HiSeq X Ten	PAIRED	unspecified	GENOMIC	ILLUMINA	SAMN44049182	Polytelis alexandrae	SRP535600	PRJNA1157411	2025-11-30	327.0	269.0
SRR30881316	Targeted-Capture	AMERICAN MUSEUM OF NATURAL HISTORY	HiSeq X Ten	PAIRED	unspecified	GENOMIC	ILLUMINA	SAMN44049181	Polytelis alexandrae	SRP535600	PRJNA1157411	2025-11-30	737.0	285.0
SRR30881317	Targeted-Capture	AMERICAN MUSEUM OF NATURAL HISTORY	HiSeq X Ten	PAIRED	unspecified	GENOMIC	ILLUMINA	SAMN44049180	Polytelis alexandrae	SRP535600	PRJNA1157411	2025-11-30	1451.0	286.0
SRR30881318	Targeted-Capture	AMERICAN MUSEUM OF NATURAL HISTORY	HiSeq X Ten	PAIRED	unspecified	GENOMIC	ILLUMINA	SAMN44049179	Polytelis alexandrae	SRP535600	PRJNA1157411	2025-11-30	1133.0	285.0
SRR30881320	Targeted-Capture	AMERICAN MUSEUM OF NATURAL HISTORY	HiSeq X Ten	PAIRED	unspecified	GENOMIC	ILLUMINA	SAMN44049178	Polytelis alexandrae	SRP535600	PRJNA1157411	2025-11-30	171.0	247.0
SRR30881321	Targeted-Capture	AMERICAN MUSEUM OF NATURAL HISTORY	HiSeq X Ten	PAIRED	unspecified	GENOMIC	ILLUMINA	SAMN44049177	Polytelis alexandrae	SRP535600	PRJNA1157411	2025-11-30	43.0	227.0
SRR30881322	Targeted-Capture	AMERICAN MUSEUM OF NATURAL HISTORY	HiSeq X Ten	PAIRED	unspecified	GENOMIC	ILLUMINA	SAMN44049176	Polytelis alexandrae	SRP535600	PRJNA1157411	2025-11-30	224.0	230.0
SRR30881323	Targeted-Capture	AMERICAN MUSEUM OF NATURAL HISTORY	HiSeq X Ten	PAIRED	unspecified	GENOMIC	ILLUMINA	SAMN44049175	Polytelis alexandrae	SRP535600	PRJNA1157411	2025-11-30	895.0	286.0
SRR30881324	Targeted-Capture	AMERICAN MUSEUM OF NATURAL HISTORY	HiSeq X Ten	PAIRED	unspecified	GENOMIC	ILLUMINA	SAMN44049174	Polytelis alexandrae	SRP535600	PRJNA1157411	2025-11-30	1614.0	284.0
SRR30881325	Targeted-Capture	AMERICAN MUSEUM OF NATURAL HISTORY	HiSeq X Ten	PAIRED	unspecified	GENOMIC	ILLUMINA	SAMN44049173	Polytelis alexandrae	SRP535600	PRJNA1157411	2025-11-30	739.0	277.0
SRR30881326	Targeted-Capture	AMERICAN MUSEUM OF NATURAL HISTORY	HiSeq X Ten	PAIRED	unspecified	GENOMIC	ILLUMINA	SAMN44049172	Polytelis alexandrae	SRP535600	PRJNA1157411	2025-11-30	536.0	275.0
SRR30881327	Targeted-Capture	AMERICAN MUSEUM OF NATURAL HISTORY	HiSeq X Ten	PAIRED	unspecified	GENOMIC	ILLUMINA	SAMN44049171	Polytelis alexandrae	SRP535600	PRJNA1157411	2025-11-30	973.0	283.0
SRR30881328	Targeted-Capture	AMERICAN MUSEUM OF NATURAL HISTORY	HiSeq X Ten	PAIRED	unspecified	GENOMIC	ILLUMINA	SAMN44049170	Polytelis alexandrae	SRP535600	PRJNA1157411	2025-11-30	331.0	256.0
SRR30881329	Targeted-Capture	AMERICAN MUSEUM OF NATURAL HISTORY	HiSeq X Ten	PAIRED	unspecified	GENOMIC	ILLUMINA	SAMN44049169	Polytelis alexandrae	SRP535600	PRJNA1157411	2025-11-30	473.0	249.0
SRR30881331	Targeted-Capture	AMERICAN MUSEUM OF NATURAL HISTORY	HiSeq X Ten	PAIRED	unspecified	GENOMIC	ILLUMINA	SAMN44049168	Polytelis alexandrae	SRP535600	PRJNA1157411	2025-11-30	194.0	232.0
SRR30881332	Targeted-Capture	AMERICAN MUSEUM OF NATURAL HISTORY	HiSeq X Ten	PAIRED	unspecified	GENOMIC	ILLUMINA	SAMN44049167	Polytelis alexandrae	SRP535600	PRJNA1157411	2025-11-30	253.0	235.0
SRR30881333	Targeted-Capture	AMERICAN MUSEUM OF NATURAL HISTORY	HiSeq X Ten	PAIRED	unspecified	GENOMIC	ILLUMINA	SAMN44049166	Polytelis alexandrae	SRP535600	PRJNA1157411	2025-11-30	217.0	242.0
SRR30881334	Targeted-Capture	AMERICAN MUSEUM OF NATURAL HISTORY	HiSeq X Ten	PAIRED	unspecified	GENOMIC	ILLUMINA	SAMN44049165	Polytelis alexandrae	SRP535600	PRJNA1157411	2025-11-30	327.0	262.0
SRR30881335	Targeted-Capture	AMERICAN MUSEUM OF NATURAL HISTORY	HiSeq X Ten	PAIRED	unspecified	GENOMIC	ILLUMINA	SAMN44049164	Polytelis alexandrae	SRP535600	PRJNA1157411	2025-11-30	269.0	242.0
SRR30881336	Targeted-Capture	AMERICAN MUSEUM OF NATURAL HISTORY	HiSeq X Ten	PAIRED	unspecified	GENOMIC	ILLUMINA	SAMN44049163	Polytelis alexandrae	SRP535600	PRJNA1157411	2025-11-30	279.0	231.0
SRR30881337	Targeted-Capture	AMERICAN MUSEUM OF NATURAL HISTORY	HiSeq X Ten	PAIRED	unspecified	GENOMIC	ILLUMINA	SAMN44049162	Polytelis alexandrae	SRP535600	PRJNA1157411	2025-11-30	492.0	265.0
SRR30881338	Targeted-Capture	AMERICAN MUSEUM OF NATURAL HISTORY	HiSeq X Ten	PAIRED	unspecified	GENOMIC	ILLUMINA	SAMN44049161	Polytelis alexandrae	SRP535600	PRJNA1157411	2025-11-30	102.0	216.0
SRR30881339	Targeted-Capture	AMERICAN MUSEUM OF NATURAL HISTORY	HiSeq X Ten	PAIRED	unspecified	GENOMIC	ILLUMINA	SAMN44049160	Polytelis alexandrae	SRP535600	PRJNA1157411	2025-11-30	481.0	271.0
SRR30881340	Targeted-Capture	AMERICAN MUSEUM OF NATURAL HISTORY	HiSeq X Ten	PAIRED	unspecified	GENOMIC	ILLUMINA	SAMN44049159	Polytelis alexandrae	SRP535600	PRJNA1157411	2025-11-30	1045.0	271.0
SRR30881342	Targeted-Capture	AMERICAN MUSEUM OF NATURAL HISTORY	HiSeq X Ten	PAIRED	unspecified	GENOMIC	ILLUMINA	SAMN44049158	Polytelis alexandrae	SRP535600	PRJNA1157411	2025-11-30	210.0	251.0
SRR30881343	Targeted-Capture	AMERICAN MUSEUM OF NATURAL HISTORY	HiSeq X Ten	PAIRED	unspecified	GENOMIC	ILLUMINA	SAMN44049157	Polytelis alexandrae	SRP535600	PRJNA1157411	2025-11-30	166.0	257.0
SRR30881344	Targeted-Capture	AMERICAN MUSEUM OF NATURAL HISTORY	HiSeq X Ten	PAIRED	unspecified	GENOMIC	ILLUMINA	SAMN44049156	Polytelis alexandrae	SRP535600	PRJNA1157411	2025-11-30	164.0	257.0
SRR30881345	Targeted-Capture	AMERICAN MUSEUM OF NATURAL HISTORY	HiSeq X Ten	PAIRED	unspecified	GENOMIC	ILLUMINA	SAMN44049155	Polytelis alexandrae	SRP535600	PRJNA1157411	2025-11-30	160.0	260.0
SRR30881346	Targeted-Capture	AMERICAN MUSEUM OF NATURAL HISTORY	HiSeq X Ten	PAIRED	unspecified	GENOMIC	ILLUMINA	SAMN44049154	Polytelis alexandrae	SRP535600	PRJNA1157411	2025-11-30	1240.0	283.0
SRR30881347	Targeted-Capture	AMERICAN MUSEUM OF NATURAL HISTORY	HiSeq X Ten	PAIRED	unspecified	GENOMIC	ILLUMINA	SAMN44049153	Polytelis alexandrae	SRP535600	PRJNA1157411	2025-11-30	345.0	248.0
SRR30881348	Targeted-Capture	AMERICAN MUSEUM OF NATURAL HISTORY	HiSeq X Ten	PAIRED	unspecified	GENOMIC	ILLUMINA	SAMN44049152	Polytelis alexandrae	SRP535600	PRJNA1157411	2025-11-30	154.0	230.0
SRR30881349	Targeted-Capture	AMERICAN MUSEUM OF NATURAL HISTORY	HiSeq X Ten	PAIRED	unspecified	GENOMIC	ILLUMINA	SAMN44049151	Polytelis alexandrae	SRP535600	PRJNA1157411	2025-11-30	256.0	239.0
SRR13483943	WGS	AMNH	HiSeq X Ten	PAIRED	Hybrid Selection	GENOMIC	ILLUMINA	SAMN17062355	Polytelis anthopeplus	SRP302372	PRJNA692616	2023-03-27	577.0	272.0
SRR30832436	WGS	AMERICAN MUSEUM OF NATURAL HISTORY	HiSeq X Ten	PAIRED	RANDOM	GENOMIC	ILLUMINA	SAMN43512922	Polytelis anthopeplus	SRP535600	PRJNA1157411	2025-10-31	5111.0	300.0
SRR30832442	WGS	AMERICAN MUSEUM OF NATURAL HISTORY	HiSeq X Ten	PAIRED	RANDOM	GENOMIC	ILLUMINA	SAMN43512916	Polytelis anthopeplus	SRP535600	PRJNA1157411	2025-10-31	4732.0	300.0
SRR30832444	WGS	AMERICAN MUSEUM OF NATURAL HISTORY	HiSeq X Ten	PAIRED	RANDOM	GENOMIC	ILLUMINA	SAMN43512927	Polytelis anthopeplus	SRP535600	PRJNA1157411	2025-10-31	4671.0	300.0
SRR30881299	Targeted-Capture	AMERICAN MUSEUM OF NATURAL HISTORY	HiSeq X Ten	PAIRED	unspecified	GENOMIC	ILLUMINA	SAMN44049197	Polytelis anthopeplus	SRP535600	PRJNA1157411	2025-11-30	454.0	288.0
SRR30881300	Targeted-Capture	AMERICAN MUSEUM OF NATURAL HISTORY	HiSeq X Ten	PAIRED	unspecified	GENOMIC	ILLUMINA	SAMN44049196	Polytelis anthopeplus	SRP535600	PRJNA1157411	2025-11-30	269.0	283.0
SRR30881301	Targeted-Capture	AMERICAN MUSEUM OF NATURAL HISTORY	HiSeq X Ten	PAIRED	unspecified	GENOMIC	ILLUMINA	SAMN44049195	Polytelis anthopeplus	SRP535600	PRJNA1157411	2025-11-30	249.0	285.0
SRR30881309	Targeted-Capture	AMERICAN MUSEUM OF NATURAL HISTORY	HiSeq X Ten	PAIRED	unspecified	GENOMIC	ILLUMINA	SAMN44049188	Polytelis anthopeplus	SRP535600	PRJNA1157411	2025-11-30	369.0	287.0
SRR30881311	Targeted-Capture	AMERICAN MUSEUM OF NATURAL HISTORY	HiSeq X Ten	PAIRED	unspecified	GENOMIC	ILLUMINA	SAMN44049186	Polytelis anthopeplus	SRP535600	PRJNA1157411	2025-11-30	490.0	286.0
SRR30881312	Targeted-Capture	AMERICAN MUSEUM OF NATURAL HISTORY	HiSeq X Ten	PAIRED	unspecified	GENOMIC	ILLUMINA	SAMN44049185	Polytelis anthopeplus	SRP535600	PRJNA1157411	2025-11-30	1079.0	284.0
SRR30881313	Targeted-Capture	AMERICAN MUSEUM OF NATURAL HISTORY	HiSeq X Ten	PAIRED	unspecified	GENOMIC	ILLUMINA	SAMN44049184	Polytelis anthopeplus	SRP535600	PRJNA1157411	2025-11-30	253.0	282.0
SRR13483941	WGS	AMNH	HiSeq X Ten	PAIRED	Hybrid Selection	GENOMIC	ILLUMINA	SAMN17062356	Polytelis swainsonii	SRP302372	PRJNA692616	2023-03-27	144.0	260.0
SRR30832440	WGS	AMERICAN MUSEUM OF NATURAL HISTORY	HiSeq X Ten	PAIRED	RANDOM	GENOMIC	ILLUMINA	SAMN43512918	Polytelis swainsonii	SRP535600	PRJNA1157411	2025-10-31	3755.0	300.0
SRR30832445	WGS	AMERICAN MUSEUM OF NATURAL HISTORY	HiSeq X Ten	PAIRED	RANDOM	GENOMIC	ILLUMINA	SAMN43512926	Polytelis swainsonii	SRP535600	PRJNA1157411	2025-10-31	5246.0	300.0
SRR30832447	WGS	AMERICAN MUSEUM OF NATURAL HISTORY	HiSeq X Ten	PAIRED	RANDOM	GENOMIC	ILLUMINA	SAMN43512924	Polytelis swainsonii	SRP535600	PRJNA1157411	2025-10-31	11135.0	300.0
SRR30881295	Targeted-Capture	AMERICAN MUSEUM OF NATURAL HISTORY	HiSeq X Ten	PAIRED	unspecified	GENOMIC	ILLUMINA	SAMN44049200	Polytelis swainsonii	SRP535600	PRJNA1157411	2025-11-30	207.0	269.0
SRR30881296	Targeted-Capture	AMERICAN MUSEUM OF NATURAL HISTORY	HiSeq X Ten	PAIRED	unspecified	GENOMIC	ILLUMINA	SAMN44049199	Polytelis swainsonii	SRP535600	PRJNA1157411	2025-11-30	318.0	284.0
SRR30881298	Targeted-Capture	AMERICAN MUSEUM OF NATURAL HISTORY	HiSeq X Ten	PAIRED	unspecified	GENOMIC	ILLUMINA	SAMN44049198	Polytelis swainsonii	SRP535600	PRJNA1157411	2025-11-30	762.0	280.0
SRR30881310	Targeted-Capture	AMERICAN MUSEUM OF NATURAL HISTORY	HiSeq X Ten	PAIRED	unspecified	GENOMIC	ILLUMINA	SAMN44049187	Polytelis swainsonii	SRP535600	PRJNA1157411	2025-11-30	1174.0	286.0
SRR16642932	WGS	IRIDIAN GENOMES	HiSeq X Ten	PAIRED	RANDOM	GENOMIC	ILLUMINA	SAMN18520322	Primolius auricollis	SRP343870	PRJNA704053	2021-10-31	29991.0	300.0
SRR21023726	WGS	IRIDIAN GENOMES	HiSeq X Ten	PAIRED	RANDOM	GENOMIC	ILLUMINA	SAMN18520322	Primolius auricollis	SRP343870	PRJNA704053	2022-08-12	24562.0	300.0
SRR13483807	WGS	AMNH	HiSeq X Ten	PAIRED	Hybrid Selection	GENOMIC	ILLUMINA	SAMN17062477	Primolius auricollis	SRP302372	PRJNA692616	2023-03-27	180.0	201.0
SRR16643062	WGS	IRIDIAN GENOMES	HiSeq X Ten	PAIRED	RANDOM	GENOMIC	ILLUMINA	SAMN19459814	Primolius couloni	SRP343876	PRJNA733807	2021-11-01	26827.0	300.0
SRR13483746	WGS	AMNH	HiSeq X Ten	PAIRED	Hybrid Selection	GENOMIC	ILLUMINA	SAMN17062532	Primolius couloni	SRP302372	PRJNA692616	2023-03-27	195.0	192.0
SRR16643061	WGS	IRIDIAN GENOMES	HiSeq X Ten	PAIRED	RANDOM	GENOMIC	ILLUMINA	SAMN19459815	Primolius maracana	SRP343875	PRJNA704055	2021-11-01	23692.0	300.0
SRR21034939	WGS	IRIDIAN GENOMES	HiSeq X Ten	PAIRED	RANDOM	GENOMIC	ILLUMINA	SAMN19459815	Primolius maracana	SRP343875	PRJNA704055	2022-08-13	64668.0	300.0
SRR13483743	WGS	AMNH	HiSeq X Ten	PAIRED	Hybrid Selection	GENOMIC	ILLUMINA	SAMN17062535	Primolius maracana	SRP302372	PRJNA692616	2023-03-27	307.0	196.0
SRR13483745	WGS	AMNH	HiSeq X Ten	PAIRED	Hybrid Selection	GENOMIC	ILLUMINA	SAMN17062533	Prioniturus discurus	SRP302372	PRJNA692616	2023-03-27	307.0	194.0
SRR13483851	WGS	AMNH	HiSeq X Ten	PAIRED	Hybrid Selection	GENOMIC	ILLUMINA	SAMN17062436	Prioniturus discurus	SRP302372	PRJNA692616	2023-03-27	769.0	270.0
SRR13483744	WGS	AMNH	Illumina HiSeq 3000	PAIRED	Hybrid Selection	GENOMIC	ILLUMINA	SAMN17062534	Prioniturus flavicans	SRP302372	PRJNA692616	2023-03-27	521.0	193.0
SRR13483798	WGS	AMNH	HiSeq X Ten	PAIRED	Hybrid Selection	GENOMIC	ILLUMINA	SAMN17062486	Prioniturus luconensis	SRP302372	PRJNA692616	2023-03-27	355.0	201.0
SRR13483742	WGS	AMNH	HiSeq X Ten	PAIRED	Hybrid Selection	GENOMIC	ILLUMINA	SAMN17062536	Prioniturus mada	SRP302372	PRJNA692616	2023-03-27	634.0	194.0
SRR13483793	WGS	AMNH	HiSeq X Ten	PAIRED	Hybrid Selection	GENOMIC	ILLUMINA	SAMN17062490	Prioniturus montanus	SRP302372	PRJNA692616	2023-03-27	244.0	201.0
SRR13483740	WGS	AMNH	HiSeq X Ten	PAIRED	Hybrid Selection	GENOMIC	ILLUMINA	SAMN17062537	Prioniturus platenae	SRP302372	PRJNA692616	2023-03-27	677.0	196.0
SRR13483739	WGS	AMNH	HiSeq X Ten	PAIRED	Hybrid Selection	GENOMIC	ILLUMINA	SAMN17062538	Prioniturus platurus	SRP302372	PRJNA692616	2023-03-27	783.0	196.0
SRR13483713	WGS	AMNH	Illumina HiSeq 3000	PAIRED	Hybrid Selection	GENOMIC	ILLUMINA	SAMN17062562	Prioniturus verticalis	SRP302372	PRJNA692616	2023-03-27	387.0	196.0
SRR13483712	WGS	AMNH	HiSeq X Ten	PAIRED	Hybrid Selection	GENOMIC	ILLUMINA	SAMN17062563	Prioniturus waterstradti	SRP302372	PRJNA692616	2023-03-27	463.0	193.0
SRR9946702	WGS	B10K CONSORTIUM	Illumina HiSeq 4000	PAIRED	RANDOM	GENOMIC	ILLUMINA	SAMN12253926	Probosciger aterrimus	SRP216675	PRJNA545868	2020-03-31	5587.0	98.0
SRR9946703	WGS	B10K CONSORTIUM	Illumina HiSeq 4000	PAIRED	RANDOM	GENOMIC	ILLUMINA	SAMN12253926	Probosciger aterrimus	SRP216675	PRJNA545868	2020-03-31	5628.0	98.0
SRR9946815	WGS	B10K CONSORTIUM	Illumina HiSeq X Ten	PAIRED	RANDOM	GENOMIC	ILLUMINA	SAMN12253926	Probosciger aterrimus	SRP216675	PRJNA545868	2020-03-31	22446.0	300.0
SRR9946817	WGS	B10K CONSORTIUM	Illumina HiSeq X Ten	PAIRED	RANDOM	GENOMIC	ILLUMINA	SAMN12253926	Probosciger aterrimus	SRP216675	PRJNA545868	2020-03-31	10638.0	300.0
SRR9947073	WGS	B10K CONSORTIUM	Illumina HiSeq X Ten	PAIRED	RANDOM	GENOMIC	ILLUMINA	SAMN12253926	Probosciger aterrimus	SRP216675	PRJNA545868	2020-03-31	11045.0	300.0
SRR9947074	WGS	B10K CONSORTIUM	Illumina HiSeq 2000	PAIRED	RANDOM	GENOMIC	ILLUMINA	SAMN12253926	Probosciger aterrimus	SRP216675	PRJNA545868	2020-03-31	18749.0	98.0
SRR9947075	WGS	B10K CONSORTIUM	Illumina HiSeq 2000	PAIRED	RANDOM	GENOMIC	ILLUMINA	SAMN12253926	Probosciger aterrimus	SRP216675	PRJNA545868	2020-03-31	11345.0	300.0
SRR9947076	WGS	B10K CONSORTIUM	Illumina HiSeq 2000	PAIRED	RANDOM	GENOMIC	ILLUMINA	SAMN12253926	Probosciger aterrimus	SRP216675	PRJNA545868	2020-03-31	11311.0	300.0
SRR9947384	WGS	B10K CONSORTIUM	Illumina HiSeq 2000	PAIRED	RANDOM	GENOMIC	ILLUMINA	SAMN12253926	Probosciger aterrimus	SRP216675	PRJNA545868	2020-03-31	11491.0	300.0
SRR13002100	WGS	IRIDIAN GENOMES	HiSeq X Ten	PAIRED	RANDOM	GENOMIC	ILLUMINA	SAMN16690504	Probosciger aterrimus	SRP291486	PRJNA675140	2020-11-06	10267.0	300.0
SRR13753083	WGS	IRIDIAN GENOMES	HiSeq X Ten	PAIRED	RANDOM	GENOMIC	ILLUMINA	SAMN16690504	Probosciger aterrimus	SRP291486	PRJNA675140	2021-02-20	27993.0	300.0
SRR17850509	Bisulfite-Seq	GEO	Illumina HiSeq 3000	SINGLE	Reduced Representation	GENOMIC	ILLUMINA	SAMN25559512	Probosciger aterrimus	SRP357738	PRJNA802599	2022-06-19	855.0	51.0
SRR17850510	Bisulfite-Seq	GEO	Illumina HiSeq 3000	SINGLE	Reduced Representation	GENOMIC	ILLUMINA	SAMN25559513	Probosciger aterrimus	SRP357738	PRJNA802599	2022-06-19	1078.0	61.0
SRR17850511	Bisulfite-Seq	GEO	Illumina HiSeq 3000	SINGLE	Reduced Representation	GENOMIC	ILLUMINA	SAMN25559514	Probosciger aterrimus	SRP357738	PRJNA802599	2022-06-19	1351.0	51.0
SRR13483747	WGS	AMNH	HiSeq X Ten	PAIRED	Hybrid Selection	GENOMIC	ILLUMINA	SAMN17062531	Probosciger aterrimus	SRP302372	PRJNA692616	2023-03-27	213.0	192.0
SRR27955039	WGS	MUSEUM NATIONAL D'HISTOIRE NATURELLE	Illumina NovaSeq 6000	PAIRED	RANDOM	GENOMIC	ILLUMINA	SAMN39889392	Probosciger aterrimus	SRP489487	PRJNA1074783	2025-06-30	11311.0	302.0
SRR27955041	WGS	MUSEUM NATIONAL D'HISTOIRE NATURELLE	Illumina NovaSeq 6000	PAIRED	RANDOM	GENOMIC	ILLUMINA	SAMN39889391	Probosciger aterrimus	SRP489487	PRJNA1074783	2025-06-30	14776.0	302.0
SRR27955042	WGS	MUSEUM NATIONAL D'HISTOIRE NATURELLE	Illumina NovaSeq 6000	PAIRED	RANDOM	GENOMIC	ILLUMINA	SAMN39889390	Probosciger aterrimus	SRP489487	PRJNA1074783	2025-06-30	10757.0	302.0
SRR27955043	WGS	MUSEUM NATIONAL D'HISTOIRE NATURELLE	Illumina NovaSeq 6000	PAIRED	RANDOM	GENOMIC	ILLUMINA	SAMN39889389	Probosciger aterrimus	SRP489487	PRJNA1074783	2025-06-30	12905.0	302.0
SRR27955044	WGS	MUSEUM NATIONAL D'HISTOIRE NATURELLE	Illumina NovaSeq 6000	PAIRED	RANDOM	GENOMIC	ILLUMINA	SAMN39889388	Probosciger aterrimus	SRP489487	PRJNA1074783	2025-06-30	18056.0	302.0
SRR27955045	WGS	MUSEUM NATIONAL D'HISTOIRE NATURELLE	Illumina NovaSeq 6000	PAIRED	RANDOM	GENOMIC	ILLUMINA	SAMN39889387	Probosciger aterrimus	SRP489487	PRJNA1074783	2025-06-30	15305.0	302.0
SRR27955046	WGS	MUSEUM NATIONAL D'HISTOIRE NATURELLE	Illumina NovaSeq 6000	PAIRED	RANDOM	GENOMIC	ILLUMINA	SAMN39889386	Probosciger aterrimus	SRP489487	PRJNA1074783	2025-06-30	14088.0	302.0
SRR27955047	WGS	MUSEUM NATIONAL D'HISTOIRE NATURELLE	Illumina NovaSeq 6000	PAIRED	RANDOM	GENOMIC	ILLUMINA	SAMN39889385	Probosciger aterrimus	SRP489487	PRJNA1074783	2025-06-30	11243.0	302.0
SRR27955048	WGS	MUSEUM NATIONAL D'HISTOIRE NATURELLE	Illumina NovaSeq 6000	PAIRED	RANDOM	GENOMIC	ILLUMINA	SAMN39889384	Probosciger aterrimus	SRP489487	PRJNA1074783	2025-06-30	14078.0	302.0
SRR27955049	WGS	MUSEUM NATIONAL D'HISTOIRE NATURELLE	Illumina NovaSeq 6000	PAIRED	RANDOM	GENOMIC	ILLUMINA	SAMN39889383	Probosciger aterrimus	SRP489487	PRJNA1074783	2025-06-30	11663.0	302.0
SRR27955050	WGS	MUSEUM NATIONAL D'HISTOIRE NATURELLE	Illumina NovaSeq 6000	PAIRED	RANDOM	GENOMIC	ILLUMINA	SAMN39889382	Probosciger aterrimus	SRP489487	PRJNA1074783	2025-06-30	23923.0	202.0
SRR27955035	WGS	MUSEUM NATIONAL D'HISTOIRE NATURELLE	Illumina NovaSeq 6000	PAIRED	RANDOM	GENOMIC	ILLUMINA	SAMN39889351	Probosciger aterrimus aterrimus	SRP489487	PRJNA1074783	2025-06-30	13300.0	302.0
SRR27955036	WGS	MUSEUM NATIONAL D'HISTOIRE NATURELLE	Illumina NovaSeq 6000	PAIRED	RANDOM	GENOMIC	ILLUMINA	SAMN39889350	Probosciger aterrimus aterrimus	SRP489487	PRJNA1074783	2025-06-30	12589.0	302.0
SRR27955037	WGS	MUSEUM NATIONAL D'HISTOIRE NATURELLE	Illumina NovaSeq 6000	PAIRED	RANDOM	GENOMIC	ILLUMINA	SAMN39889349	Probosciger aterrimus aterrimus	SRP489487	PRJNA1074783	2025-06-30	11600.0	302.0
SRR27955038	WGS	MUSEUM NATIONAL D'HISTOIRE NATURELLE	Illumina NovaSeq 6000	PAIRED	RANDOM	GENOMIC	ILLUMINA	SAMN39889348	Probosciger aterrimus aterrimus	SRP489487	PRJNA1074783	2025-06-30	13795.0	302.0
SRR27955040	WGS	MUSEUM NATIONAL D'HISTOIRE NATURELLE	Illumina NovaSeq 6000	PAIRED	RANDOM	GENOMIC	ILLUMINA	SAMN39889347	Probosciger aterrimus aterrimus	SRP489487	PRJNA1074783	2025-06-30	13613.0	302.0
SRR27955051	WGS	MUSEUM NATIONAL D'HISTOIRE NATURELLE	Illumina NovaSeq 6000	PAIRED	RANDOM	GENOMIC	ILLUMINA	SAMN39889346	Probosciger aterrimus aterrimus	SRP489487	PRJNA1074783	2025-06-30	14516.0	302.0
SRR27955062	WGS	MUSEUM NATIONAL D'HISTOIRE NATURELLE	Illumina NovaSeq 6000	PAIRED	RANDOM	GENOMIC	ILLUMINA	SAMN39889345	Probosciger aterrimus aterrimus	SRP489487	PRJNA1074783	2025-06-30	14470.0	302.0
SRR27955071	WGS	MUSEUM NATIONAL D'HISTOIRE NATURELLE	Illumina NovaSeq 6000	PAIRED	RANDOM	GENOMIC	ILLUMINA	SAMN39889363	Probosciger aterrimus aterrimus	SRP489487	PRJNA1074783	2025-06-30	13246.0	302.0
SRR27955072	WGS	MUSEUM NATIONAL D'HISTOIRE NATURELLE	Illumina NovaSeq 6000	PAIRED	RANDOM	GENOMIC	ILLUMINA	SAMN39889362	Probosciger aterrimus aterrimus	SRP489487	PRJNA1074783	2025-06-30	14618.0	302.0
SRR27955073	WGS	MUSEUM NATIONAL D'HISTOIRE NATURELLE	Illumina NovaSeq 6000	PAIRED	RANDOM	GENOMIC	ILLUMINA	SAMN39889344	Probosciger aterrimus aterrimus	SRP489487	PRJNA1074783	2025-06-30	12935.0	302.0
SRR27955074	WGS	MUSEUM NATIONAL D'HISTOIRE NATURELLE	Illumina NovaSeq 6000	PAIRED	RANDOM	GENOMIC	ILLUMINA	SAMN39889361	Probosciger aterrimus aterrimus	SRP489487	PRJNA1074783	2025-06-30	12463.0	302.0
SRR27955075	WGS	MUSEUM NATIONAL D'HISTOIRE NATURELLE	Illumina NovaSeq 6000	PAIRED	RANDOM	GENOMIC	ILLUMINA	SAMN39889360	Probosciger aterrimus aterrimus	SRP489487	PRJNA1074783	2025-06-30	12770.0	302.0
SRR27955076	WGS	MUSEUM NATIONAL D'HISTOIRE NATURELLE	Illumina NovaSeq 6000	PAIRED	RANDOM	GENOMIC	ILLUMINA	SAMN39889359	Probosciger aterrimus aterrimus	SRP489487	PRJNA1074783	2025-06-30	12872.0	302.0
SRR27955077	WGS	MUSEUM NATIONAL D'HISTOIRE NATURELLE	Illumina NovaSeq 6000	PAIRED	RANDOM	GENOMIC	ILLUMINA	SAMN39889358	Probosciger aterrimus aterrimus	SRP489487	PRJNA1074783	2025-06-30	16267.0	302.0
SRR27955078	WGS	MUSEUM NATIONAL D'HISTOIRE NATURELLE	Illumina NovaSeq 6000	PAIRED	RANDOM	GENOMIC	ILLUMINA	SAMN39889357	Probosciger aterrimus aterrimus	SRP489487	PRJNA1074783	2025-06-30	12728.0	302.0
SRR27955079	WGS	MUSEUM NATIONAL D'HISTOIRE NATURELLE	Illumina NovaSeq 6000	PAIRED	RANDOM	GENOMIC	ILLUMINA	SAMN39889356	Probosciger aterrimus aterrimus	SRP489487	PRJNA1074783	2025-06-30	12720.0	302.0
SRR27955080	WGS	MUSEUM NATIONAL D'HISTOIRE NATURELLE	Illumina NovaSeq 6000	PAIRED	RANDOM	GENOMIC	ILLUMINA	SAMN39889355	Probosciger aterrimus aterrimus	SRP489487	PRJNA1074783	2025-06-30	13257.0	302.0
SRR27955081	WGS	MUSEUM NATIONAL D'HISTOIRE NATURELLE	Illumina NovaSeq 6000	PAIRED	RANDOM	GENOMIC	ILLUMINA	SAMN39889354	Probosciger aterrimus aterrimus	SRP489487	PRJNA1074783	2025-06-30	11667.0	302.0
SRR27955082	WGS	MUSEUM NATIONAL D'HISTOIRE NATURELLE	Illumina NovaSeq 6000	PAIRED	RANDOM	GENOMIC	ILLUMINA	SAMN39889353	Probosciger aterrimus aterrimus	SRP489487	PRJNA1074783	2025-06-30	14253.0	302.0
SRR27955083	WGS	MUSEUM NATIONAL D'HISTOIRE NATURELLE	Illumina NovaSeq 6000	PAIRED	RANDOM	GENOMIC	ILLUMINA	SAMN39889352	Probosciger aterrimus aterrimus	SRP489487	PRJNA1074783	2025-06-30	12013.0	302.0
SRR27955084	WGS	MUSEUM NATIONAL D'HISTOIRE NATURELLE	Illumina NovaSeq 6000	PAIRED	RANDOM	GENOMIC	ILLUMINA	SAMN39889343	Probosciger aterrimus aterrimus	SRP489487	PRJNA1074783	2025-06-30	14452.0	302.0
SRR27955085	WGS	MUSEUM NATIONAL D'HISTOIRE NATURELLE	Illumina NovaSeq 6000	PAIRED	RANDOM	GENOMIC	ILLUMINA	SAMN39889342	Probosciger aterrimus aterrimus	SRP489487	PRJNA1074783	2025-06-30	12478.0	302.0
SRR27955052	WGS	MUSEUM NATIONAL D'HISTOIRE NATURELLE	Illumina NovaSeq 6000	PAIRED	RANDOM	GENOMIC	ILLUMINA	SAMN39889381	Probosciger aterrimus goliath	SRP489487	PRJNA1074783	2025-06-30	11411.0	302.0
SRR27955053	WGS	MUSEUM NATIONAL D'HISTOIRE NATURELLE	Illumina NovaSeq 6000	PAIRED	RANDOM	GENOMIC	ILLUMINA	SAMN39889380	Probosciger aterrimus goliath	SRP489487	PRJNA1074783	2025-06-30	13020.0	302.0
SRR27955054	WGS	MUSEUM NATIONAL D'HISTOIRE NATURELLE	Illumina NovaSeq 6000	PAIRED	RANDOM	GENOMIC	ILLUMINA	SAMN39889379	Probosciger aterrimus goliath	SRP489487	PRJNA1074783	2025-06-30	9678.0	302.0
SRR27955055	WGS	MUSEUM NATIONAL D'HISTOIRE NATURELLE	Illumina NovaSeq 6000	PAIRED	RANDOM	GENOMIC	ILLUMINA	SAMN39889378	Probosciger aterrimus goliath	SRP489487	PRJNA1074783	2025-06-30	12916.0	302.0
SRR27955056	WGS	MUSEUM NATIONAL D'HISTOIRE NATURELLE	Illumina NovaSeq 6000	PAIRED	RANDOM	GENOMIC	ILLUMINA	SAMN39889377	Probosciger aterrimus goliath	SRP489487	PRJNA1074783	2025-06-30	13629.0	302.0
SRR27955057	WGS	MUSEUM NATIONAL D'HISTOIRE NATURELLE	Illumina NovaSeq 6000	PAIRED	RANDOM	GENOMIC	ILLUMINA	SAMN39889376	Probosciger aterrimus goliath	SRP489487	PRJNA1074783	2025-06-30	11416.0	302.0
SRR27955058	WGS	MUSEUM NATIONAL D'HISTOIRE NATURELLE	Illumina NovaSeq 6000	PAIRED	RANDOM	GENOMIC	ILLUMINA	SAMN39889375	Probosciger aterrimus goliath	SRP489487	PRJNA1074783	2025-06-30	10143.0	302.0
SRR27955059	WGS	MUSEUM NATIONAL D'HISTOIRE NATURELLE	Illumina NovaSeq 6000	PAIRED	RANDOM	GENOMIC	ILLUMINA	SAMN39889374	Probosciger aterrimus goliath	SRP489487	PRJNA1074783	2025-06-30	14272.0	302.0
SRR27955060	WGS	MUSEUM NATIONAL D'HISTOIRE NATURELLE	Illumina NovaSeq 6000	PAIRED	RANDOM	GENOMIC	ILLUMINA	SAMN39889373	Probosciger aterrimus goliath	SRP489487	PRJNA1074783	2025-06-30	15389.0	302.0
SRR27955061	WGS	MUSEUM NATIONAL D'HISTOIRE NATURELLE	Illumina NovaSeq 6000	PAIRED	RANDOM	GENOMIC	ILLUMINA	SAMN39889372	Probosciger aterrimus goliath	SRP489487	PRJNA1074783	2025-06-30	10340.0	302.0
SRR27955063	WGS	MUSEUM NATIONAL D'HISTOIRE NATURELLE	Illumina NovaSeq 6000	PAIRED	RANDOM	GENOMIC	ILLUMINA	SAMN39889371	Probosciger aterrimus goliath	SRP489487	PRJNA1074783	2025-06-30	12674.0	302.0
SRR27955064	WGS	MUSEUM NATIONAL D'HISTOIRE NATURELLE	Illumina NovaSeq 6000	PAIRED	RANDOM	GENOMIC	ILLUMINA	SAMN39889370	Probosciger aterrimus goliath	SRP489487	PRJNA1074783	2025-06-30	11514.0	302.0
SRR27955065	WGS	MUSEUM NATIONAL D'HISTOIRE NATURELLE	Illumina NovaSeq 6000	PAIRED	RANDOM	GENOMIC	ILLUMINA	SAMN39889369	Probosciger aterrimus goliath	SRP489487	PRJNA1074783	2025-06-30	15302.0	302.0
SRR27955066	WGS	MUSEUM NATIONAL D'HISTOIRE NATURELLE	Illumina NovaSeq 6000	PAIRED	RANDOM	GENOMIC	ILLUMINA	SAMN39889368	Probosciger aterrimus goliath	SRP489487	PRJNA1074783	2025-06-30	11958.0	302.0
SRR27955067	WGS	MUSEUM NATIONAL D'HISTOIRE NATURELLE	Illumina NovaSeq 6000	PAIRED	RANDOM	GENOMIC	ILLUMINA	SAMN39889367	Probosciger aterrimus goliath	SRP489487	PRJNA1074783	2025-06-30	12585.0	302.0
SRR27955068	WGS	MUSEUM NATIONAL D'HISTOIRE NATURELLE	Illumina NovaSeq 6000	PAIRED	RANDOM	GENOMIC	ILLUMINA	SAMN39889366	Probosciger aterrimus goliath	SRP489487	PRJNA1074783	2025-06-30	13308.0	302.0
SRR27955069	WGS	MUSEUM NATIONAL D'HISTOIRE NATURELLE	Illumina NovaSeq 6000	PAIRED	RANDOM	GENOMIC	ILLUMINA	SAMN39889365	Probosciger aterrimus goliath	SRP489487	PRJNA1074783	2025-06-30	14676.0	302.0
SRR27955070	WGS	MUSEUM NATIONAL D'HISTOIRE NATURELLE	Illumina NovaSeq 6000	PAIRED	RANDOM	GENOMIC	ILLUMINA	SAMN39889364	Probosciger aterrimus goliath	SRP489487	PRJNA1074783	2025-06-30	10056.0	302.0
SRR13483791	WGS	AMNH	HiSeq X Ten	PAIRED	Hybrid Selection	GENOMIC	ILLUMINA	SAMN17062492	Prosopeia personata	SRP302372	PRJNA692616	2023-03-27	255.0	201.0
SRR35608313	WGS	ZHEJIANG UNIVERSITY	DNBSEQ-G400	PAIRED	RANDOM	GENOMIC	DNBSEQ	SAMN50656857	Prosopeia personata	SRP627083	PRJNA1307197	2025-09-25	80951.0	242.0
SRR13483714	WGS	AMNH	HiSeq X Ten	PAIRED	Hybrid Selection	GENOMIC	ILLUMINA	SAMN17062561	Prosopeia splendens	SRP302372	PRJNA692616	2023-03-27	118.0	190.0
SRR13483782	WGS	AMNH	HiSeq X Ten	PAIRED	Hybrid Selection	GENOMIC	ILLUMINA	SAMN17062499	Prosopeia tabuensis	SRP302372	PRJNA692616	2023-03-27	351.0	201.0
SRR28374722	Targeted-Capture	AMERICAN MUSEUM OF NATURAL HISTORY	HiSeq X Ten	PAIRED	Reduced Representation	GENOMIC	ILLUMINA	SAMN40022584	Psephotellus chrysopterygius	SRP302372	PRJNA692616	2024-03-18	933.0	293.0
SRR13483711	WGS	AMNH	HiSeq X Ten	PAIRED	Hybrid Selection	GENOMIC	ILLUMINA	SAMN17062564	Psephotellus dissimilis	SRP302372	PRJNA692616	2023-03-27	227.0	193.0
SRR3180905	WGS	UNIVERSITY OF OSLO	NextSeq 500	SINGLE	unspecified	GENOMIC	ILLUMINA	SAMN04500728	Psephotellus pulcherrimus	SRP070543	PRJNA312568	2016-10-29	1525.0	76.0
SRR8835591	WGS	SWEDISH MUSEUM OF NATURAL HISTORY	HiSeq X Ten	PAIRED	RANDOM PCR	GENOMIC	ILLUMINA	SAMN11312254	Psephotellus pulcherrimus	SRP190112	PRJNA530123	2019-04-02	95262.0	302.0
SRR13483961	WGS	AMNH	Illumina HiSeq 3000	PAIRED	Hybrid Selection	GENOMIC	ILLUMINA	SAMN17062338	Psephotellus pulcherrimus	SRP302372	PRJNA692616	2023-03-27	172.0	170.0
SRR6214420	WGS	CSIRO	Illumina HiSeq 2500	PAIRED	RANDOM	GENOMIC	ILLUMINA	SAMN07815329	Psephotellus varius	SRP121377	PRJNA415089	2018-01-31	1359.0	250.0
SRR6214421	WGS	CSIRO	Illumina HiSeq 2500	PAIRED	RANDOM	GENOMIC	ILLUMINA	SAMN07815330	Psephotellus varius	SRP121377	PRJNA415089	2018-01-31	2636.0	250.0
SRR6214422	WGS	CSIRO	Illumina HiSeq 2500	PAIRED	RANDOM	GENOMIC	ILLUMINA	SAMN07815323	Psephotellus varius	SRP121377	PRJNA415089	2018-01-31	3204.0	250.0
SRR6214423	WGS	CSIRO	Illumina HiSeq 2500	PAIRED	RANDOM	GENOMIC	ILLUMINA	SAMN07815324	Psephotellus varius	SRP121377	PRJNA415089	2018-01-31	2610.0	250.0
SRR6214424	WGS	CSIRO	Illumina HiSeq 2500	PAIRED	RANDOM	GENOMIC	ILLUMINA	SAMN07815321	Psephotellus varius	SRP121377	PRJNA415089	2018-01-31	2506.0	250.0
SRR6214425	WGS	CSIRO	Illumina HiSeq 2500	PAIRED	RANDOM	GENOMIC	ILLUMINA	SAMN07815322	Psephotellus varius	SRP121377	PRJNA415089	2018-01-31	3519.0	250.0
SRR6214426	WGS	CSIRO	Illumina HiSeq 2500	PAIRED	RANDOM	GENOMIC	ILLUMINA	SAMN07815327	Psephotellus varius	SRP121377	PRJNA415089	2018-01-31	2621.0	250.0
SRR6214427	WGS	CSIRO	Illumina HiSeq 2500	PAIRED	RANDOM	GENOMIC	ILLUMINA	SAMN07815328	Psephotellus varius	SRP121377	PRJNA415089	2018-01-31	1541.0	250.0
SRR6214428	WGS	CSIRO	Illumina HiSeq 2500	PAIRED	RANDOM	GENOMIC	ILLUMINA	SAMN07815325	Psephotellus varius	SRP121377	PRJNA415089	2018-01-31	2146.0	250.0
SRR6214429	WGS	CSIRO	Illumina HiSeq 2500	PAIRED	RANDOM	GENOMIC	ILLUMINA	SAMN07815326	Psephotellus varius	SRP121377	PRJNA415089	2018-01-31	2751.0	250.0
SRR6214430	WGS	CSIRO	Illumina HiSeq 2500	PAIRED	RANDOM	GENOMIC	ILLUMINA	SAMN07815342	Psephotellus varius	SRP121377	PRJNA415089	2018-01-31	4421.0	250.0
SRR6214431	WGS	CSIRO	Illumina HiSeq 2500	PAIRED	RANDOM	GENOMIC	ILLUMINA	SAMN07815341	Psephotellus varius	SRP121377	PRJNA415089	2018-01-31	2619.0	250.0
SRR6214432	WGS	CSIRO	Illumina HiSeq 2500	PAIRED	RANDOM	GENOMIC	ILLUMINA	SAMN07815339	Psephotellus varius	SRP121377	PRJNA415089	2018-01-31	1463.0	250.0
SRR6214433	WGS	CSIRO	Illumina HiSeq 2500	PAIRED	RANDOM	GENOMIC	ILLUMINA	SAMN07815340	Psephotellus varius	SRP121377	PRJNA415089	2018-01-31	1369.0	250.0
SRR6214434	WGS	CSIRO	Illumina HiSeq 2500	PAIRED	RANDOM	GENOMIC	ILLUMINA	SAMN07815333	Psephotellus varius	SRP121377	PRJNA415089	2018-01-31	4378.0	250.0
SRR6214435	WGS	CSIRO	Illumina HiSeq 2500	PAIRED	RANDOM	GENOMIC	ILLUMINA	SAMN07815334	Psephotellus varius	SRP121377	PRJNA415089	2018-01-31	3212.0	250.0
SRR6214436	WGS	CSIRO	Illumina HiSeq 2500	PAIRED	RANDOM	GENOMIC	ILLUMINA	SAMN07815331	Psephotellus varius	SRP121377	PRJNA415089	2018-01-31	2695.0	250.0
SRR6214437	WGS	CSIRO	Illumina HiSeq 2500	PAIRED	RANDOM	GENOMIC	ILLUMINA	SAMN07815332	Psephotellus varius	SRP121377	PRJNA415089	2018-01-31	3220.0	250.0
SRR6214438	WGS	CSIRO	Illumina HiSeq 2500	PAIRED	RANDOM	GENOMIC	ILLUMINA	SAMN07815337	Psephotellus varius	SRP121377	PRJNA415089	2018-01-31	4396.0	250.0
SRR6214439	WGS	CSIRO	Illumina HiSeq 2500	PAIRED	RANDOM	GENOMIC	ILLUMINA	SAMN07815338	Psephotellus varius	SRP121377	PRJNA415089	2018-01-31	3092.0	250.0
SRR6214440	WGS	CSIRO	Illumina HiSeq 2500	PAIRED	RANDOM	GENOMIC	ILLUMINA	SAMN07815335	Psephotellus varius	SRP121377	PRJNA415089	2018-01-31	2573.0	250.0
SRR6214441	WGS	CSIRO	Illumina HiSeq 2500	PAIRED	RANDOM	GENOMIC	ILLUMINA	SAMN07815336	Psephotellus varius	SRP121377	PRJNA415089	2018-01-31	1397.0	250.0
SRR13483695	WGS	AMNH	HiSeq X Ten	PAIRED	Hybrid Selection	GENOMIC	ILLUMINA	SAMN17062578	Psephotellus varius	SRP302372	PRJNA692616	2023-03-27	255.0	193.0
SRR16368165	WGS	IRIDIAN GENOMES	HiSeq X Ten	PAIRED	RANDOM	GENOMIC	ILLUMINA	SAMN18863659	Psephotus haematonotus	SRP341680	PRJNA704064	2021-10-16	24121.0	300.0
SRR17211440	RNA-Seq	CHARLES UNIVERSITY, FACULTY OF SCIENCE	NextSeq 500	PAIRED	PolyA	TRANSCRIPTOMIC	ILLUMINA	SAMN23963147	Psephotus haematonotus	SRP350453	PRJNA788332	2021-12-13	12319.0	160.0
SRR13483710	WGS	AMNH	HiSeq X Ten	PAIRED	Hybrid Selection	GENOMIC	ILLUMINA	SAMN17062565	Psephotus haematonotus	SRP302372	PRJNA692616	2023-03-27	222.0	193.0
SRR8591113	WGS	AMNH	Illumina HiSeq 3000	PAIRED	Hybrid Selection	GENOMIC	ILLUMINA	SAMN10331350	Pseudeos cardinalis	SRP186257	PRJNA498485	2019-02-19	760.0	186.0
SRR8591114	WGS	AMNH	Illumina HiSeq 3000	PAIRED	Hybrid Selection	GENOMIC	ILLUMINA	SAMN10331351	Pseudeos cardinalis	SRP186257	PRJNA498485	2019-02-19	30.0	186.0
SRR8591141	WGS	AMNH	Illumina HiSeq 3000	PAIRED	Hybrid Selection	GENOMIC	ILLUMINA	SAMN10331349	Pseudeos cardinalis	SRP186257	PRJNA498485	2019-02-19	134.0	192.0
SRR25016312	WGS	CIBIO/BIOPOLIS	Illumina NovaSeq 6000	PAIRED	RANDOM	GENOMIC	ILLUMINA	SAMN35848039	Pseudeos fuscata	SRP445679	PRJNA986688	2024-11-12	11180.0	300.0
SRR25016313	WGS	CIBIO/BIOPOLIS	Illumina NovaSeq 6000	PAIRED	RANDOM	GENOMIC	ILLUMINA	SAMN35848038	Pseudeos fuscata	SRP445679	PRJNA986688	2024-11-12	15793.0	300.0
SRR25016314	WGS	CIBIO/BIOPOLIS	Illumina NovaSeq 6000	PAIRED	RANDOM	GENOMIC	ILLUMINA	SAMN35848037	Pseudeos fuscata	SRP445679	PRJNA986688	2024-11-12	14078.0	300.0
SRR25016315	RNA-Seq	CIBIO/BIOPOLIS	Illumina NovaSeq 6000	PAIRED	Oligo-dT	TRANSCRIPTOMIC	ILLUMINA	SAMN35848060	Pseudeos fuscata	SRP445679	PRJNA986688	2024-11-12	10605.0	302.0
SRR25016316	RNA-Seq	CIBIO/BIOPOLIS	Illumina NovaSeq 6000	PAIRED	Oligo-dT	TRANSCRIPTOMIC	ILLUMINA	SAMN35848059	Pseudeos fuscata	SRP445679	PRJNA986688	2024-11-12	12639.0	302.0
SRR25016317	RNA-Seq	CIBIO/BIOPOLIS	Illumina NovaSeq 6000	PAIRED	Oligo-dT	TRANSCRIPTOMIC	ILLUMINA	SAMN35848065	Pseudeos fuscata	SRP445679	PRJNA986688	2024-11-12	8252.0	302.0
SRR25016318	RNA-Seq	CIBIO/BIOPOLIS	Illumina NovaSeq 6000	PAIRED	Oligo-dT	TRANSCRIPTOMIC	ILLUMINA	SAMN35848065	Pseudeos fuscata	SRP445679	PRJNA986688	2024-11-12	14582.0	302.0
SRR25016319	RNA-Seq	CIBIO/BIOPOLIS	Illumina NovaSeq 6000	PAIRED	Oligo-dT	TRANSCRIPTOMIC	ILLUMINA	SAMN35848064	Pseudeos fuscata	SRP445679	PRJNA986688	2024-11-12	8873.0	302.0
SRR25016320	RNA-Seq	CIBIO/BIOPOLIS	Illumina NovaSeq 6000	PAIRED	Oligo-dT	TRANSCRIPTOMIC	ILLUMINA	SAMN35848062	Pseudeos fuscata	SRP445679	PRJNA986688	2024-11-12	12395.0	302.0
SRR25016321	WGS	CIBIO/BIOPOLIS	Illumina NovaSeq 6000	PAIRED	RANDOM	GENOMIC	ILLUMINA	SAMN35848036	Pseudeos fuscata	SRP445679	PRJNA986688	2024-11-12	16566.0	300.0
SRR25016322	RNA-Seq	CIBIO/BIOPOLIS	Illumina NovaSeq 6000	PAIRED	Oligo-dT	TRANSCRIPTOMIC	ILLUMINA	SAMN35848057	Pseudeos fuscata	SRP445679	PRJNA986688	2024-11-12	11193.0	302.0
SRR25016323	RNA-Seq	CIBIO/BIOPOLIS	Illumina NovaSeq 6000	PAIRED	Oligo-dT	TRANSCRIPTOMIC	ILLUMINA	SAMN35848057	Pseudeos fuscata	SRP445679	PRJNA986688	2024-11-12	10137.0	302.0
SRR25016324	WGS	CIBIO/BIOPOLIS	Sequel II	SINGLE	RANDOM	GENOMIC	PACBIO_SMRT	SAMN35848034	Pseudeos fuscata	SRP445679	PRJNA986688	2024-11-12	20055.0	17269.0
SRR25016325	WGS	CIBIO/BIOPOLIS	Illumina NovaSeq 6000	PAIRED	RANDOM	GENOMIC	ILLUMINA	SAMN35848086	Pseudeos fuscata	SRP445679	PRJNA986688	2024-11-12	26069.0	302.0
SRR25016326	WGS	CIBIO/BIOPOLIS	Illumina NovaSeq 6000	PAIRED	RANDOM	GENOMIC	ILLUMINA	SAMN35848085	Pseudeos fuscata	SRP445679	PRJNA986688	2024-11-12	21605.0	302.0
SRR25016327	WGS	CIBIO/BIOPOLIS	Illumina NovaSeq 6000	PAIRED	RANDOM	GENOMIC	ILLUMINA	SAMN35848084	Pseudeos fuscata	SRP445679	PRJNA986688	2024-11-12	27151.0	302.0
SRR25016328	WGS	CIBIO/BIOPOLIS	Illumina NovaSeq 6000	PAIRED	RANDOM	GENOMIC	ILLUMINA	SAMN35848083	Pseudeos fuscata	SRP445679	PRJNA986688	2024-11-12	24369.0	302.0
SRR25016329	WGS	CIBIO/BIOPOLIS	Illumina NovaSeq 6000	PAIRED	RANDOM	GENOMIC	ILLUMINA	SAMN35848082	Pseudeos fuscata	SRP445679	PRJNA986688	2024-11-12	20926.0	302.0
SRR25016330	WGS	CIBIO/BIOPOLIS	Illumina NovaSeq 6000	PAIRED	RANDOM	GENOMIC	ILLUMINA	SAMN35848081	Pseudeos fuscata	SRP445679	PRJNA986688	2024-11-12	18507.0	302.0
SRR25016331	WGS	CIBIO/BIOPOLIS	Illumina NovaSeq 6000	PAIRED	RANDOM	GENOMIC	ILLUMINA	SAMN35848080	Pseudeos fuscata	SRP445679	PRJNA986688	2024-11-12	24364.0	302.0
SRR25016332	WGS	CIBIO/BIOPOLIS	Illumina NovaSeq 6000	PAIRED	RANDOM	GENOMIC	ILLUMINA	SAMN35848035	Pseudeos fuscata	SRP445679	PRJNA986688	2024-11-12	15642.0	300.0
SRR25016333	WGS	CIBIO/BIOPOLIS	Illumina NovaSeq 6000	PAIRED	RANDOM	GENOMIC	ILLUMINA	SAMN35848079	Pseudeos fuscata	SRP445679	PRJNA986688	2024-11-12	32928.0	302.0
SRR25016334	WGS	CIBIO/BIOPOLIS	Illumina NovaSeq 6000	PAIRED	RANDOM	GENOMIC	ILLUMINA	SAMN35848078	Pseudeos fuscata	SRP445679	PRJNA986688	2024-11-12	21841.0	302.0
SRR25016335	WGS	CIBIO/BIOPOLIS	Illumina NovaSeq 6000	PAIRED	RANDOM	GENOMIC	ILLUMINA	SAMN35848077	Pseudeos fuscata	SRP445679	PRJNA986688	2024-11-12	17392.0	302.0
SRR25016336	WGS	CIBIO/BIOPOLIS	Illumina NovaSeq 6000	PAIRED	RANDOM	GENOMIC	ILLUMINA	SAMN35848076	Pseudeos fuscata	SRP445679	PRJNA986688	2024-11-12	28045.0	302.0
SRR25016337	WGS	CIBIO/BIOPOLIS	Illumina NovaSeq 6000	PAIRED	RANDOM	GENOMIC	ILLUMINA	SAMN35848075	Pseudeos fuscata	SRP445679	PRJNA986688	2024-11-12	26490.0	302.0
SRR25016338	WGS	CIBIO/BIOPOLIS	Illumina NovaSeq 6000	PAIRED	RANDOM	GENOMIC	ILLUMINA	SAMN35848074	Pseudeos fuscata	SRP445679	PRJNA986688	2024-11-12	20173.0	302.0
SRR25016339	WGS	CIBIO/BIOPOLIS	Illumina NovaSeq 6000	PAIRED	RANDOM	GENOMIC	ILLUMINA	SAMN35848073	Pseudeos fuscata	SRP445679	PRJNA986688	2024-11-12	16001.0	302.0
SRR25016340	WGS	CIBIO/BIOPOLIS	Illumina NovaSeq 6000	PAIRED	RANDOM	GENOMIC	ILLUMINA	SAMN35848072	Pseudeos fuscata	SRP445679	PRJNA986688	2024-11-12	13141.0	300.0
SRR25016341	WGS	CIBIO/BIOPOLIS	Illumina NovaSeq 6000	PAIRED	RANDOM	GENOMIC	ILLUMINA	SAMN35848071	Pseudeos fuscata	SRP445679	PRJNA986688	2024-11-12	7701.0	300.0
SRR25016342	WGS	CIBIO/BIOPOLIS	Illumina NovaSeq 6000	PAIRED	RANDOM	GENOMIC	ILLUMINA	SAMN35848070	Pseudeos fuscata	SRP445679	PRJNA986688	2024-11-12	10548.0	300.0
SRR25016343	WGS	CIBIO/BIOPOLIS	Illumina NovaSeq 6000	PAIRED	RANDOM	GENOMIC	ILLUMINA	SAMN35848034	Pseudeos fuscata	SRP445679	PRJNA986688	2024-11-12	14990.0	300.0
SRR25016344	WGS	CIBIO/BIOPOLIS	Illumina NovaSeq 6000	PAIRED	RANDOM	GENOMIC	ILLUMINA	SAMN35848069	Pseudeos fuscata	SRP445679	PRJNA986688	2024-11-12	10366.0	300.0
SRR25016345	WGS	CIBIO/BIOPOLIS	Illumina NovaSeq 6000	PAIRED	RANDOM	GENOMIC	ILLUMINA	SAMN35848068	Pseudeos fuscata	SRP445679	PRJNA986688	2024-11-12	10889.0	300.0
SRR25016346	WGS	CIBIO/BIOPOLIS	Illumina NovaSeq 6000	PAIRED	RANDOM	GENOMIC	ILLUMINA	SAMN35848067	Pseudeos fuscata	SRP445679	PRJNA986688	2024-11-12	9091.0	300.0
SRR25016347	WGS	CIBIO/BIOPOLIS	Illumina NovaSeq 6000	PAIRED	RANDOM	GENOMIC	ILLUMINA	SAMN35848066	Pseudeos fuscata	SRP445679	PRJNA986688	2024-11-12	10543.0	300.0
SRR25016348	WGS	CIBIO/BIOPOLIS	Illumina NovaSeq 6000	PAIRED	RANDOM	GENOMIC	ILLUMINA	SAMN35848065	Pseudeos fuscata	SRP445679	PRJNA986688	2024-11-12	16221.0	300.0
SRR25016349	WGS	CIBIO/BIOPOLIS	Illumina NovaSeq 6000	PAIRED	RANDOM	GENOMIC	ILLUMINA	SAMN35848064	Pseudeos fuscata	SRP445679	PRJNA986688	2024-11-12	28514.0	300.0
SRR25016350	WGS	CIBIO/BIOPOLIS	Illumina NovaSeq 6000	PAIRED	RANDOM	GENOMIC	ILLUMINA	SAMN35848063	Pseudeos fuscata	SRP445679	PRJNA986688	2024-11-12	20020.0	300.0
SRR25016351	WGS	CIBIO/BIOPOLIS	Illumina NovaSeq 6000	PAIRED	RANDOM	GENOMIC	ILLUMINA	SAMN35848062	Pseudeos fuscata	SRP445679	PRJNA986688	2024-11-12	29365.0	300.0
SRR25016352	WGS	CIBIO/BIOPOLIS	Illumina NovaSeq 6000	PAIRED	RANDOM	GENOMIC	ILLUMINA	SAMN35848061	Pseudeos fuscata	SRP445679	PRJNA986688	2024-11-12	30976.0	300.0
SRR25016353	WGS	CIBIO/BIOPOLIS	Illumina NovaSeq 6000	PAIRED	RANDOM	GENOMIC	ILLUMINA	SAMN35848060	Pseudeos fuscata	SRP445679	PRJNA986688	2024-11-12	33374.0	300.0
SRR25016354	WGS	CIBIO/BIOPOLIS	Illumina NovaSeq 6000	PAIRED	RANDOM	GENOMIC	ILLUMINA	SAMN35848033	Pseudeos fuscata	SRP445679	PRJNA986688	2024-11-12	14017.0	300.0
SRR25016355	WGS	CIBIO/BIOPOLIS	Illumina NovaSeq 6000	PAIRED	RANDOM	GENOMIC	ILLUMINA	SAMN35848059	Pseudeos fuscata	SRP445679	PRJNA986688	2024-11-12	21550.0	300.0
SRR25016356	WGS	CIBIO/BIOPOLIS	Illumina NovaSeq 6000	PAIRED	RANDOM	GENOMIC	ILLUMINA	SAMN35848058	Pseudeos fuscata	SRP445679	PRJNA986688	2024-11-12	11340.0	300.0
SRR25016357	WGS	CIBIO/BIOPOLIS	Illumina NovaSeq 6000	PAIRED	RANDOM	GENOMIC	ILLUMINA	SAMN35848057	Pseudeos fuscata	SRP445679	PRJNA986688	2024-11-12	13476.0	300.0
SRR25016358	WGS	CIBIO/BIOPOLIS	Illumina NovaSeq 6000	PAIRED	RANDOM	GENOMIC	ILLUMINA	SAMN35848056	Pseudeos fuscata	SRP445679	PRJNA986688	2024-11-12	32708.0	300.0
SRR25016359	WGS	CIBIO/BIOPOLIS	Illumina NovaSeq 6000	PAIRED	RANDOM	GENOMIC	ILLUMINA	SAMN35848055	Pseudeos fuscata	SRP445679	PRJNA986688	2024-11-12	13470.0	300.0
SRR25016360	WGS	CIBIO/BIOPOLIS	Illumina NovaSeq 6000	PAIRED	RANDOM	GENOMIC	ILLUMINA	SAMN35848054	Pseudeos fuscata	SRP445679	PRJNA986688	2024-11-12	16524.0	300.0
SRR25016361	WGS	CIBIO/BIOPOLIS	Illumina NovaSeq 6000	PAIRED	RANDOM	GENOMIC	ILLUMINA	SAMN35848053	Pseudeos fuscata	SRP445679	PRJNA986688	2024-11-12	16012.0	300.0
SRR25016362	WGS	CIBIO/BIOPOLIS	Illumina NovaSeq 6000	PAIRED	RANDOM	GENOMIC	ILLUMINA	SAMN35848052	Pseudeos fuscata	SRP445679	PRJNA986688	2024-11-12	23503.0	300.0
SRR25016363	WGS	CIBIO/BIOPOLIS	Illumina NovaSeq 6000	PAIRED	RANDOM	GENOMIC	ILLUMINA	SAMN35848051	Pseudeos fuscata	SRP445679	PRJNA986688	2024-11-12	12701.0	300.0
SRR25016364	WGS	CIBIO/BIOPOLIS	Illumina NovaSeq 6000	PAIRED	RANDOM	GENOMIC	ILLUMINA	SAMN35848050	Pseudeos fuscata	SRP445679	PRJNA986688	2024-11-12	17127.0	300.0
SRR25016365	WGS	CIBIO/BIOPOLIS	Illumina NovaSeq 6000	PAIRED	RANDOM	GENOMIC	ILLUMINA	SAMN35848032	Pseudeos fuscata	SRP445679	PRJNA986688	2024-11-12	15212.0	300.0
SRR25016366	WGS	CIBIO/BIOPOLIS	Illumina NovaSeq 6000	PAIRED	RANDOM	GENOMIC	ILLUMINA	SAMN35848049	Pseudeos fuscata	SRP445679	PRJNA986688	2024-11-12	14290.0	300.0
SRR25016367	WGS	CIBIO/BIOPOLIS	Illumina NovaSeq 6000	PAIRED	RANDOM	GENOMIC	ILLUMINA	SAMN35848048	Pseudeos fuscata	SRP445679	PRJNA986688	2024-11-12	13953.0	300.0
SRR25016368	WGS	CIBIO/BIOPOLIS	Illumina NovaSeq 6000	PAIRED	RANDOM	GENOMIC	ILLUMINA	SAMN35848047	Pseudeos fuscata	SRP445679	PRJNA986688	2024-11-12	12887.0	300.0
SRR25016369	WGS	CIBIO/BIOPOLIS	Illumina NovaSeq 6000	PAIRED	RANDOM	GENOMIC	ILLUMINA	SAMN35848046	Pseudeos fuscata	SRP445679	PRJNA986688	2024-11-12	13775.0	300.0
SRR25016370	WGS	CIBIO/BIOPOLIS	Illumina NovaSeq 6000	PAIRED	RANDOM	GENOMIC	ILLUMINA	SAMN35848045	Pseudeos fuscata	SRP445679	PRJNA986688	2024-11-12	16462.0	300.0
SRR25016371	WGS	CIBIO/BIOPOLIS	Illumina NovaSeq 6000	PAIRED	RANDOM	GENOMIC	ILLUMINA	SAMN35848044	Pseudeos fuscata	SRP445679	PRJNA986688	2024-11-12	16663.0	300.0
SRR25016372	WGS	CIBIO/BIOPOLIS	Illumina NovaSeq 6000	PAIRED	RANDOM	GENOMIC	ILLUMINA	SAMN35848043	Pseudeos fuscata	SRP445679	PRJNA986688	2024-11-12	14628.0	300.0
SRR25016373	WGS	CIBIO/BIOPOLIS	Illumina NovaSeq 6000	PAIRED	RANDOM	GENOMIC	ILLUMINA	SAMN35848042	Pseudeos fuscata	SRP445679	PRJNA986688	2024-11-12	14618.0	300.0
SRR25016374	WGS	CIBIO/BIOPOLIS	Illumina NovaSeq 6000	PAIRED	RANDOM	GENOMIC	ILLUMINA	SAMN35848041	Pseudeos fuscata	SRP445679	PRJNA986688	2024-11-12	39621.0	300.0
SRR25016375	WGS	CIBIO/BIOPOLIS	Illumina NovaSeq 6000	PAIRED	RANDOM	GENOMIC	ILLUMINA	SAMN35848040	Pseudeos fuscata	SRP445679	PRJNA986688	2024-11-12	43657.0	300.0
SRR25016376	WGS	CIBIO/BIOPOLIS	Illumina NovaSeq 6000	PAIRED	RANDOM	GENOMIC	ILLUMINA	SAMN35848031	Pseudeos fuscata	SRP445679	PRJNA986688	2024-11-12	14970.0	300.0
SRR25016377	WGS	CIBIO/BIOPOLIS	Illumina NovaSeq 6000	PAIRED	RANDOM	GENOMIC	ILLUMINA	SAMN35848030	Pseudeos fuscata	SRP445679	PRJNA986688	2024-11-12	14463.0	300.0
SRR26062571	FL-cDNA	CIBIO/BIOPOLIS	Sequel II	SINGLE	Oligo-dT	TRANSCRIPTOMIC	PACBIO_SMRT	SAMN35848036	Pseudeos fuscata	SRP445679	PRJNA986688	2024-11-12	2431.0	2397.0
SRR26062572	FL-cDNA	CIBIO/BIOPOLIS	Sequel II	SINGLE	Oligo-dT	TRANSCRIPTOMIC	PACBIO_SMRT	SAMN35848064	Pseudeos fuscata	SRP445679	PRJNA986688	2024-11-12	1502.0	1997.0
SRR26062573	FL-cDNA	CIBIO/BIOPOLIS	Sequel II	SINGLE	Oligo-dT	TRANSCRIPTOMIC	PACBIO_SMRT	SAMN35848062	Pseudeos fuscata	SRP445679	PRJNA986688	2024-11-12	1129.0	1124.0
SRR26062574	FL-cDNA	CIBIO/BIOPOLIS	Sequel II	SINGLE	Oligo-dT	TRANSCRIPTOMIC	PACBIO_SMRT	SAMN35848065	Pseudeos fuscata	SRP445679	PRJNA986688	2024-11-12	3529.0	1694.0
SRR26062575	FL-cDNA	CIBIO/BIOPOLIS	Sequel II	SINGLE	Oligo-dT	TRANSCRIPTOMIC	PACBIO_SMRT	SAMN35848059	Pseudeos fuscata	SRP445679	PRJNA986688	2024-11-12	1147.0	1139.0
SRR26062576	FL-cDNA	CIBIO/BIOPOLIS	Sequel II	SINGLE	Oligo-dT	TRANSCRIPTOMIC	PACBIO_SMRT	SAMN35848057	Pseudeos fuscata	SRP445679	PRJNA986688	2024-11-12	3578.0	1724.0
SRR8591109	WGS	AMNH	Illumina HiSeq 3000	PAIRED	Hybrid Selection	GENOMIC	ILLUMINA	SAMN10331354	Pseudeos fuscata incondita	SRP186257	PRJNA498485	2019-02-19	308.0	126.0
SRR8591111	WGS	AMNH	Illumina HiSeq 3000	PAIRED	Hybrid Selection	GENOMIC	ILLUMINA	SAMN10331352	Pseudeos fuscata incondita	SRP186257	PRJNA498485	2019-02-19	270.0	193.0
SRR8591112	WGS	AMNH	Illumina HiSeq 3000	PAIRED	Hybrid Selection	GENOMIC	ILLUMINA	SAMN10331353	Pseudeos fuscata incondita	SRP186257	PRJNA498485	2019-02-19	155.0	187.0
SRR21034937	WGS	IRIDIAN GENOMES	HiSeq X Ten	PAIRED	RANDOM	GENOMIC	ILLUMINA	SAMN18613289	Psilopsiagon aurifrons	SRP391975	PRJNA704000	2022-08-13	37882.0	300.0
SRR13483707	WGS	AMNH	HiSeq X Ten	PAIRED	Hybrid Selection	GENOMIC	ILLUMINA	SAMN17062567	Psilopsiagon aurifrons	SRP302372	PRJNA692616	2023-03-27	185.0	191.0
SRR20653312	WGS	IRIDIAN GENOMES	HiSeq X Ten	PAIRED	RANDOM	GENOMIC	ILLUMINA	SAMN18863658	Psilopsiagon aymara	SRP388257	PRJNA704001	2022-07-26	29571.0	300.0
SRR13483706	WGS	AMNH	HiSeq X Ten	PAIRED	Hybrid Selection	GENOMIC	ILLUMINA	SAMN17062568	Psilopsiagon aymara	SRP302372	PRJNA692616	2023-03-27	337.0	192.0
SRR13483705	WGS	AMNH	Illumina HiSeq 3000	PAIRED	Hybrid Selection	GENOMIC	ILLUMINA	SAMN17062569	Psittacara brevipes	SRP302372	PRJNA692616	2023-03-27	524.0	195.0
SRR16643060	WGS	IRIDIAN GENOMES	HiSeq X Ten	PAIRED	RANDOM	GENOMIC	ILLUMINA	SAMN19459816	Psittacara chloropterus	SRP343874	PRJNA703663	2021-11-01	19547.0	300.0
SRR13483704	WGS	AMNH	HiSeq X Ten	PAIRED	Hybrid Selection	GENOMIC	ILLUMINA	SAMN17062570	Psittacara erythrogenys	SRP302372	PRJNA692616	2023-03-27	369.0	193.0
SRR23998337	WGS	IRIDIAN GENOMES	HiSeq X Ten	PAIRED	RANDOM	GENOMIC	ILLUMINA	SAMN32398549	Psittacara erythrogenys	SRP429836	PRJNA703664	2023-03-28	36396.0	300.0
ERR16897674	WGS	B10K PROJECT	DNBSEQ-T7	PAIRED	RANDOM	GENOMIC	DNBSEQ	SAMEA121960512	Psittacara erythrogenys	ERP184347	PRJEB102986	2026-03-22	139589.0	242.0
SRR13483892	WGS	AMNH	Illumina HiSeq 3000	PAIRED	Hybrid Selection	GENOMIC	ILLUMINA	SAMN17062399	Psittacara euops	SRP302372	PRJNA692616	2023-03-27	1436.0	260.0
SRR13483703	WGS	AMNH	HiSeq X Ten	PAIRED	Hybrid Selection	GENOMIC	ILLUMINA	SAMN17062571	Psittacara finschi	SRP302372	PRJNA692616	2023-03-27	289.0	193.0
SRR25338823	WGS	IRIDIAN GENOMES	HiSeq X Ten	PAIRED	RANDOM	GENOMIC	ILLUMINA	SAMN32398551	Psittacara finschi	SRP450317	PRJNA703665	2023-07-19	20368.0	300.0
ERR16897669	WGS	B10K PROJECT	DNBSEQ-T7	PAIRED	RANDOM	GENOMIC	DNBSEQ	SAMEA121200980	Psittacara finschi	ERP184347	PRJEB102986	2026-03-21	107528.0	242.0
SRR16216978	WGS	IRIDIAN GENOMES	HiSeq X Ten	PAIRED	RANDOM	GENOMIC	ILLUMINA	SAMN18520323	Psittacara holochlorus	SRP340220	PRJNA703666	2021-10-06	43739.0	300.0
SRR13483698	WGS	AMNH	HiSeq X Ten	PAIRED	Hybrid Selection	GENOMIC	ILLUMINA	SAMN17062576	Psittacara holochlorus	SRP302372	PRJNA692616	2023-03-27	173.0	192.0
SRR13483702	WGS	AMNH	HiSeq X Ten	PAIRED	Hybrid Selection	GENOMIC	ILLUMINA	SAMN17062572	Psittacara holochlorus	SRP302372	PRJNA692616	2023-03-27	227.0	194.0
SRR16687840	WGS	IRIDIAN GENOMES	HiSeq X Ten	PAIRED	RANDOM	GENOMIC	ILLUMINA	SAMN19459817	Psittacara leucophthalmus	SRP344142	PRJNA703667	2021-11-02	24913.0	300.0
SRR13483931	WGS	AMNH	HiSeq X Ten	PAIRED	Hybrid Selection	GENOMIC	ILLUMINA	SAMN17062303	Psittacara leucophthalmus	SRP302372	PRJNA692616	2023-03-27	246.0	201.0
SRR16761972	WGS	IRIDIAN GENOMES	HiSeq X Ten	PAIRED	RANDOM	GENOMIC	ILLUMINA	SAMN18520324	Psittacara mitratus	SRP344384	PRJNA703668	2021-11-06	20345.0	300.0
SRR13483700	WGS	AMNH	HiSeq X Ten	PAIRED	Hybrid Selection	GENOMIC	ILLUMINA	SAMN17062574	Psittacara mitratus	SRP302372	PRJNA692616	2023-03-27	279.0	193.0
SRR13483699	WGS	AMNH	Illumina HiSeq 3000	PAIRED	Hybrid Selection	GENOMIC	ILLUMINA	SAMN17062575	Psittacara rubritorquis	SRP302372	PRJNA692616	2023-03-27	251.0	193.0
SRR24603967	WGS	IRIDIAN GENOMES	HiSeq X Ten	PAIRED	RANDOM	GENOMIC	ILLUMINA	SAMN35104388	Psittacara rubritorquis	SRP438131	PRJNA703670	2023-05-17	17358.0	300.0
SRR16762203	WGS	IRIDIAN GENOMES	HiSeq X Ten	PAIRED	RANDOM	GENOMIC	ILLUMINA	SAMN18520325	Psittacara wagleri	SRP344388	PRJNA703671	2021-11-05	28367.0	300.0
SRR13483696	WGS	AMNH	HiSeq X Ten	PAIRED	Hybrid Selection	GENOMIC	ILLUMINA	SAMN17062577	Psittacara wagleri	SRP302372	PRJNA692616	2023-03-27	207.0	194.0
SRR28374720	Targeted-Capture	AMERICAN MUSEUM OF NATURAL HISTORY	HiSeq X Ten	PAIRED	Reduced Representation	GENOMIC	ILLUMINA	SAMN40022586	Psittacara wagleri	SRP302372	PRJNA692616	2024-03-18	2035.0	313.0
SRR13483806	WGS	AMNH	HiSeq X Ten	PAIRED	Hybrid Selection	GENOMIC	ILLUMINA	SAMN17062478	Psittacella brehmii	SRP302372	PRJNA692616	2023-03-27	122.0	201.0
SRR13483796	WGS	AMNH	HiSeq X Ten	PAIRED	Hybrid Selection	GENOMIC	ILLUMINA	SAMN17062487	Psittacella madaraszi	SRP302372	PRJNA692616	2023-03-27	261.0	201.0
SRR13483701	WGS	AMNH	HiSeq X Ten	PAIRED	Hybrid Selection	GENOMIC	ILLUMINA	SAMN17062573	Psittacella modesta subcollaris	SRP302372	PRJNA692616	2023-03-27	381.0	192.0
SRR13483658	WGS	AMNH	HiSeq X Ten	PAIRED	Hybrid Selection	GENOMIC	ILLUMINA	SAMN17062611	Psittacella picta	SRP302372	PRJNA692616	2023-03-27	515.0	201.0
SRR8236664	WGS	LOUISIANA STATE UNIVERSITY	Illumina HiSeq 2000	PAIRED	Hybrid Selection	GENOMIC	ILLUMINA	SAMN10450351	Psittacula alexandri	SRP170078	PRJNA480834	2018-11-21	411.0	200.0
SRR13483779	WGS	AMNH	HiSeq X Ten	PAIRED	Hybrid Selection	GENOMIC	ILLUMINA	SAMN17062502	Psittacula alexandri	SRP302372	PRJNA692616	2023-03-27	135.0	191.0
SRR13483778	WGS	AMNH	HiSeq X Ten	PAIRED	Hybrid Selection	GENOMIC	ILLUMINA	SAMN17062503	Psittacula calthrapae	SRP302372	PRJNA692616	2023-03-27	396.0	195.0
SRR13483777	WGS	AMNH	HiSeq X Ten	PAIRED	Hybrid Selection	GENOMIC	ILLUMINA	SAMN17062504	Psittacula caniceps	SRP302372	PRJNA692616	2023-03-27	457.0	182.0
SRR23707200	WGS	IRIDIAN GENOMES	HiSeq X Ten	PAIRED	RANDOM	GENOMIC	ILLUMINA	SAMN32398564	Psittacula columboides	SRP425823	PRJNA703615	2023-03-06	29042.0	300.0
SRR13483803	WGS	AMNH	HiSeq X Ten	PAIRED	Hybrid Selection	GENOMIC	ILLUMINA	SAMN17062481	Psittacula columboides	SRP302372	PRJNA692616	2023-03-27	360.0	201.0
SRR14197418	WGS	IRIDIAN GENOMES	HiSeq X Ten	PAIRED	RANDOM	GENOMIC	ILLUMINA	SAMN18683783	Psittacula cyanocephala	SRP314225	PRJNA703616	2021-04-09	21040.0	300.0
SRR13483801	WGS	AMNH	HiSeq X Ten	PAIRED	Hybrid Selection	GENOMIC	ILLUMINA	SAMN17062483	Psittacula cyanocephala	SRP302372	PRJNA692616	2023-03-27	240.0	201.0
SRR25658535	WGS	IRIDIAN GENOMES	HiSeq X Ten	PAIRED	RANDOM	GENOMIC	ILLUMINA	SAMN18683783	Psittacula cyanocephala	SRP314225	PRJNA703616	2023-08-16	19838.0	300.0
SRR22671488	WGS	IRIDIAN GENOMES	HiSeq X Ten	PAIRED	RANDOM	GENOMIC	ILLUMINA	SAMN18863455	Psittacula derbiana	SRP412334	PRJNA703617	2022-12-10	59282.0	300.0
SRR13483800	WGS	AMNH	HiSeq X Ten	PAIRED	Hybrid Selection	GENOMIC	ILLUMINA	SAMN17062484	Psittacula derbiana	SRP302372	PRJNA692616	2023-03-27	290.0	201.0
SRR25269388	WGS	SNEHIL MEHTA	AB SOLiD 3 Plus System	SINGLE	PCR	GENOMIC	ABI_SOLID	SAMN36426738	Psittacula echo	SRP449477	PRJNA994424	2023-07-14	0.0	973.0
SRR25269389	WGS	SNEHIL MEHTA	AB SOLiD 3 Plus System	SINGLE	PCR	GENOMIC	ABI_SOLID	SAMN36426737	Psittacula echo	SRP449477	PRJNA994424	2023-07-14	0.0	967.0
SRR25269390	WGS	SNEHIL MEHTA	AB SOLiD 3 Plus System	SINGLE	PCR	GENOMIC	ABI_SOLID	SAMN36426736	Psittacula echo	SRP449477	PRJNA994424	2023-07-14	0.0	1025.0
SRR25269391	WGS	SNEHIL MEHTA	AB SOLiD 3 Plus System	SINGLE	PCR	GENOMIC	ABI_SOLID	SAMN36426735	Psittacula echo	SRP449477	PRJNA994424	2023-07-14	0.0	1058.0
SRR25269392	WGS	SNEHIL MEHTA	AB SOLiD 3 Plus System	SINGLE	PCR	GENOMIC	ABI_SOLID	SAMN36426734	Psittacula echo	SRP449477	PRJNA994424	2023-07-14	0.0	923.0
SRR25269393	WGS	SNEHIL MEHTA	AB SOLiD 3 Plus System	SINGLE	PCR	GENOMIC	ABI_SOLID	SAMN36426733	Psittacula echo	SRP449477	PRJNA994424	2023-07-14	0.0	965.0
ERR11809168	WGS	WELLCOME SANGER INSTITUTE	Revio	SINGLE	RANDOM	GENOMIC	PACBIO_SMRT	SAMEA12361733	Psittacula echo	ERP149929	PRJEB64767	2023-09-01	69153.0	12760.0
ERR11809169	WGS	WELLCOME SANGER INSTITUTE	Sequel IIe	SINGLE	RANDOM	GENOMIC	PACBIO_SMRT	SAMEA12361733	Psittacula echo	ERP149929	PRJEB64767	2023-09-01	26338.0	12455.0
ERR11814144	Hi-C	WELLCOME SANGER INSTITUTE	Illumina NovaSeq 6000	PAIRED	Restriction Digest	GENOMIC	ILLUMINA	SAMEA12361727	Psittacula echo	ERP149929	PRJEB64767	2023-09-01	78536.0	302.0
ERR11814145	RNA-Seq	WELLCOME SANGER INSTITUTE	Illumina NovaSeq 6000	PAIRED	PolyA	TRANSCRIPTOMIC	ILLUMINA	SAMEA12361727	Psittacula echo	ERP149929	PRJEB64767	2023-09-01	9638.0	302.0
ERR12765146	WGS	WELLCOME SANGER INSTITUTE	Illumina NovaSeq 6000	PAIRED	RANDOM	GENOMIC	ILLUMINA	SAMEA12361727	Psittacula echo	ERP149929	PRJEB64767	2024-07-28	62654.0	302.0
ERR12765147	WGS	WELLCOME SANGER INSTITUTE	Illumina NovaSeq 6000	PAIRED	RANDOM	GENOMIC	ILLUMINA	SAMEA12361730	Psittacula echo	ERP149929	PRJEB64767	2024-07-28	65456.0	302.0
SRR13483814	WGS	AMNH	HiSeq X Ten	PAIRED	Hybrid Selection	GENOMIC	ILLUMINA	SAMN17062470	Psittacula echo	SRP302372	PRJNA692616	2025-01-19	459.0	277.0
ERR17875044	WGS	WELLCOME SANGER INSTITUTE	PromethION	SINGLE	RANDOM	GENOMIC	OXFORD_NANOPORE	SAMEA12361733	Psittacula echo	ERP149929	PRJEB64767	2026-09-13		
SRR13483776	WGS	AMNH	HiSeq X Ten	PAIRED	Hybrid Selection	GENOMIC	ILLUMINA	SAMN17062505	Psittacula eupatria	SRP302372	PRJNA692616	2023-03-27	286.0	193.0
SRR23998350	WGS	IRIDIAN GENOMES	HiSeq X Ten	PAIRED	RANDOM	GENOMIC	ILLUMINA	SAMN32398565	Psittacula eupatria	SRP429839	PRJNA703620	2023-03-28	35954.0	300.0
SRR13483775	WGS	AMNH	HiSeq X Ten	PAIRED	Hybrid Selection	GENOMIC	ILLUMINA	SAMN17062506	Psittacula finschii	SRP302372	PRJNA692616	2023-03-27	615.0	195.0
SRR23712161	WGS	IRIDIAN GENOMES	HiSeq X Ten	PAIRED	RANDOM	GENOMIC	ILLUMINA	SAMN32398566	Psittacula himalayana	SRP425851	PRJNA703622	2023-03-06	17470.0	300.0
SRR13483773	WGS	AMNH	Illumina HiSeq 3000	PAIRED	Hybrid Selection	GENOMIC	ILLUMINA	SAMN17062507	Psittacula himalayana himalayana	SRP302372	PRJNA692616	2023-03-27	86.0	191.0
SRR13483772	WGS	AMNH	HiSeq X Ten	PAIRED	Hybrid Selection	GENOMIC	ILLUMINA	SAMN17062508	Psittacula krameri	SRP302372	PRJNA692616	2023-03-27	162.0	191.0
SRR25566675	AMPLICON	LEIBNIZ INSTITUTE FOR THE ANALYSIS OF BIODIVERSITY CHANGE	Illumina MiSeq	PAIRED	PCR	GENOMIC	ILLUMINA	SAMN36886197	Psittacula krameri	SRP432106	PRJNA954578	2024-12-31	117.0	580.0
SRR25566676	AMPLICON	LEIBNIZ INSTITUTE FOR THE ANALYSIS OF BIODIVERSITY CHANGE	Illumina MiSeq	PAIRED	PCR	GENOMIC	ILLUMINA	SAMN36886199	Psittacula krameri	SRP432106	PRJNA954578	2024-12-31	115.0	576.0
SRR25566677	AMPLICON	LEIBNIZ INSTITUTE FOR THE ANALYSIS OF BIODIVERSITY CHANGE	Illumina MiSeq	PAIRED	PCR	GENOMIC	ILLUMINA	SAMN36886193	Psittacula krameri	SRP432106	PRJNA954578	2024-12-31	104.0	579.0
SRR25566678	AMPLICON	LEIBNIZ INSTITUTE FOR THE ANALYSIS OF BIODIVERSITY CHANGE	Illumina MiSeq	PAIRED	PCR	GENOMIC	ILLUMINA	SAMN36886190	Psittacula krameri	SRP432106	PRJNA954578	2024-12-31	113.0	578.0
SRR25566679	AMPLICON	LEIBNIZ INSTITUTE FOR THE ANALYSIS OF BIODIVERSITY CHANGE	Illumina MiSeq	PAIRED	PCR	GENOMIC	ILLUMINA	SAMN36886198	Psittacula krameri	SRP432106	PRJNA954578	2024-12-31	102.0	582.0
SRR25566680	AMPLICON	LEIBNIZ INSTITUTE FOR THE ANALYSIS OF BIODIVERSITY CHANGE	Illumina MiSeq	PAIRED	PCR	GENOMIC	ILLUMINA	SAMN36886194	Psittacula krameri	SRP432106	PRJNA954578	2024-12-31	116.0	582.0
SRR25566682	AMPLICON	LEIBNIZ INSTITUTE FOR THE ANALYSIS OF BIODIVERSITY CHANGE	Illumina MiSeq	PAIRED	PCR	GENOMIC	ILLUMINA	SAMN36886196	Psittacula krameri	SRP432106	PRJNA954578	2024-12-31	104.0	581.0
SRR25566683	AMPLICON	LEIBNIZ INSTITUTE FOR THE ANALYSIS OF BIODIVERSITY CHANGE	Illumina MiSeq	PAIRED	PCR	GENOMIC	ILLUMINA	SAMN36886195	Psittacula krameri	SRP432106	PRJNA954578	2024-12-31	100.0	580.0
SRR25566684	AMPLICON	LEIBNIZ INSTITUTE FOR THE ANALYSIS OF BIODIVERSITY CHANGE	Illumina MiSeq	PAIRED	PCR	GENOMIC	ILLUMINA	SAMN36886192	Psittacula krameri	SRP432106	PRJNA954578	2024-12-31	104.0	581.0
SRR25566685	AMPLICON	LEIBNIZ INSTITUTE FOR THE ANALYSIS OF BIODIVERSITY CHANGE	Illumina MiSeq	PAIRED	PCR	GENOMIC	ILLUMINA	SAMN36886191	Psittacula krameri	SRP432106	PRJNA954578	2024-12-31	117.0	580.0
ERR17606587	Hi-C	WELLCOME SANGER INSTITUTE	Illumina NovaSeq X	PAIRED	Restriction Digest	GENOMIC	ILLUMINA	SAMEA118680474	Psittacula krameri	ERP201347	PRJEB121289	2026-07-30	117876.0	302.0
ERR17875017	WGS	WELLCOME SANGER INSTITUTE	PromethION	SINGLE	RANDOM	GENOMIC	OXFORD_NANOPORE	SAMEA118680474	Psittacula krameri	ERP201347	PRJEB121289	2026-09-13		
SRR13483771	WGS	AMNH	HiSeq X Ten	PAIRED	Hybrid Selection	GENOMIC	ILLUMINA	SAMN17062509	Psittacula longicauda	SRP302372	PRJNA692616	2023-03-27	176.0	193.0
SRR24582419	WGS	IRIDIAN GENOMES	HiSeq X Ten	PAIRED	RANDOM	GENOMIC	ILLUMINA	SAMN35104389	Psittacula longicauda	SRP438005	PRJNA703624	2023-05-16	24820.0	300.0
SRR24582386	WGS	IRIDIAN GENOMES	HiSeq X Ten	PAIRED	RANDOM	GENOMIC	ILLUMINA	SAMN35104390	Psittacula roseata	SRP438002	PRJNA703625	2023-05-16	17607.0	300.0
SRR13483666	WGS	AMNH	HiSeq X Ten	PAIRED	Hybrid Selection	GENOMIC	ILLUMINA	SAMN17062604	Psittacula roseata juneae	SRP302372	PRJNA692616	2023-03-27	1619.0	269.0
SRR13483770	WGS	AMNH	HiSeq X Ten	PAIRED	Hybrid Selection	GENOMIC	ILLUMINA	SAMN17062510	Psittaculirostris desmarestii	SRP302372	PRJNA692616	2023-03-27	217.0	192.0
SRR8591028	WGS	AMNH	Illumina HiSeq 3000	PAIRED	Hybrid Selection	GENOMIC	ILLUMINA	SAMN10331410	Psittaculirostris edwardsii	SRP186257	PRJNA498485	2019-02-19	314.0	186.0
SRR13483769	WGS	AMNH	HiSeq X Ten	PAIRED	Hybrid Selection	GENOMIC	ILLUMINA	SAMN17062511	Psittaculirostris edwardsii	SRP302372	PRJNA692616	2023-03-27	37.0	186.0
SRR13483787	WGS	AMNH	HiSeq X Ten	PAIRED	Hybrid Selection	GENOMIC	ILLUMINA	SAMN17062496	Psittaculirostris salvadorii	SRP302372	PRJNA692616	2023-03-27	274.0	201.0
SRR8236665	WGS	LOUISIANA STATE UNIVERSITY	Illumina HiSeq 2000	PAIRED	Hybrid Selection	GENOMIC	ILLUMINA	SAMN10450352	Psittacus erithacus	SRP170078	PRJNA480834	2018-11-21	336.0	200.0
SRR9613761	WGS	IRIDIAN GENOMES	Illumina HiSeq X Ten	PAIRED	RANDOM	GENOMIC	ILLUMINA	SAMN12165726	Psittacus erithacus	SRP212339	PRJNA551771	2019-06-29	25655.0	300.0
SRR12017983	WGS	IRIDIAN GENOMES	HiSeq X Ten	SINGLE	RANDOM	GENOMIC	ILLUMINA	SAMN12165726	Psittacus erithacus	SRP212339	PRJNA551771	2020-06-15	1118.0	5392.0
SRR10852952	RNA-Seq	MAX PLANCK INSTITUTE FOR ORNITHOLOGY-SEEWIESEN	Illumina HiSeq 2500	PAIRED	RANDOM	TRANSCRIPTOMIC	ILLUMINA	SAMN13755310	Psittacus erithacus	SRP240625	PRJNA599522	2020-08-13	4707.0	100.0
SRR13483799	WGS	AMNH	HiSeq X Ten	PAIRED	Hybrid Selection	GENOMIC	ILLUMINA	SAMN17062485	Psittacus erithacus	SRP302372	PRJNA692616	2023-03-27	160.0	201.0
SRR25566508	AMPLICON	LEIBNIZ INSTITUTE FOR THE ANALYSIS OF BIODIVERSITY CHANGE	Illumina MiSeq	PAIRED	PCR	GENOMIC	ILLUMINA	SAMN36886200	Psittacus erithacus	SRP432106	PRJNA954578	2024-12-31	161.0	586.0
SRR25566509	AMPLICON	LEIBNIZ INSTITUTE FOR THE ANALYSIS OF BIODIVERSITY CHANGE	Illumina MiSeq	PAIRED	PCR	GENOMIC	ILLUMINA	SAMN36886203	Psittacus erithacus	SRP432106	PRJNA954578	2024-12-31	123.0	581.0
SRR25566671	AMPLICON	LEIBNIZ INSTITUTE FOR THE ANALYSIS OF BIODIVERSITY CHANGE	Illumina MiSeq	PAIRED	PCR	GENOMIC	ILLUMINA	SAMN36886201	Psittacus erithacus	SRP432106	PRJNA954578	2024-12-31	88.0	582.0
SRR25566672	AMPLICON	LEIBNIZ INSTITUTE FOR THE ANALYSIS OF BIODIVERSITY CHANGE	Illumina MiSeq	PAIRED	PCR	GENOMIC	ILLUMINA	SAMN36886205	Psittacus erithacus	SRP432106	PRJNA954578	2024-12-31	105.0	584.0
SRR25566673	AMPLICON	LEIBNIZ INSTITUTE FOR THE ANALYSIS OF BIODIVERSITY CHANGE	Illumina MiSeq	PAIRED	PCR	GENOMIC	ILLUMINA	SAMN36886202	Psittacus erithacus	SRP432106	PRJNA954578	2024-12-31	120.0	579.0
SRR25566674	AMPLICON	LEIBNIZ INSTITUTE FOR THE ANALYSIS OF BIODIVERSITY CHANGE	Illumina MiSeq	PAIRED	PCR	GENOMIC	ILLUMINA	SAMN36886204	Psittacus erithacus	SRP432106	PRJNA954578	2024-12-31	126.0	589.0
SRR35337613	AMPLICON	NORTHEAST FORESTRY UNIVERSITY	BGISEQ-500	SINGLE	PCR	GENOMIC	BGISEQ	SAMN51235075	Psittacus erithacus	SRP619045	PRJNA1322092	2025-09-11	413.0	400.0
SRR9613699	WGS	IRIDIAN GENOMES	Illumina HiSeq X Ten	PAIRED	RANDOM	GENOMIC	ILLUMINA	SAMN12165721	Psittacus timneh	SRP212332	PRJNA547942	2019-06-29	28994.0	300.0
SRR9614207	WGS	IRIDIAN GENOMES	Illumina HiSeq X Ten	PAIRED	RANDOM	GENOMIC	ILLUMINA	SAMN12165721	Psittacus timneh	SRP212332	PRJNA547942	2019-06-30	27295.0	284.0
SRR12017997	WGS	IRIDIAN GENOMES	HiSeq X Ten	SINGLE	RANDOM	GENOMIC	ILLUMINA	SAMN12165721	Psittacus timneh	SRP212332	PRJNA547942	2020-06-15	1105.0	7254.0
SRR13483644	WGS	AMNH	HiSeq X Ten	PAIRED	Hybrid Selection	GENOMIC	ILLUMINA	SAMN17062333	Psittacus timneh	SRP302372	PRJNA692616	2023-03-27	996.0	242.0
ERR17760990	WGS	UNIVERSITY OF CONNECTICUT	PromethION	SINGLE	RANDOM	GENOMIC	OXFORD_NANOPORE	SAMEA123394598	Psittacus timneh	ERP200864	PRJEB120752	2026-08-28	119072.0	10854.0
SRR8064753	WGS	IRIDIAN GENOMES	HiSeq X Ten	PAIRED	RANDOM	GENOMIC	ILLUMINA	SAMN10247382	Psitteuteles goldiei	SRP165880	PRJNA497076	2018-10-16	19608.0	300.0
SRR8591107	WGS	AMNH	Illumina HiSeq 3000	PAIRED	Hybrid Selection	GENOMIC	ILLUMINA	SAMN10331356	Psitteuteles goldiei	SRP186257	PRJNA498485	2019-02-28	161.0	187.0
SRR8591110	WGS	AMNH	Illumina HiSeq 3000	PAIRED	Hybrid Selection	GENOMIC	ILLUMINA	SAMN10331355	Psitteuteles goldiei	SRP186257	PRJNA498485	2019-02-28	988.0	188.0
SRR12021157	WGS	IRIDIAN GENOMES	HiSeq X Ten	SINGLE	RANDOM	GENOMIC	ILLUMINA	SAMN10247382	Psitteuteles goldiei	SRP165880	PRJNA497076	2020-06-16	1157.0	2810.0
SRR8591106	WGS	AMNH	Illumina HiSeq 3000	PAIRED	Hybrid Selection	GENOMIC	ILLUMINA	SAMN10331359	Psitteuteles iris iris	SRP186257	PRJNA498485	2019-02-19	587.0	192.0
SRR8591203	WGS	AMNH	Illumina HiSeq 3000	PAIRED	Hybrid Selection	GENOMIC	ILLUMINA	SAMN10331360	Psitteuteles iris wetterensis	SRP186257	PRJNA498485	2019-02-19	160.0	193.0
SRR8591202	WGS	AMNH	Illumina HiSeq 3000	PAIRED	Hybrid Selection	GENOMIC	ILLUMINA	SAMN10331361	Psitteuteles versicolor	SRP186257	PRJNA498485	2019-02-19	399.0	186.0
SRR8591201	WGS	AMNH	Illumina HiSeq 3000	PAIRED	Hybrid Selection	GENOMIC	ILLUMINA	SAMN10331362	Psitteuteles versicolor	SRP186257	PRJNA498485	2019-02-28	220.0	185.0
SRR13483709	WGS	AMNH	HiSeq X Ten	PAIRED	Hybrid Selection	GENOMIC	ILLUMINA	SAMN17062566	Psittinus cyanurus	SRP302372	PRJNA692616	2023-03-27	390.0	193.0
SRR13483780	WGS	AMNH	HiSeq X Ten	PAIRED	Hybrid Selection	GENOMIC	ILLUMINA	SAMN17062501	Psittrichas fulgidus	SRP302372	PRJNA692616	2023-03-27	229.0	193.0
ERR15977253	WGS	B10K PROJECT	DNBSEQ-T7	PAIRED	RANDOM	GENOMIC	DNBSEQ	SAMEA120577220	Psittrichas fulgidus	ERP184347	PRJEB102986	2025-12-01	46039.0	230.0
ERR15977252	WGS	B10K PROJECT	DNBSEQ-T7	PAIRED	RANDOM	GENOMIC	DNBSEQ	SAMEA120577220	Psittrichas fulgidus	ERP184347	PRJEB102986	2025-12-02	73336.0	230.0
SRR36436429	WGS	ZHEJIANG UNIVERSITY	DNBSEQ-G400	PAIRED	RANDOM	GENOMIC	DNBSEQ	SAMN52663782	Psittrichas fulgidus	SRP627083	PRJNA1307197	2025-12-14	119375.0	230.0
DRR1036779	WGS	JIANGSU COLLABORATIVE INNOVATION CENTER FOR SOLID 	DNBSEQ-T7	PAIRED	RANDOM	GENOMIC	DNBSEQ	SAMD01882307	Psittrichas fulgidus	DRP018841	PRJDB41857	2026-05-07	73336.0	230.0
DRR1036780	WGS	JIANGSU COLLABORATIVE INNOVATION CENTER FOR SOLID 	DNBSEQ-T7	PAIRED	RANDOM	GENOMIC	DNBSEQ	SAMD01882307	Psittrichas fulgidus	DRP018841	PRJDB41857	2026-05-07	46039.0	230.0
SRR13483694	WGS	AMNH	HiSeq X Ten	PAIRED	Hybrid Selection	GENOMIC	ILLUMINA	SAMN17062579	Purpureicephalus spurius	SRP302372	PRJNA692616	2023-03-27	297.0	192.0
SRR13483809	WGS	AMNH	HiSeq X Ten	PAIRED	Hybrid Selection	GENOMIC	ILLUMINA	SAMN17062476	Pyrilia aurantiocephala	SRP302372	PRJNA692616	2023-03-27	234.0	195.0
SRR13483693	WGS	AMNH	HiSeq X Ten	PAIRED	Hybrid Selection	GENOMIC	ILLUMINA	SAMN17062580	Pyrilia barrabandi	SRP302372	PRJNA692616	2023-03-27	124.0	193.0
SRR13483692	WGS	AMNH	HiSeq X Ten	PAIRED	Hybrid Selection	GENOMIC	ILLUMINA	SAMN17062581	Pyrilia caica	SRP302372	PRJNA692616	2023-03-27	272.0	194.0
SRR13483691	WGS	AMNH	HiSeq X Ten	PAIRED	Hybrid Selection	GENOMIC	ILLUMINA	SAMN17062582	Pyrilia haematotis	SRP302372	PRJNA692616	2023-03-27	201.0	193.0
SRR13483946	WGS	AMNH	HiSeq X Ten	PAIRED	Hybrid Selection	GENOMIC	ILLUMINA	SAMN17062352	Pyrilia pulchra	SRP302372	PRJNA692616	2023-03-27	1725.0	273.0
SRR13483690	WGS	AMNH	Illumina HiSeq 3000	PAIRED	Hybrid Selection	GENOMIC	ILLUMINA	SAMN17062583	Pyrilia pyrilia	SRP302372	PRJNA692616	2023-03-27	615.0	194.0
SRR13483781	WGS	AMNH	HiSeq X Ten	PAIRED	Hybrid Selection	GENOMIC	ILLUMINA	SAMN17062500	Pyrilia vulturina	SRP302372	PRJNA692616	2023-03-27	445.0	201.0
SRR14762267	WGS	IRIDIAN GENOMES	HiSeq X Ten	PAIRED	RANDOM	GENOMIC	ILLUMINA	SAMN18520326	Pyrrhura albipectus	SRP323272	PRJNA703575	2021-06-08	22556.0	300.0
SRR13483677	WGS	AMNH	HiSeq X Ten	PAIRED	Hybrid Selection	GENOMIC	ILLUMINA	SAMN17062595	Pyrrhura albipectus	SRP302372	PRJNA692616	2023-03-27	225.0	192.0
SRR13483737	WGS	AMNH	HiSeq X Ten	PAIRED	Hybrid Selection	GENOMIC	ILLUMINA	SAMN17062540	Pyrrhura albipectus	SRP302372	PRJNA692616	2023-03-27	277.0	193.0
SRR15222619	WGS	IRIDIAN GENOMES	HiSeq X Ten	PAIRED	RANDOM	GENOMIC	ILLUMINA	SAMN19459818	Pyrrhura amazonum	SRP329578	PRJNA703576	2021-07-23	23923.0	300.0
SRR13483670	WGS	AMNH	Illumina HiSeq 3000	PAIRED	Hybrid Selection	GENOMIC	ILLUMINA	SAMN17062600	Pyrrhura amazonum	SRP302372	PRJNA692616	2023-03-27	2.0	172.0
SRR13483738	WGS	AMNH	Illumina HiSeq 3000	PAIRED	Hybrid Selection	GENOMIC	ILLUMINA	SAMN17062539	Pyrrhura amazonum	SRP302372	PRJNA692616	2023-03-27	799.0	196.0
SRR23712640	WGS	IRIDIAN GENOMES	HiSeq X Ten	PAIRED	RANDOM	GENOMIC	ILLUMINA	SAMN25884801	Pyrrhura berlepschi	SRP425857	PRJNA491351	2023-03-06	20092.0	300.0
SRR13483735	WGS	AMNH	HiSeq X Ten	PAIRED	Hybrid Selection	GENOMIC	ILLUMINA	SAMN17062542	Pyrrhura caeruleiceps	SRP302372	PRJNA692616	2023-03-27	505.0	194.0
SRR13483736	WGS	AMNH	Illumina HiSeq 3000	PAIRED	Hybrid Selection	GENOMIC	ILLUMINA	SAMN17062541	Pyrrhura calliptera	SRP302372	PRJNA692616	2023-03-27	662.0	191.0
SRR20897491	WGS	IRIDIAN GENOMES	HiSeq X Ten	PAIRED	RANDOM	GENOMIC	ILLUMINA	SAMN30172324	Pyrrhura chapmani	SRP390243	PRJNA807740	2022-08-06	40027.0	300.0
SRR7535465	WGS	IRIDIAN GENOMES	HiSeq X Ten	PAIRED	RANDOM	GENOMIC	ILLUMINA	SAMN09683515	Pyrrhura cruentata	SRP154298	PRJNA481551	2018-07-18	20056.0	300.0
SRR12017981	WGS	IRIDIAN GENOMES	HiSeq X Ten	SINGLE	RANDOM	GENOMIC	ILLUMINA	SAMN09683515	Pyrrhura cruentata	SRP154298	PRJNA481551	2020-06-15	1126.0	5629.0
SRR13483802	WGS	AMNH	HiSeq X Ten	PAIRED	Hybrid Selection	GENOMIC	ILLUMINA	SAMN17062482	Pyrrhura cruentata	SRP302372	PRJNA692616	2023-03-27	335.0	201.0
SRR13483734	WGS	AMNH	HiSeq X Ten	PAIRED	Hybrid Selection	GENOMIC	ILLUMINA	SAMN17062543	Pyrrhura devillei	SRP302372	PRJNA692616	2023-03-27	277.0	186.0
SRR24582420	WGS	IRIDIAN GENOMES	HiSeq X Ten	PAIRED	RANDOM	GENOMIC	ILLUMINA	SAMN25582410	Pyrrhura devillei	SRP438006	PRJNA491342	2023-05-16	22573.0	300.0
SRR14762256	WGS	IRIDIAN GENOMES	HiSeq X Ten	PAIRED	RANDOM	GENOMIC	ILLUMINA	SAMN18520327	Pyrrhura egregia	SRP323271	PRJNA703578	2021-06-08	23832.0	300.0
SRR13483733	WGS	AMNH	HiSeq X Ten	PAIRED	Hybrid Selection	GENOMIC	ILLUMINA	SAMN17062544	Pyrrhura egregia	SRP302372	PRJNA692616	2023-03-27	406.0	193.0
SRR23712162	WGS	IRIDIAN GENOMES	HiSeq X Ten	PAIRED	RANDOM	GENOMIC	ILLUMINA	SAMN25884802	Pyrrhura eisenmanni	SRP425852	PRJNA719564	2023-03-06	22579.0	300.0
SRR13483732	WGS	AMNH	Illumina HiSeq 3000	PAIRED	Hybrid Selection	GENOMIC	ILLUMINA	SAMN17062545	Pyrrhura eisenmanni	SRP302372	PRJNA692616	2023-03-27	247.0	196.0
SRR23337487	WGS	IRIDIAN GENOMES	HiSeq X Ten	PAIRED	RANDOM	GENOMIC	ILLUMINA	SAMN25582330	Pyrrhura emma	SRP420910	PRJNA718316	2023-02-03	15736.0	300.0
SRR13483731	WGS	AMNH	Illumina HiSeq 3000	PAIRED	Hybrid Selection	GENOMIC	ILLUMINA	SAMN17062546	Pyrrhura emma	SRP302372	PRJNA692616	2023-03-27	754.0	224.0
SRR7533344	WGA	IRIDIAN GENOMES	HiSeq X Ten	PAIRED	RANDOM	GENOMIC	ILLUMINA	SAMN09681955	Pyrrhura frontalis	SRP154222	PRJNA481541	2018-07-17	20596.0	300.0
SRR12032018	WGS	IRIDIAN GENOMES	HiSeq X Ten	SINGLE	RANDOM	GENOMIC	ILLUMINA	SAMN09681955	Pyrrhura frontalis	SRP154222	PRJNA481541	2020-06-17	1113.0	6484.0
SRR13483729	WGS	AMNH	HiSeq X Ten	PAIRED	Hybrid Selection	GENOMIC	ILLUMINA	SAMN17062547	Pyrrhura frontalis	SRP302372	PRJNA692616	2023-03-27	110.0	191.0
SRR7533368	WGS	IRIDIAN GENOMES	HiSeq X Ten	PAIRED	RANDOM	GENOMIC	ILLUMINA	SAMN13698507	Pyrrhura griseipectus	SRP312866	PRJNA598107	2018-07-17	25819.0	300.0
SRR12062479	WGS	IRIDIAN GENOMES	HiSeq X Ten	SINGLE	RANDOM	GENOMIC	ILLUMINA	SAMN13698507	Pyrrhura griseipectus	SRP312866	PRJNA598107	2020-06-21	1134.0	5526.0
SRR13483728	WGS	AMNH	Illumina HiSeq 3000	PAIRED	Hybrid Selection	GENOMIC	ILLUMINA	SAMN17062548	Pyrrhura griseipectus	SRP302372	PRJNA692616	2023-03-27	730.0	192.0
SRR16220586	WGS	IRIDIAN GENOMES	HiSeq X Ten	PAIRED	RANDOM	GENOMIC	ILLUMINA	SAMN22090448	Pyrrhura hoematotis	SRP340273	PRJNA491344	2021-10-06	38110.0	300.0
SRR13483726	WGS	AMNH	HiSeq X Ten	PAIRED	Hybrid Selection	GENOMIC	ILLUMINA	SAMN17062550	Pyrrhura hoematotis	SRP302372	PRJNA692616	2023-03-27	863.0	196.0
SRR14762056	WGS	IRIDIAN GENOMES	HiSeq X Ten	PAIRED	RANDOM	GENOMIC	ILLUMINA	SAMN18520328	Pyrrhura hoffmanni	SRP323265	PRJNA703579	2021-06-08	21055.0	300.0
SRR13483727	WGS	AMNH	HiSeq X Ten	PAIRED	Hybrid Selection	GENOMIC	ILLUMINA	SAMN17062549	Pyrrhura hoffmanni	SRP302372	PRJNA692616	2023-03-27	95.0	191.0
SRR7533562	WGS	IRIDIAN GENOMES	HiSeq X Ten	PAIRED	RANDOM	GENOMIC	ILLUMINA	SAMN09681978	Pyrrhura lepida	SRP154231	PRJNA481549	2018-07-17	17465.0	300.0
SRR12061588	WGS	IRIDIAN GENOMES	HiSeq X Ten	SINGLE	RANDOM	GENOMIC	ILLUMINA	SAMN09681978	Pyrrhura lepida	SRP154231	PRJNA481549	2020-06-20	1144.0	3851.0
SRR19184744	WGS	IRIDIAN GENOMES	HiSeq X Ten	PAIRED	RANDOM	GENOMIC	ILLUMINA	SAMN28230235	Pyrrhura lepida	SRP154231	PRJNA481549	2022-05-13	22744.0	300.0
SRR20897493	WGS	IRIDIAN GENOMES	HiSeq X Ten	PAIRED	RANDOM	GENOMIC	ILLUMINA	SAMN09681978	Pyrrhura lepida	SRP154231	PRJNA481549	2022-08-06	39582.0	300.0
SRR13483725	WGS	AMNH	HiSeq X Ten	PAIRED	Hybrid Selection	GENOMIC	ILLUMINA	SAMN17062551	Pyrrhura lepida	SRP302372	PRJNA692616	2023-03-27	402.0	192.0
SRR23337568	WGS	IRIDIAN GENOMES	HiSeq X Ten	PAIRED	RANDOM	GENOMIC	ILLUMINA	SAMN25582329	Pyrrhura leucotis	SRP420914	PRJNA703580	2023-02-03	17915.0	300.0
SRR28477150	WGS	IRIDIAN GENOMES	HiSeq X Ten	PAIRED	RANDOM	GENOMIC	ILLUMINA	SAMN40604604	Pyrrhura leucotis	SRP420914	PRJNA703580	2024-03-27	32652.0	300.0
SRR13483723	WGS	AMNH	HiSeq X Ten	PAIRED	Hybrid Selection	GENOMIC	ILLUMINA	SAMN17062553	Pyrrhura leucotis leucotis	SRP302372	PRJNA692616	2023-03-27	370.0	196.0
SRR16217961	WGS	IRIDIAN GENOMES	HiSeq X Ten	PAIRED	RANDOM	GENOMIC	ILLUMINA	SAMN29782286	Pyrrhura lucianii	SRP386710	PRJNA845982	2021-10-06	37077.0	300.0
SRR13483724	WGS	AMNH	Illumina HiSeq 3000	PAIRED	Hybrid Selection	GENOMIC	ILLUMINA	SAMN17062552	Pyrrhura lucianii	SRP302372	PRJNA692616	2023-03-27	535.0	185.0
SRR15222620	WGS	IRIDIAN GENOMES	HiSeq X Ten	PAIRED	RANDOM	GENOMIC	ILLUMINA	SAMN19459819	Pyrrhura melanura	SRP329579	PRJNA703582	2021-07-23	23182.0	300.0
SRR13483722	WGS	AMNH	HiSeq X Ten	PAIRED	Hybrid Selection	GENOMIC	ILLUMINA	SAMN17062554	Pyrrhura melanura	SRP302372	PRJNA692616	2023-03-27	295.0	194.0
SRR7533559	WGS	IRIDIAN GENOMES	HiSeq X Ten	PAIRED	RANDOM	GENOMIC	ILLUMINA	SAMN09681958	Pyrrhura molinae	SRP154230	PRJNA481548	2018-07-17	20178.0	300.0
SRR12060418	WGS	IRIDIAN GENOMES	HiSeq X Ten	SINGLE	RANDOM	GENOMIC	ILLUMINA	SAMN09681958	Pyrrhura molinae	SRP154230	PRJNA481548	2020-06-20	1122.0	6300.0
SRR13483721	WGS	AMNH	HiSeq X Ten	PAIRED	Hybrid Selection	GENOMIC	ILLUMINA	SAMN17062555	Pyrrhura molinae molinae	SRP302372	PRJNA692616	2023-03-27	194.0	194.0
SRR14761492	WGS	IRIDIAN GENOMES	HiSeq X Ten	PAIRED	RANDOM	GENOMIC	ILLUMINA	SAMN18520330	Pyrrhura orcesi	SRP323253	PRJNA703583	2021-06-08	23776.0	300.0
SRR13483792	WGS	AMNH	HiSeq X Ten	PAIRED	Hybrid Selection	GENOMIC	ILLUMINA	SAMN17062491	Pyrrhura orcesi	SRP302372	PRJNA692616	2023-03-27	317.0	201.0
ERR16022237	WGS	UNIVERSITY OF CONNECTICUT	PromethION	SINGLE	RANDOM	GENOMIC	OXFORD_NANOPORE	SAMEA120802919	Pyrrhura orcesi	ERP186399	PRJEB105196	2025-12-18		
ERR16764839	WGS	B10K PROJECT	DNBSEQ-T7	PAIRED	RANDOM	GENOMIC	DNBSEQ	SAMEA121199902	Pyrrhura orcesi	ERP184347	PRJEB102986	2026-03-03	193071.0	230.0
SRR7533563	WGS	IRIDIAN GENOMES	HiSeq X Ten	PAIRED	RANDOM	GENOMIC	ILLUMINA	SAMN09683514	Pyrrhura perlata	SRP154232	PRJNA481550	2018-07-17	20056.0	300.0
SRR12070990	WGS	IRIDIAN GENOMES	HiSeq X Ten	SINGLE	RANDOM	GENOMIC	ILLUMINA	SAMN09683514	Pyrrhura perlata	SRP154232	PRJNA481550	2020-06-22	1111.0	7290.0
ERR034180	WCS	OSU-CGRB	Illumina Genome Analyzer II	PAIRED	PCR	GENOMIC	ILLUMINA	SAMEA758624	Pyrrhura pfrimeri	ERP000647	PRJEB2513	2011-04-26	66.0	145.0
SRR23337453	WGS	IRIDIAN GENOMES	HiSeq X Ten	PAIRED	RANDOM	GENOMIC	ILLUMINA	SAMN25582338	Pyrrhura pfrimeri	SRP420904	PRJNA703584	2023-02-03	15677.0	300.0
SRR15222632	WGS	IRIDIAN GENOMES	HiSeq X Ten	PAIRED	RANDOM	GENOMIC	ILLUMINA	SAMN19459820	Pyrrhura picta	SRP329584	PRJNA703585	2021-07-23	21274.0	300.0
SRR13483718	WGS	AMNH	HiSeq X Ten	PAIRED	Hybrid Selection	GENOMIC	ILLUMINA	SAMN17062557	Pyrrhura picta	SRP302372	PRJNA692616	2023-03-27	172.0	193.0
SRR13483720	WGS	AMNH	HiSeq X Ten	PAIRED	Hybrid Selection	GENOMIC	ILLUMINA	SAMN17062556	Pyrrhura picta	SRP302372	PRJNA692616	2023-03-27	93.0	193.0
SRR23337607	WGS	IRIDIAN GENOMES	HiSeq X Ten	PAIRED	RANDOM	GENOMIC	ILLUMINA	SAMN25582408	Pyrrhura rhodocephala	SRP420916	PRJNA703586	2023-02-03	15590.0	300.0
SRR13483844	WGS	AMNH	HiSeq X Ten	PAIRED	Hybrid Selection	GENOMIC	ILLUMINA	SAMN17062443	Pyrrhura rhodocephala	SRP302372	PRJNA692616	2023-03-27	2390.0	262.0
SRR13483717	WGS	AMNH	HiSeq X Ten	PAIRED	Hybrid Selection	GENOMIC	ILLUMINA	SAMN17062558	Pyrrhura rhodogaster	SRP302372	PRJNA692616	2023-03-27	289.0	194.0
SRR14581119	WGS	IRIDIAN GENOMES	HiSeq X Ten	PAIRED	RANDOM	GENOMIC	ILLUMINA	SAMN18520331	Pyrrhura roseifrons	SRP320393	PRJNA703587	2021-05-19	28138.0	300.0
SRR13483788	WGS	AMNH	HiSeq X Ten	PAIRED	Hybrid Selection	GENOMIC	ILLUMINA	SAMN17062495	Pyrrhura rupicola	SRP302372	PRJNA692616	2023-03-27	263.0	201.0
SRR13483789	WGS	AMNH	HiSeq X Ten	PAIRED	Hybrid Selection	GENOMIC	ILLUMINA	SAMN17062494	Pyrrhura sp.	SRP302372	PRJNA692616	2023-03-27	243.0	201.0
SRR23711542	WGS	IRIDIAN GENOMES	HiSeq X Ten	PAIRED	RANDOM	GENOMIC	ILLUMINA	SAMN25884800	Pyrrhura subandina	SRP425847	PRJNA491348	2023-03-06	16186.0	300.0
SRR13483716	WGS	AMNH	HiSeq X Ten	PAIRED	Hybrid Selection	GENOMIC	ILLUMINA	SAMN17062559	Pyrrhura subandina	SRP302372	PRJNA692616	2023-03-27	263.0	194.0
SRR23335816	WGS	IRIDIAN GENOMES	HiSeq X Ten	PAIRED	RANDOM	GENOMIC	ILLUMINA	SAMN25582399	Pyrrhura viridicata	SRP420889	PRJNA491343	2023-02-03	13171.0	300.0
SRR13483715	WGS	AMNH	Illumina HiSeq 3000	PAIRED	Hybrid Selection	GENOMIC	ILLUMINA	SAMN17062560	Pyrrhura viridicata	SRP302372	PRJNA692616	2023-03-27	533.0	193.0
SRR12101693	WGS	IRIDIAN GENOMES	HiSeq X Ten	SINGLE	RANDOM	GENOMIC	ILLUMINA	SAMN15314808	Rhynchopsitta pachyrhyncha	SRP267846	PRJNA640357	2020-09-01	1122.0	5175.0
SRR12045418	WGS	IRIDIAN GENOMES	HiSeq X Ten	PAIRED	RANDOM	GENOMIC	ILLUMINA	SAMN15314808	Rhynchopsitta pachyrhyncha	SRP267846	PRJNA640357	2021-04-26	28357.0	300.0
SRR13483689	WGS	AMNH	HiSeq X Ten	PAIRED	Hybrid Selection	GENOMIC	ILLUMINA	SAMN17062584	Rhynchopsitta pachyrhyncha	SRP302372	PRJNA692616	2023-03-27	518.0	201.0
SRR13483804	WGS	AMNH	HiSeq X Ten	PAIRED	Hybrid Selection	GENOMIC	ILLUMINA	SAMN17062480	Rhynchopsitta pachyrhyncha	SRP302372	PRJNA692616	2023-03-27	466.0	201.0
ERR17760880	WGS	UNIVERSITY OF CONNECTICUT	PromethION	SINGLE	RANDOM	GENOMIC	OXFORD_NANOPORE	SAMEA123034114	Rhynchopsitta pachyrhyncha	ERP200862	PRJEB120750	2026-08-28	98257.0	4683.0
SRR13483688	WGS	AMNH	HiSeq X Ten	PAIRED	Hybrid Selection	GENOMIC	ILLUMINA	SAMN17062585	Rhynchopsitta terrisi	SRP302372	PRJNA692616	2023-03-27	3204.0	196.0
SRR8591204	WGS	AMNH	Illumina HiSeq 3000	PAIRED	Hybrid Selection	GENOMIC	ILLUMINA	SAMN10331367	Saudareos flavoviridis	SRP186257	PRJNA498485	2019-02-19	247.0	193.0
SRR8591108	WGS	AMNH	Illumina HiSeq 3000	PAIRED	Hybrid Selection	GENOMIC	ILLUMINA	SAMN10331357	Saudareos iris	SRP186257	PRJNA498485	2019-02-19	437.0	186.0
SRR8591105	WGS	AMNH	Illumina HiSeq 3000	PAIRED	Hybrid Selection	GENOMIC	ILLUMINA	SAMN10331358	Saudareos iris	SRP186257	PRJNA498485	2019-02-28	504.0	187.0
SRR8591170	WGS	AMNH	Illumina HiSeq 3000	PAIRED	Hybrid Selection	GENOMIC	ILLUMINA	SAMN10331368	Saudareos meyeri	SRP186257	PRJNA498485	2019-02-19	941.0	189.0
SRR8591171	WGS	AMNH	Illumina HiSeq 3000	PAIRED	Hybrid Selection	GENOMIC	ILLUMINA	SAMN10331369	Saudareos meyeri	SRP186257	PRJNA498485	2019-02-19	462.0	186.0
SRR8591102	WGS	AMNH	Illumina HiSeq 3000	PAIRED	Hybrid Selection	GENOMIC	ILLUMINA	SAMN10331394	Saudareos ornata	SRP186257	PRJNA498485	2019-02-28	357.0	187.0
SRR8591103	WGS	AMNH	Illumina HiSeq 3000	PAIRED	Hybrid Selection	GENOMIC	ILLUMINA	SAMN10331393	Saudareos ornata	SRP186257	PRJNA498485	2019-02-28	588.0	185.0
ERR2505729	OTHER	SWEDISH MUSEUM OF NATURAL HISTORY	Illumina HiSeq 2500	SINGLE	PCR	GENOMIC	ILLUMINA	SAMEA1068548	Strigops habroptila	ERP107889	PRJEB25924	2018-04-13	0.0	66.0
ERR2505730	OTHER	SWEDISH MUSEUM OF NATURAL HISTORY	Illumina HiSeq 2500	SINGLE	PCR	GENOMIC	ILLUMINA	SAMEA1068549	Strigops habroptila	ERP107889	PRJEB25924	2018-04-13	0.0	57.0
ERR2506006	OTHER	SWEDISH MUSEUM OF NATURAL HISTORY	Illumina HiSeq 2500	SINGLE	PCR	GENOMIC	ILLUMINA	SAMEA1069188	Strigops habroptila	ERP107889	PRJEB25924	2018-04-13	0.0	59.0
ERR2506007	OTHER	SWEDISH MUSEUM OF NATURAL HISTORY	Illumina HiSeq 2500	SINGLE	PCR	GENOMIC	ILLUMINA	SAMEA1069190	Strigops habroptila	ERP107889	PRJEB25924	2018-04-13	1.0	79.0
ERR2510934	WGS	SWEDISH MUSEUM OF NATURAL HISTORY	Illumina HiSeq 2500	PAIRED	PCR	GENOMIC	ILLUMINA	SAMEA1103197	Strigops habroptila	ERP107889	PRJEB25924	2018-04-13	1.0	243.0
ERR2510935	WGS	SWEDISH MUSEUM OF NATURAL HISTORY	Illumina HiSeq 2500	PAIRED	PCR	GENOMIC	ILLUMINA	SAMEA1103198	Strigops habroptila	ERP107889	PRJEB25924	2018-04-13	1.0	242.0
ERR2510936	WGS	SWEDISH MUSEUM OF NATURAL HISTORY	Illumina HiSeq 2500	PAIRED	PCR	GENOMIC	ILLUMINA	SAMEA1103199	Strigops habroptila	ERP107889	PRJEB25924	2018-04-13	1.0	242.0
ERR2510937	WGS	SWEDISH MUSEUM OF NATURAL HISTORY	Illumina HiSeq 2500	PAIRED	PCR	GENOMIC	ILLUMINA	SAMEA1103200	Strigops habroptila	ERP107889	PRJEB25924	2018-04-13	1.0	241.0
ERR2510938	WGS	SWEDISH MUSEUM OF NATURAL HISTORY	Illumina HiSeq 2500	PAIRED	PCR	TRANSCRIPTOMIC	ILLUMINA	SAMEA1103201	Strigops habroptila	ERP107889	PRJEB25924	2018-04-13	0.0	240.0
ERR2515103	WGS	SWEDISH MUSEUM OF NATURAL HISTORY	Illumina HiSeq 2500	PAIRED	PCR	GENOMIC	ILLUMINA	SAMEA3310746	Strigops habroptila	ERP107889	PRJEB25924	2018-04-14	0.0	240.0
ERR2515104	WGS	SWEDISH MUSEUM OF NATURAL HISTORY	Illumina HiSeq 2500	PAIRED	PCR	GENOMIC	ILLUMINA	SAMEA3310747	Strigops habroptila	ERP107889	PRJEB25924	2018-04-14	1.0	243.0
ERR2519050	WGS	SWEDISH MUSEUM OF NATURAL HISTORY	Illumina HiSeq 2500	PAIRED	PCR	GENOMIC	ILLUMINA	SAMEA3316413	Strigops habroptila	ERP107889	PRJEB25924	2018-04-15	1.0	241.0
ERR2519051	WGS	SWEDISH MUSEUM OF NATURAL HISTORY	Illumina HiSeq 2500	SINGLE	PCR	GENOMIC	ILLUMINA	SAMEA1068550	Strigops habroptila	ERP107889	PRJEB25924	2018-04-15	1.0	66.0
ERR2519052	WGS	SWEDISH MUSEUM OF NATURAL HISTORY	Illumina HiSeq 2500	SINGLE	PCR	GENOMIC	ILLUMINA	SAMEA1068551	Strigops habroptila	ERP107889	PRJEB25924	2018-04-15	0.0	55.0
ERR2519053	WGS	SWEDISH MUSEUM OF NATURAL HISTORY	Illumina HiSeq 2500	SINGLE	PCR	GENOMIC	ILLUMINA	SAMEA1068552	Strigops habroptila	ERP107889	PRJEB25924	2018-04-15	1.0	63.0
ERR2519054	WGS	SWEDISH MUSEUM OF NATURAL HISTORY	Illumina HiSeq 2500	SINGLE	PCR	GENOMIC	ILLUMINA	SAMEA1068553	Strigops habroptila	ERP107889	PRJEB25924	2018-04-15	0.0	65.0
ERR2519055	WGS	SWEDISH MUSEUM OF NATURAL HISTORY	Illumina HiSeq 2500	SINGLE	PCR	GENOMIC	ILLUMINA	SAMEA1068554	Strigops habroptila	ERP107889	PRJEB25924	2018-04-15	0.0	60.0
ERR2519056	WGS	SWEDISH MUSEUM OF NATURAL HISTORY	Illumina HiSeq 2500	SINGLE	PCR	GENOMIC	ILLUMINA	SAMEA1068555	Strigops habroptila	ERP107889	PRJEB25924	2018-04-15	0.0	58.0
ERR2519057	WGS	SWEDISH MUSEUM OF NATURAL HISTORY	Illumina HiSeq 2500	PAIRED	PCR	GENOMIC	ILLUMINA	SAMEA3310748	Strigops habroptila	ERP107889	PRJEB25924	2018-04-15	1.0	241.0
ERR2519058	WGS	SWEDISH MUSEUM OF NATURAL HISTORY	Illumina HiSeq 2500	PAIRED	PCR	GENOMIC	ILLUMINA	SAMEA3310749	Strigops habroptila	ERP107889	PRJEB25924	2018-04-15	1.0	242.0
ERR2519059	WGS	SWEDISH MUSEUM OF NATURAL HISTORY	Illumina HiSeq 2500	PAIRED	PCR	GENOMIC	ILLUMINA	SAMEA4584466	Strigops habroptila	ERP107889	PRJEB25924	2018-04-15	1.0	243.0
ERR2519060	WGS	SWEDISH MUSEUM OF NATURAL HISTORY	Illumina HiSeq 2500	PAIRED	PCR	GENOMIC	ILLUMINA	SAMEA3310750	Strigops habroptila	ERP107889	PRJEB25924	2018-04-15	1.0	242.0
ERR2519061	WGS	SWEDISH MUSEUM OF NATURAL HISTORY	Illumina HiSeq 2500	PAIRED	PCR	GENOMIC	ILLUMINA	SAMEA3310751	Strigops habroptila	ERP107889	PRJEB25924	2018-04-15	1.0	243.0
ERR2519062	WGS	SWEDISH MUSEUM OF NATURAL HISTORY	Illumina HiSeq 2500	PAIRED	PCR	GENOMIC	ILLUMINA	SAMEA3310752	Strigops habroptila	ERP107889	PRJEB25924	2018-04-15	1.0	242.0
ERR2519063	WGS	SWEDISH MUSEUM OF NATURAL HISTORY	Illumina HiSeq 2500	PAIRED	PCR	GENOMIC	ILLUMINA	SAMEA4584467	Strigops habroptila	ERP107889	PRJEB25924	2018-04-15	1.0	242.0
ERR2519064	WGS	SWEDISH MUSEUM OF NATURAL HISTORY	Illumina HiSeq 2500	PAIRED	PCR	GENOMIC	ILLUMINA	SAMEA3310753	Strigops habroptila	ERP107889	PRJEB25924	2018-04-15	1.0	244.0
ERR2519065	WGS	SWEDISH MUSEUM OF NATURAL HISTORY	Illumina HiSeq 2500	PAIRED	PCR	GENOMIC	ILLUMINA	SAMEA3310754	Strigops habroptila	ERP107889	PRJEB25924	2018-04-15	0.0	240.0
ERR2519066	WGS	SWEDISH MUSEUM OF NATURAL HISTORY	Illumina HiSeq 2500	PAIRED	PCR	GENOMIC	ILLUMINA	SAMEA3310755	Strigops habroptila	ERP107889	PRJEB25924	2018-04-15	1.0	242.0
ERR2519067	WGS	SWEDISH MUSEUM OF NATURAL HISTORY	Illumina HiSeq 2500	PAIRED	PCR	GENOMIC	ILLUMINA	SAMEA3310808	Strigops habroptila	ERP107889	PRJEB25924	2018-04-15	1.0	240.0
ERR2519068	WGS	SWEDISH MUSEUM OF NATURAL HISTORY	Illumina HiSeq 2500	PAIRED	PCR	GENOMIC	ILLUMINA	SAMEA3310809	Strigops habroptila	ERP107889	PRJEB25924	2018-04-15	1.0	242.0
ERR2519069	WGS	SWEDISH MUSEUM OF NATURAL HISTORY	Illumina HiSeq 2500	PAIRED	PCR	GENOMIC	ILLUMINA	SAMEA3310810	Strigops habroptila	ERP107889	PRJEB25924	2018-04-15	1.0	241.0
ERR2519070	WGS	SWEDISH MUSEUM OF NATURAL HISTORY	Illumina HiSeq 2500	PAIRED	PCR	GENOMIC	ILLUMINA	SAMEA3310811	Strigops habroptila	ERP107889	PRJEB25924	2018-04-15	1.0	241.0
ERR2519071	WGS	SWEDISH MUSEUM OF NATURAL HISTORY	Illumina HiSeq 2500	PAIRED	PCR	GENOMIC	ILLUMINA	SAMEA3310812	Strigops habroptila	ERP107889	PRJEB25924	2018-04-15	1.0	240.0
ERR2519072	WGS	SWEDISH MUSEUM OF NATURAL HISTORY	Illumina HiSeq 2500	PAIRED	PCR	GENOMIC	ILLUMINA	SAMEA3310813	Strigops habroptila	ERP107889	PRJEB25924	2018-04-15	1.0	242.0
ERR2519073	WGS	SWEDISH MUSEUM OF NATURAL HISTORY	Illumina HiSeq 2500	PAIRED	PCR	GENOMIC	ILLUMINA	SAMEA3310814	Strigops habroptila	ERP107889	PRJEB25924	2018-04-15	1.0	243.0
ERR2519074	WGS	SWEDISH MUSEUM OF NATURAL HISTORY	Illumina HiSeq 2500	PAIRED	PCR	GENOMIC	ILLUMINA	SAMEA3310815	Strigops habroptila	ERP107889	PRJEB25924	2018-04-15	1.0	240.0
ERR2519075	WGS	SWEDISH MUSEUM OF NATURAL HISTORY	Illumina HiSeq 2500	PAIRED	PCR	GENOMIC	ILLUMINA	SAMEA3310943	Strigops habroptila	ERP107889	PRJEB25924	2018-04-15	1.0	241.0
ERR2519076	WGS	SWEDISH MUSEUM OF NATURAL HISTORY	Illumina HiSeq 2500	PAIRED	PCR	GENOMIC	ILLUMINA	SAMEA3310944	Strigops habroptila	ERP107889	PRJEB25924	2018-04-15	1.0	243.0
ERR2519077	WGS	SWEDISH MUSEUM OF NATURAL HISTORY	Illumina HiSeq 2500	PAIRED	PCR	GENOMIC	ILLUMINA	SAMEA3310945	Strigops habroptila	ERP107889	PRJEB25924	2018-04-15	1.0	241.0
ERR2519078	WGS	SWEDISH MUSEUM OF NATURAL HISTORY	Illumina HiSeq 2500	PAIRED	PCR	GENOMIC	ILLUMINA	SAMEA3310946	Strigops habroptila	ERP107889	PRJEB25924	2018-04-15	1.0	241.0
ERR2519079	WGS	SWEDISH MUSEUM OF NATURAL HISTORY	Illumina HiSeq 2500	PAIRED	PCR	GENOMIC	ILLUMINA	SAMEA3310947	Strigops habroptila	ERP107889	PRJEB25924	2018-04-15	1.0	241.0
ERR2519080	WGS	SWEDISH MUSEUM OF NATURAL HISTORY	Illumina HiSeq 2500	PAIRED	PCR	GENOMIC	ILLUMINA	SAMEA3310948	Strigops habroptila	ERP107889	PRJEB25924	2018-04-15	1.0	241.0
ERR2519081	WGS	SWEDISH MUSEUM OF NATURAL HISTORY	Illumina HiSeq 2500	PAIRED	PCR	GENOMIC	ILLUMINA	SAMEA3310949	Strigops habroptila	ERP107889	PRJEB25924	2018-04-15	1.0	241.0
ERR2519082	WGS	SWEDISH MUSEUM OF NATURAL HISTORY	Illumina HiSeq 2500	PAIRED	PCR	GENOMIC	ILLUMINA	SAMEA3310950	Strigops habroptila	ERP107889	PRJEB25924	2018-04-15	1.0	243.0
ERR2519083	WGS	SWEDISH MUSEUM OF NATURAL HISTORY	Illumina HiSeq 2500	PAIRED	PCR	GENOMIC	ILLUMINA	SAMEA3310951	Strigops habroptila	ERP107889	PRJEB25924	2018-04-15	1.0	241.0
ERR2519084	WGS	SWEDISH MUSEUM OF NATURAL HISTORY	Illumina HiSeq 2500	PAIRED	PCR	GENOMIC	ILLUMINA	SAMEA3310952	Strigops habroptila	ERP107889	PRJEB25924	2018-04-15	1.0	240.0
ERR2519085	WGS	SWEDISH MUSEUM OF NATURAL HISTORY	Illumina HiSeq 2500	PAIRED	PCR	GENOMIC	ILLUMINA	SAMEA3310953	Strigops habroptila	ERP107889	PRJEB25924	2018-04-15	1.0	241.0
ERR2519086	WGS	SWEDISH MUSEUM OF NATURAL HISTORY	Illumina HiSeq 2500	PAIRED	PCR	GENOMIC	ILLUMINA	SAMEA3310954	Strigops habroptila	ERP107889	PRJEB25924	2018-04-15	1.0	241.0
ERR2519087	WGS	SWEDISH MUSEUM OF NATURAL HISTORY	Illumina HiSeq 2500	PAIRED	PCR	GENOMIC	ILLUMINA	SAMEA3310955	Strigops habroptila	ERP107889	PRJEB25924	2018-04-15	0.0	238.0
ERR2519088	WGS	SWEDISH MUSEUM OF NATURAL HISTORY	Illumina HiSeq 2500	PAIRED	PCR	GENOMIC	ILLUMINA	SAMEA3311047	Strigops habroptila	ERP107889	PRJEB25924	2018-04-15	2.0	241.0
ERR2519089	WGS	SWEDISH MUSEUM OF NATURAL HISTORY	Illumina HiSeq 2500	PAIRED	PCR	GENOMIC	ILLUMINA	SAMEA3311048	Strigops habroptila	ERP107889	PRJEB25924	2018-04-15	1.0	240.0
ERR2519090	WGS	SWEDISH MUSEUM OF NATURAL HISTORY	Illumina HiSeq 2500	PAIRED	PCR	GENOMIC	ILLUMINA	SAMEA4584468	Strigops habroptila	ERP107889	PRJEB25924	2018-04-15	0.0	237.0
ERR2519091	WGS	SWEDISH MUSEUM OF NATURAL HISTORY	Illumina HiSeq 2500	PAIRED	PCR	GENOMIC	ILLUMINA	SAMEA4584469	Strigops habroptila	ERP107889	PRJEB25924	2018-04-15	0.0	240.0
ERR2519092	WGS	SWEDISH MUSEUM OF NATURAL HISTORY	Illumina HiSeq 2500	PAIRED	PCR	GENOMIC	ILLUMINA	SAMEA3311050	Strigops habroptila	ERP107889	PRJEB25924	2018-04-15	1.0	241.0
ERR2519093	WGS	SWEDISH MUSEUM OF NATURAL HISTORY	Illumina HiSeq 2500	PAIRED	PCR	GENOMIC	ILLUMINA	SAMEA3311051	Strigops habroptila	ERP107889	PRJEB25924	2018-04-15	1.0	238.0
ERR2519094	WGS	SWEDISH MUSEUM OF NATURAL HISTORY	Illumina HiSeq 2500	PAIRED	PCR	GENOMIC	ILLUMINA	SAMEA3311052	Strigops habroptila	ERP107889	PRJEB25924	2018-04-15	1.0	242.0
ERR2519095	WGS	SWEDISH MUSEUM OF NATURAL HISTORY	Illumina HiSeq 2500	PAIRED	PCR	GENOMIC	ILLUMINA	SAMEA3311053	Strigops habroptila	ERP107889	PRJEB25924	2018-04-15	1.0	241.0
ERR2519096	WGS	SWEDISH MUSEUM OF NATURAL HISTORY	Illumina HiSeq 2500	PAIRED	PCR	GENOMIC	ILLUMINA	SAMEA3311054	Strigops habroptila	ERP107889	PRJEB25924	2018-04-15	1.0	242.0
ERR2519097	WGS	SWEDISH MUSEUM OF NATURAL HISTORY	Illumina HiSeq 2500	PAIRED	PCR	GENOMIC	ILLUMINA	SAMEA3311055	Strigops habroptila	ERP107889	PRJEB25924	2018-04-15	1.0	242.0
ERR2519098	WGS	SWEDISH MUSEUM OF NATURAL HISTORY	Illumina HiSeq 2500	PAIRED	PCR	GENOMIC	ILLUMINA	SAMEA3311843	Strigops habroptila	ERP107889	PRJEB25924	2018-04-15	1.0	241.0
ERR2519099	WGS	SWEDISH MUSEUM OF NATURAL HISTORY	Illumina HiSeq 2500	PAIRED	PCR	GENOMIC	ILLUMINA	SAMEA3311844	Strigops habroptila	ERP107889	PRJEB25924	2018-04-15	2.0	243.0
ERR2519100	WGS	SWEDISH MUSEUM OF NATURAL HISTORY	Illumina HiSeq 2500	PAIRED	PCR	GENOMIC	ILLUMINA	SAMEA3311845	Strigops habroptila	ERP107889	PRJEB25924	2018-04-15	1.0	240.0
ERR2519101	WGS	SWEDISH MUSEUM OF NATURAL HISTORY	Illumina HiSeq 2500	PAIRED	PCR	GENOMIC	ILLUMINA	SAMEA3311846	Strigops habroptila	ERP107889	PRJEB25924	2018-04-15	1.0	240.0
ERR2519102	WGS	SWEDISH MUSEUM OF NATURAL HISTORY	Illumina HiSeq 2500	PAIRED	PCR	GENOMIC	ILLUMINA	SAMEA3311847	Strigops habroptila	ERP107889	PRJEB25924	2018-04-15	1.0	242.0
ERR2519103	WGS	SWEDISH MUSEUM OF NATURAL HISTORY	Illumina HiSeq 2500	PAIRED	PCR	GENOMIC	ILLUMINA	SAMEA3311848	Strigops habroptila	ERP107889	PRJEB25924	2018-04-15	1.0	243.0
ERR2519104	WGS	SWEDISH MUSEUM OF NATURAL HISTORY	Illumina HiSeq 2500	PAIRED	PCR	GENOMIC	ILLUMINA	SAMEA4584470	Strigops habroptila	ERP107889	PRJEB25924	2018-04-15	1.0	244.0
ERR2519105	WGS	SWEDISH MUSEUM OF NATURAL HISTORY	Illumina HiSeq 2500	PAIRED	PCR	GENOMIC	ILLUMINA	SAMEA3311850	Strigops habroptila	ERP107889	PRJEB25924	2018-04-15	1.0	242.0
ERR2519106	WGS	SWEDISH MUSEUM OF NATURAL HISTORY	Illumina HiSeq 2500	PAIRED	PCR	GENOMIC	ILLUMINA	SAMEA3311851	Strigops habroptila	ERP107889	PRJEB25924	2018-04-15	1.0	242.0
ERR2519107	WGS	SWEDISH MUSEUM OF NATURAL HISTORY	Illumina HiSeq 2500	PAIRED	PCR	GENOMIC	ILLUMINA	SAMEA4584471	Strigops habroptila	ERP107889	PRJEB25924	2018-04-15	1.0	240.0
ERR2519108	WGS	SWEDISH MUSEUM OF NATURAL HISTORY	Illumina HiSeq 2500	PAIRED	PCR	GENOMIC	ILLUMINA	SAMEA3311853	Strigops habroptila	ERP107889	PRJEB25924	2018-04-15	1.0	242.0
ERR2519109	WGS	SWEDISH MUSEUM OF NATURAL HISTORY	Illumina HiSeq 2500	PAIRED	PCR	GENOMIC	ILLUMINA	SAMEA3311854	Strigops habroptila	ERP107889	PRJEB25924	2018-04-15	0.0	239.0
ERR2519110	WGS	SWEDISH MUSEUM OF NATURAL HISTORY	Illumina HiSeq 2500	PAIRED	PCR	GENOMIC	ILLUMINA	SAMEA3311855	Strigops habroptila	ERP107889	PRJEB25924	2018-04-15	1.0	243.0
ERR2519111	WGS	SWEDISH MUSEUM OF NATURAL HISTORY	Illumina HiSeq 2500	PAIRED	PCR	GENOMIC	ILLUMINA	SAMEA3312829	Strigops habroptila	ERP107889	PRJEB25924	2018-04-15	1.0	241.0
ERR2519112	WGS	SWEDISH MUSEUM OF NATURAL HISTORY	Illumina HiSeq 2500	PAIRED	PCR	GENOMIC	ILLUMINA	SAMEA4584472	Strigops habroptila	ERP107889	PRJEB25924	2018-04-15	1.0	239.0
ERR2519113	WGS	SWEDISH MUSEUM OF NATURAL HISTORY	Illumina HiSeq 2500	PAIRED	PCR	GENOMIC	ILLUMINA	SAMEA3312830	Strigops habroptila	ERP107889	PRJEB25924	2018-04-15	1.0	240.0
ERR2519114	WGS	SWEDISH MUSEUM OF NATURAL HISTORY	Illumina HiSeq 2500	PAIRED	PCR	GENOMIC	ILLUMINA	SAMEA3312831	Strigops habroptila	ERP107889	PRJEB25924	2018-04-15	1.0	242.0
ERR2519115	WGS	SWEDISH MUSEUM OF NATURAL HISTORY	Illumina HiSeq 2500	PAIRED	PCR	GENOMIC	ILLUMINA	SAMEA3312832	Strigops habroptila	ERP107889	PRJEB25924	2018-04-15	1.0	243.0
ERR2519116	WGS	SWEDISH MUSEUM OF NATURAL HISTORY	Illumina HiSeq 2500	PAIRED	PCR	GENOMIC	ILLUMINA	SAMEA3312833	Strigops habroptila	ERP107889	PRJEB25924	2018-04-15	1.0	242.0
ERR2519117	WGS	SWEDISH MUSEUM OF NATURAL HISTORY	Illumina HiSeq 2500	PAIRED	PCR	GENOMIC	ILLUMINA	SAMEA3312834	Strigops habroptila	ERP107889	PRJEB25924	2018-04-15	1.0	242.0
ERR2519118	WGS	SWEDISH MUSEUM OF NATURAL HISTORY	Illumina HiSeq 2500	PAIRED	PCR	GENOMIC	ILLUMINA	SAMEA3312835	Strigops habroptila	ERP107889	PRJEB25924	2018-04-15	1.0	241.0
ERR2519119	WGS	SWEDISH MUSEUM OF NATURAL HISTORY	Illumina HiSeq 2500	PAIRED	PCR	GENOMIC	ILLUMINA	SAMEA3313413	Strigops habroptila	ERP107889	PRJEB25924	2018-04-15	1.0	241.0
ERR2519120	WGS	SWEDISH MUSEUM OF NATURAL HISTORY	Illumina HiSeq 2500	PAIRED	PCR	GENOMIC	ILLUMINA	SAMEA3313414	Strigops habroptila	ERP107889	PRJEB25924	2018-04-15	0.0	227.0
ERR2519121	WGS	SWEDISH MUSEUM OF NATURAL HISTORY	Illumina HiSeq 2500	PAIRED	PCR	GENOMIC	ILLUMINA	SAMEA3313415	Strigops habroptila	ERP107889	PRJEB25924	2018-04-15	1.0	242.0
ERR2519122	WGS	SWEDISH MUSEUM OF NATURAL HISTORY	Illumina HiSeq 2500	PAIRED	PCR	GENOMIC	ILLUMINA	SAMEA4584473	Strigops habroptila	ERP107889	PRJEB25924	2018-04-15	2.0	242.0
ERR2519123	WGS	SWEDISH MUSEUM OF NATURAL HISTORY	Illumina HiSeq 2500	PAIRED	PCR	GENOMIC	ILLUMINA	SAMEA4584474	Strigops habroptila	ERP107889	PRJEB25924	2018-04-15	0.0	234.0
ERR2519124	WGS	SWEDISH MUSEUM OF NATURAL HISTORY	Illumina HiSeq 2500	PAIRED	PCR	GENOMIC	ILLUMINA	SAMEA3316292	Strigops habroptila	ERP107889	PRJEB25924	2018-04-15	1.0	242.0
ERR2519125	WGS	SWEDISH MUSEUM OF NATURAL HISTORY	Illumina HiSeq 2500	PAIRED	PCR	GENOMIC	ILLUMINA	SAMEA3316293	Strigops habroptila	ERP107889	PRJEB25924	2018-04-15	1.0	243.0
ERR2519126	WGS	SWEDISH MUSEUM OF NATURAL HISTORY	Illumina HiSeq 2500	PAIRED	PCR	GENOMIC	ILLUMINA	SAMEA3316294	Strigops habroptila	ERP107889	PRJEB25924	2018-04-15	1.0	241.0
ERR2519127	WGS	SWEDISH MUSEUM OF NATURAL HISTORY	Illumina HiSeq 2500	PAIRED	PCR	GENOMIC	ILLUMINA	SAMEA3316295	Strigops habroptila	ERP107889	PRJEB25924	2018-04-15	1.0	240.0
ERR2519128	WGS	SWEDISH MUSEUM OF NATURAL HISTORY	Illumina HiSeq 2500	PAIRED	PCR	GENOMIC	ILLUMINA	SAMEA3316410	Strigops habroptila	ERP107889	PRJEB25924	2018-04-15	1.0	242.0
ERR2519129	WGS	SWEDISH MUSEUM OF NATURAL HISTORY	Illumina HiSeq 2500	PAIRED	PCR	GENOMIC	ILLUMINA	SAMEA3316411	Strigops habroptila	ERP107889	PRJEB25924	2018-04-15	1.0	242.0
ERR2519130	WGS	SWEDISH MUSEUM OF NATURAL HISTORY	Illumina HiSeq 2500	PAIRED	PCR	GENOMIC	ILLUMINA	SAMEA3316412	Strigops habroptila	ERP107889	PRJEB25924	2018-04-15	1.0	241.0
ERR2519131	WGS	SWEDISH MUSEUM OF NATURAL HISTORY	Illumina HiSeq 2500	SINGLE	PCR	GENOMIC	ILLUMINA	SAMEA1069189	Strigops habroptila	ERP107889	PRJEB25924	2018-04-15	1.0	67.0
ERR2519132	WGS	SWEDISH MUSEUM OF NATURAL HISTORY	Illumina HiSeq 2500	SINGLE	PCR	GENOMIC	ILLUMINA	SAMEA1069191	Strigops habroptila	ERP107889	PRJEB25924	2018-04-15	1.0	74.0
ERR2519133	WGS	SWEDISH MUSEUM OF NATURAL HISTORY	Illumina HiSeq 2500	SINGLE	PCR	GENOMIC	ILLUMINA	SAMEA1069192	Strigops habroptila	ERP107889	PRJEB25924	2018-04-15	0.0	58.0
ERR2519134	WGS	SWEDISH MUSEUM OF NATURAL HISTORY	Illumina HiSeq 2500	SINGLE	PCR	GENOMIC	ILLUMINA	SAMEA1069193	Strigops habroptila	ERP107889	PRJEB25924	2018-04-15	1.0	69.0
ERR2519135	WGS	SWEDISH MUSEUM OF NATURAL HISTORY	Illumina HiSeq 2500	SINGLE	PCR	GENOMIC	ILLUMINA	SAMEA1069194	Strigops habroptila	ERP107889	PRJEB25924	2018-04-15	0.0	71.0
ERR2519136	WGS	SWEDISH MUSEUM OF NATURAL HISTORY	Illumina HiSeq 2500	SINGLE	PCR	GENOMIC	ILLUMINA	SAMEA1069195	Strigops habroptila	ERP107889	PRJEB25924	2018-04-15	2.0	95.0
ERR2519137	WGS	SWEDISH MUSEUM OF NATURAL HISTORY	Illumina HiSeq 2500	SINGLE	PCR	GENOMIC	ILLUMINA	SAMEA1069196	Strigops habroptila	ERP107889	PRJEB25924	2018-04-15	1.0	82.0
ERR2519138	WGS	SWEDISH MUSEUM OF NATURAL HISTORY	Illumina HiSeq 2500	SINGLE	PCR	GENOMIC	ILLUMINA	SAMEA1069197	Strigops habroptila	ERP107889	PRJEB25924	2018-04-15	0.0	55.0
ERR2519139	WGS	SWEDISH MUSEUM OF NATURAL HISTORY	Illumina HiSeq 2500	SINGLE	PCR	GENOMIC	ILLUMINA	SAMEA1069198	Strigops habroptila	ERP107889	PRJEB25924	2018-04-15	0.0	64.0
ERR2519140	WGS	SWEDISH MUSEUM OF NATURAL HISTORY	Illumina HiSeq 2500	SINGLE	PCR	GENOMIC	ILLUMINA	SAMEA1069199	Strigops habroptila	ERP107889	PRJEB25924	2018-04-15	0.0	101.0
ERR2519141	WGS	SWEDISH MUSEUM OF NATURAL HISTORY	Illumina HiSeq 2500	SINGLE	PCR	GENOMIC	ILLUMINA	SAMEA4584475	Strigops habroptila	ERP107889	PRJEB25924	2018-04-15	1.0	96.0
ERR2519142	WGS	SWEDISH MUSEUM OF NATURAL HISTORY	Illumina HiSeq 2500	SINGLE	PCR	GENOMIC	ILLUMINA	SAMEA1069201	Strigops habroptila	ERP107889	PRJEB25924	2018-04-15	0.0	52.0
ERR2519143	WGS	SWEDISH MUSEUM OF NATURAL HISTORY	Illumina HiSeq 2500	SINGLE	PCR	GENOMIC	ILLUMINA	SAMEA1069202	Strigops habroptila	ERP107889	PRJEB25924	2018-04-15	0.0	59.0
ERR2519144	WGS	SWEDISH MUSEUM OF NATURAL HISTORY	Illumina HiSeq 2500	SINGLE	PCR	GENOMIC	ILLUMINA	SAMEA1069203	Strigops habroptila	ERP107889	PRJEB25924	2018-04-15	0.0	55.0
ERR2519145	WGS	SWEDISH MUSEUM OF NATURAL HISTORY	Illumina HiSeq 2500	SINGLE	PCR	GENOMIC	ILLUMINA	SAMEA1069204	Strigops habroptila	ERP107889	PRJEB25924	2018-04-15	0.0	63.0
ERR2519146	WGS	SWEDISH MUSEUM OF NATURAL HISTORY	Illumina HiSeq 2500	SINGLE	PCR	GENOMIC	ILLUMINA	SAMEA1069205	Strigops habroptila	ERP107889	PRJEB25924	2018-04-15	0.0	60.0
ERR2519147	WGS	SWEDISH MUSEUM OF NATURAL HISTORY	Illumina HiSeq 2500	SINGLE	PCR	GENOMIC	ILLUMINA	SAMEA1069206	Strigops habroptila	ERP107889	PRJEB25924	2018-04-15	6.0	185.0
ERR2519148	WGS	SWEDISH MUSEUM OF NATURAL HISTORY	Illumina HiSeq 2500	SINGLE	PCR	GENOMIC	ILLUMINA	SAMEA1069207	Strigops habroptila	ERP107889	PRJEB25924	2018-04-15	4.0	132.0
ERR2519149	WGS	SWEDISH MUSEUM OF NATURAL HISTORY	Illumina HiSeq 2500	SINGLE	PCR	GENOMIC	ILLUMINA	SAMEA1069208	Strigops habroptila	ERP107889	PRJEB25924	2018-04-15	1.0	98.0
ERR2519150	WGS	SWEDISH MUSEUM OF NATURAL HISTORY	Illumina HiSeq 2500	SINGLE	PCR	GENOMIC	ILLUMINA	SAMEA1069209	Strigops habroptila	ERP107889	PRJEB25924	2018-04-15	0.0	68.0
ERR2519151	WGS	SWEDISH MUSEUM OF NATURAL HISTORY	Illumina HiSeq 2500	SINGLE	PCR	GENOMIC	ILLUMINA	SAMEA1069210	Strigops habroptila	ERP107889	PRJEB25924	2018-04-15	1.0	80.0
ERR2519152	WGS	SWEDISH MUSEUM OF NATURAL HISTORY	Illumina HiSeq 2500	SINGLE	PCR	GENOMIC	ILLUMINA	SAMEA1069211	Strigops habroptila	ERP107889	PRJEB25924	2018-04-15	0.0	74.0
ERR2519153	WGS	SWEDISH MUSEUM OF NATURAL HISTORY	Illumina HiSeq 2500	SINGLE	PCR	GENOMIC	ILLUMINA	SAMEA1069212	Strigops habroptila	ERP107889	PRJEB25924	2018-04-15	0.0	82.0
ERR2519154	WGS	SWEDISH MUSEUM OF NATURAL HISTORY	Illumina HiSeq 2500	SINGLE	PCR	GENOMIC	ILLUMINA	SAMEA1069213	Strigops habroptila	ERP107889	PRJEB25924	2018-04-15	1.0	73.0
ERR2519155	WGS	SWEDISH MUSEUM OF NATURAL HISTORY	Illumina HiSeq 2500	SINGLE	PCR	GENOMIC	ILLUMINA	SAMEA1069214	Strigops habroptila	ERP107889	PRJEB25924	2018-04-15	0.0	61.0
ERR2519156	WGS	SWEDISH MUSEUM OF NATURAL HISTORY	Illumina HiSeq 2500	SINGLE	PCR	GENOMIC	ILLUMINA	SAMEA1069215	Strigops habroptila	ERP107889	PRJEB25924	2018-04-15	0.0	62.0
ERR2519157	WGS	SWEDISH MUSEUM OF NATURAL HISTORY	Illumina HiSeq 2500	SINGLE	PCR	GENOMIC	ILLUMINA	SAMEA1069216	Strigops habroptila	ERP107889	PRJEB25924	2018-04-15	0.0	58.0
ERR2519158	WGS	SWEDISH MUSEUM OF NATURAL HISTORY	Illumina HiSeq 2500	SINGLE	PCR	GENOMIC	ILLUMINA	SAMEA1069217	Strigops habroptila	ERP107889	PRJEB25924	2018-04-15	0.0	85.0
ERR2519159	WGS	SWEDISH MUSEUM OF NATURAL HISTORY	Illumina HiSeq 2500	SINGLE	PCR	GENOMIC	ILLUMINA	SAMEA1069218	Strigops habroptila	ERP107889	PRJEB25924	2018-04-15	0.0	83.0
ERR2519160	WGS	SWEDISH MUSEUM OF NATURAL HISTORY	Illumina HiSeq 2500	SINGLE	PCR	GENOMIC	ILLUMINA	SAMEA1069219	Strigops habroptila	ERP107889	PRJEB25924	2018-04-15	0.0	65.0
SRR8236638	WGS	LOUISIANA STATE UNIVERSITY	Illumina HiSeq 3000	PAIRED	Hybrid Selection	GENOMIC	ILLUMINA	SAMN10450372	Strigops habroptila	SRP170078	PRJNA480834	2018-11-21	603.0	302.0
SRR9066822	RNA-Seq	G10K	Sequel	SINGLE	Oligo-dT	TRANSCRIPTOMIC	PACBIO_SMRT	SAMN11655656	Strigops habroptila	SRP184741	PRJNA516733	2019-05-20	452.0	1285.0
SRR9850456	RNA-Seq	G10K	Illumina HiSeq 2500	PAIRED	Oligo-dT	TRANSCRIPTOMIC	ILLUMINA	SAMN12368146	Strigops habroptila	SRP184741	PRJNA516733	2019-07-28	18264.0	202.0
SRR9850457	RNA-Seq	G10K	Illumina HiSeq 2500	PAIRED	Oligo-dT	TRANSCRIPTOMIC	ILLUMINA	SAMN12368147	Strigops habroptila	SRP184741	PRJNA516733	2019-07-28	17049.0	202.0
SRR9850454	RNA-Seq	G10K	MinION	SINGLE	Oligo-dT	TRANSCRIPTOMIC	OXFORD_NANOPORE	SAMN12368146	Strigops habroptila	SRP184741	PRJNA516733	2019-07-29	4815.0	1295.0
SRR9850455	RNA-Seq	G10K	MinION	SINGLE	Oligo-dT	TRANSCRIPTOMIC	OXFORD_NANOPORE	SAMN12368147	Strigops habroptila	SRP184741	PRJNA516733	2019-07-29	3773.0	822.0
ERR3678728	WGS	SWEDISH MUSEUM OF NATURAL HISTORY	HiSeq X Ten	SINGLE	PCR	GENOMIC	ILLUMINA	SAMEA6244411	Strigops habroptila	ERP118582	PRJEB35522	2021-04-28	3164.0	58.0
ERR3678729	WGS	SWEDISH MUSEUM OF NATURAL HISTORY	HiSeq X Ten	SINGLE	PCR	GENOMIC	ILLUMINA	SAMEA6244411	Strigops habroptila	ERP118582	PRJEB35522	2021-04-28	2957.0	57.0
ERR3678730	WGS	SWEDISH MUSEUM OF NATURAL HISTORY	HiSeq X Ten	SINGLE	PCR	GENOMIC	ILLUMINA	SAMEA6244411	Strigops habroptila	ERP118582	PRJEB35522	2021-04-28	5060.0	57.0
ERR3678731	WGS	SWEDISH MUSEUM OF NATURAL HISTORY	HiSeq X Ten	SINGLE	PCR	GENOMIC	ILLUMINA	SAMEA6244411	Strigops habroptila	ERP118582	PRJEB35522	2021-04-28	3286.0	58.0
ERR3678732	WGS	SWEDISH MUSEUM OF NATURAL HISTORY	HiSeq X Ten	SINGLE	PCR	GENOMIC	ILLUMINA	SAMEA6244411	Strigops habroptila	ERP118582	PRJEB35522	2021-04-28	4850.0	57.0
ERR3678733	WGS	SWEDISH MUSEUM OF NATURAL HISTORY	HiSeq X Ten	SINGLE	PCR	GENOMIC	ILLUMINA	SAMEA6244411	Strigops habroptila	ERP118582	PRJEB35522	2021-04-28	4252.0	57.0
ERR3678734	WGS	SWEDISH MUSEUM OF NATURAL HISTORY	HiSeq X Ten	SINGLE	PCR	GENOMIC	ILLUMINA	SAMEA6244412	Strigops habroptila	ERP118582	PRJEB35522	2021-04-28	4871.0	78.0
ERR3678735	WGS	SWEDISH MUSEUM OF NATURAL HISTORY	HiSeq X Ten	SINGLE	PCR	GENOMIC	ILLUMINA	SAMEA6244412	Strigops habroptila	ERP118582	PRJEB35522	2021-04-28	5480.0	78.0
ERR3678736	WGS	SWEDISH MUSEUM OF NATURAL HISTORY	HiSeq X Ten	SINGLE	PCR	GENOMIC	ILLUMINA	SAMEA6244412	Strigops habroptila	ERP118582	PRJEB35522	2021-04-28	4436.0	78.0
ERR3678737	WGS	SWEDISH MUSEUM OF NATURAL HISTORY	HiSeq X Ten	SINGLE	PCR	GENOMIC	ILLUMINA	SAMEA6244412	Strigops habroptila	ERP118582	PRJEB35522	2021-04-28	4437.0	78.0
ERR3678738	WGS	SWEDISH MUSEUM OF NATURAL HISTORY	HiSeq X Ten	SINGLE	PCR	GENOMIC	ILLUMINA	SAMEA6244412	Strigops habroptila	ERP118582	PRJEB35522	2021-04-28	4881.0	78.0
ERR3678739	WGS	SWEDISH MUSEUM OF NATURAL HISTORY	HiSeq X Ten	SINGLE	PCR	GENOMIC	ILLUMINA	SAMEA6244412	Strigops habroptila	ERP118582	PRJEB35522	2021-04-28	4314.0	78.0
ERR3678740	WGS	SWEDISH MUSEUM OF NATURAL HISTORY	HiSeq X Ten	SINGLE	PCR	GENOMIC	ILLUMINA	SAMEA6244413	Strigops habroptila	ERP118582	PRJEB35522	2021-04-28	3571.0	59.0
ERR3678741	WGS	SWEDISH MUSEUM OF NATURAL HISTORY	HiSeq X Ten	SINGLE	PCR	GENOMIC	ILLUMINA	SAMEA6244413	Strigops habroptila	ERP118582	PRJEB35522	2021-04-28	3685.0	59.0
ERR3678742	WGS	SWEDISH MUSEUM OF NATURAL HISTORY	HiSeq X Ten	SINGLE	PCR	GENOMIC	ILLUMINA	SAMEA6244413	Strigops habroptila	ERP118582	PRJEB35522	2021-04-28	4385.0	59.0
ERR3678743	WGS	SWEDISH MUSEUM OF NATURAL HISTORY	HiSeq X Ten	SINGLE	PCR	GENOMIC	ILLUMINA	SAMEA6244413	Strigops habroptila	ERP118582	PRJEB35522	2021-04-28	4678.0	59.0
ERR3678744	WGS	SWEDISH MUSEUM OF NATURAL HISTORY	HiSeq X Ten	SINGLE	PCR	GENOMIC	ILLUMINA	SAMEA6244413	Strigops habroptila	ERP118582	PRJEB35522	2021-04-28	3173.0	60.0
ERR3678745	WGS	SWEDISH MUSEUM OF NATURAL HISTORY	HiSeq X Ten	SINGLE	PCR	GENOMIC	ILLUMINA	SAMEA6244413	Strigops habroptila	ERP118582	PRJEB35522	2021-04-28	3776.0	60.0
ERR3678746	WGS	SWEDISH MUSEUM OF NATURAL HISTORY	HiSeq X Ten	SINGLE	PCR	GENOMIC	ILLUMINA	SAMEA6244414	Strigops habroptila	ERP118582	PRJEB35522	2021-04-28	4643.0	68.0
ERR3678747	WGS	SWEDISH MUSEUM OF NATURAL HISTORY	HiSeq X Ten	SINGLE	PCR	GENOMIC	ILLUMINA	SAMEA6244414	Strigops habroptila	ERP118582	PRJEB35522	2021-04-28	3809.0	69.0
ERR3678748	WGS	SWEDISH MUSEUM OF NATURAL HISTORY	HiSeq X Ten	SINGLE	PCR	GENOMIC	ILLUMINA	SAMEA6244414	Strigops habroptila	ERP118582	PRJEB35522	2021-04-28	5777.0	69.0
ERR3678749	WGS	SWEDISH MUSEUM OF NATURAL HISTORY	HiSeq X Ten	SINGLE	PCR	GENOMIC	ILLUMINA	SAMEA6244414	Strigops habroptila	ERP118582	PRJEB35522	2021-04-28	7381.0	68.0
ERR3678750	WGS	SWEDISH MUSEUM OF NATURAL HISTORY	HiSeq X Ten	SINGLE	PCR	GENOMIC	ILLUMINA	SAMEA6244414	Strigops habroptila	ERP118582	PRJEB35522	2021-04-28	4680.0	68.0
ERR3678751	WGS	SWEDISH MUSEUM OF NATURAL HISTORY	HiSeq X Ten	SINGLE	PCR	GENOMIC	ILLUMINA	SAMEA6244414	Strigops habroptila	ERP118582	PRJEB35522	2021-04-28	4148.0	68.0
ERR3678752	WGS	SWEDISH MUSEUM OF NATURAL HISTORY	HiSeq X Ten	SINGLE	PCR	GENOMIC	ILLUMINA	SAMEA6244415	Strigops habroptila	ERP118582	PRJEB35522	2021-04-28	7972.0	99.0
ERR3678753	WGS	SWEDISH MUSEUM OF NATURAL HISTORY	HiSeq X Ten	SINGLE	PCR	GENOMIC	ILLUMINA	SAMEA6244415	Strigops habroptila	ERP118582	PRJEB35522	2021-04-28	6763.0	99.0
ERR3678754	WGS	SWEDISH MUSEUM OF NATURAL HISTORY	HiSeq X Ten	SINGLE	PCR	GENOMIC	ILLUMINA	SAMEA6244415	Strigops habroptila	ERP118582	PRJEB35522	2021-04-28	8057.0	97.0
ERR3678755	WGS	SWEDISH MUSEUM OF NATURAL HISTORY	HiSeq X Ten	SINGLE	PCR	GENOMIC	ILLUMINA	SAMEA6244415	Strigops habroptila	ERP118582	PRJEB35522	2021-04-28	6355.0	99.0
ERR3678756	WGS	SWEDISH MUSEUM OF NATURAL HISTORY	HiSeq X Ten	SINGLE	PCR	GENOMIC	ILLUMINA	SAMEA6244415	Strigops habroptila	ERP118582	PRJEB35522	2021-04-28	8051.0	99.0
ERR3678757	WGS	SWEDISH MUSEUM OF NATURAL HISTORY	HiSeq X Ten	SINGLE	PCR	GENOMIC	ILLUMINA	SAMEA6244415	Strigops habroptila	ERP118582	PRJEB35522	2021-04-28	7295.0	98.0
ERR3678758	WGS	SWEDISH MUSEUM OF NATURAL HISTORY	HiSeq X Ten	SINGLE	PCR	GENOMIC	ILLUMINA	SAMEA6244416	Strigops habroptila	ERP118582	PRJEB35522	2021-04-28	4383.0	77.0
ERR3678759	WGS	SWEDISH MUSEUM OF NATURAL HISTORY	HiSeq X Ten	SINGLE	PCR	GENOMIC	ILLUMINA	SAMEA6244416	Strigops habroptila	ERP118582	PRJEB35522	2021-04-28	4974.0	77.0
ERR3678760	WGS	SWEDISH MUSEUM OF NATURAL HISTORY	HiSeq X Ten	SINGLE	PCR	GENOMIC	ILLUMINA	SAMEA6244416	Strigops habroptila	ERP118582	PRJEB35522	2021-04-28	6020.0	77.0
ERR3678761	WGS	SWEDISH MUSEUM OF NATURAL HISTORY	HiSeq X Ten	SINGLE	PCR	GENOMIC	ILLUMINA	SAMEA6244416	Strigops habroptila	ERP118582	PRJEB35522	2021-04-28	4438.0	77.0
ERR3678762	WGS	SWEDISH MUSEUM OF NATURAL HISTORY	HiSeq X Ten	SINGLE	PCR	GENOMIC	ILLUMINA	SAMEA6244416	Strigops habroptila	ERP118582	PRJEB35522	2021-04-28	5123.0	77.0
ERR3678763	WGS	SWEDISH MUSEUM OF NATURAL HISTORY	HiSeq X Ten	SINGLE	PCR	GENOMIC	ILLUMINA	SAMEA6244416	Strigops habroptila	ERP118582	PRJEB35522	2021-04-28	5201.0	77.0
ERR3678764	WGS	SWEDISH MUSEUM OF NATURAL HISTORY	HiSeq X Ten	SINGLE	PCR	GENOMIC	ILLUMINA	SAMEA6244420	Strigops habroptila	ERP118582	PRJEB35522	2021-04-28	993.0	61.0
ERR3678765	WGS	SWEDISH MUSEUM OF NATURAL HISTORY	HiSeq X Ten	SINGLE	PCR	GENOMIC	ILLUMINA	SAMEA6244420	Strigops habroptila	ERP118582	PRJEB35522	2021-04-28	1046.0	60.0
ERR3678766	WGS	SWEDISH MUSEUM OF NATURAL HISTORY	HiSeq X Ten	SINGLE	PCR	GENOMIC	ILLUMINA	SAMEA6244420	Strigops habroptila	ERP118582	PRJEB35522	2021-04-28	942.0	60.0
ERR3678767	WGS	SWEDISH MUSEUM OF NATURAL HISTORY	HiSeq X Ten	SINGLE	PCR	GENOMIC	ILLUMINA	SAMEA6244420	Strigops habroptila	ERP118582	PRJEB35522	2021-04-28	3537.0	59.0
ERR3678768	WGS	SWEDISH MUSEUM OF NATURAL HISTORY	HiSeq X Ten	SINGLE	PCR	GENOMIC	ILLUMINA	SAMEA6244420	Strigops habroptila	ERP118582	PRJEB35522	2021-04-28	3120.0	59.0
ERR3678769	WGS	SWEDISH MUSEUM OF NATURAL HISTORY	HiSeq X Ten	SINGLE	PCR	GENOMIC	ILLUMINA	SAMEA6244420	Strigops habroptila	ERP118582	PRJEB35522	2021-04-28	4045.0	59.0
ERR3678770	WGS	SWEDISH MUSEUM OF NATURAL HISTORY	HiSeq X Ten	SINGLE	PCR	GENOMIC	ILLUMINA	SAMEA6244420	Strigops habroptila	ERP118582	PRJEB35522	2021-04-28	3692.0	59.0
ERR3678771	WGS	SWEDISH MUSEUM OF NATURAL HISTORY	HiSeq X Ten	SINGLE	PCR	GENOMIC	ILLUMINA	SAMEA6244420	Strigops habroptila	ERP118582	PRJEB35522	2021-04-28	3940.0	59.0
ERR3678772	WGS	SWEDISH MUSEUM OF NATURAL HISTORY	HiSeq X Ten	SINGLE	PCR	GENOMIC	ILLUMINA	SAMEA6244420	Strigops habroptila	ERP118582	PRJEB35522	2021-04-28	3508.0	59.0
ERR3678773	WGS	SWEDISH MUSEUM OF NATURAL HISTORY	HiSeq X Ten	SINGLE	PCR	GENOMIC	ILLUMINA	SAMEA6244420	Strigops habroptila	ERP118582	PRJEB35522	2021-04-28	933.0	60.0
ERR3678774	WGS	SWEDISH MUSEUM OF NATURAL HISTORY	HiSeq X Ten	SINGLE	PCR	GENOMIC	ILLUMINA	SAMEA6244420	Strigops habroptila	ERP118582	PRJEB35522	2021-04-28	824.0	60.0
ERR3678775	WGS	SWEDISH MUSEUM OF NATURAL HISTORY	HiSeq X Ten	SINGLE	PCR	GENOMIC	ILLUMINA	SAMEA6244420	Strigops habroptila	ERP118582	PRJEB35522	2021-04-28	1082.0	61.0
ERR3678776	WGS	SWEDISH MUSEUM OF NATURAL HISTORY	HiSeq X Ten	SINGLE	PCR	GENOMIC	ILLUMINA	SAMEA6244421	Strigops habroptila	ERP118582	PRJEB35522	2021-04-28	4934.0	82.0
ERR3678777	WGS	SWEDISH MUSEUM OF NATURAL HISTORY	HiSeq X Ten	SINGLE	PCR	GENOMIC	ILLUMINA	SAMEA6244421	Strigops habroptila	ERP118582	PRJEB35522	2021-04-28	5715.0	82.0
ERR3678778	WGS	SWEDISH MUSEUM OF NATURAL HISTORY	HiSeq X Ten	SINGLE	PCR	GENOMIC	ILLUMINA	SAMEA6244421	Strigops habroptila	ERP118582	PRJEB35522	2021-04-28	5591.0	81.0
ERR3678779	WGS	SWEDISH MUSEUM OF NATURAL HISTORY	HiSeq X Ten	SINGLE	PCR	GENOMIC	ILLUMINA	SAMEA6244421	Strigops habroptila	ERP118582	PRJEB35522	2021-04-28	5307.0	81.0
ERR3678780	WGS	SWEDISH MUSEUM OF NATURAL HISTORY	HiSeq X Ten	SINGLE	PCR	GENOMIC	ILLUMINA	SAMEA6244421	Strigops habroptila	ERP118582	PRJEB35522	2021-04-28	5248.0	82.0
ERR3678781	WGS	SWEDISH MUSEUM OF NATURAL HISTORY	HiSeq X Ten	SINGLE	PCR	GENOMIC	ILLUMINA	SAMEA6244421	Strigops habroptila	ERP118582	PRJEB35522	2021-04-28	5352.0	82.0
ERR3678782	WGS	SWEDISH MUSEUM OF NATURAL HISTORY	HiSeq X Ten	SINGLE	PCR	GENOMIC	ILLUMINA	SAMEA6244422	Strigops habroptila	ERP118582	PRJEB35522	2021-04-28	1139.0	61.0
ERR3678783	WGS	SWEDISH MUSEUM OF NATURAL HISTORY	HiSeq X Ten	SINGLE	PCR	GENOMIC	ILLUMINA	SAMEA6244422	Strigops habroptila	ERP118582	PRJEB35522	2021-04-28	1005.0	61.0
ERR3678784	WGS	SWEDISH MUSEUM OF NATURAL HISTORY	HiSeq X Ten	SINGLE	PCR	GENOMIC	ILLUMINA	SAMEA6244422	Strigops habroptila	ERP118582	PRJEB35522	2021-04-28	713.0	61.0
ERR3678785	WGS	SWEDISH MUSEUM OF NATURAL HISTORY	HiSeq X Ten	SINGLE	PCR	GENOMIC	ILLUMINA	SAMEA6244422	Strigops habroptila	ERP118582	PRJEB35522	2021-04-28	4046.0	61.0
ERR3678786	WGS	SWEDISH MUSEUM OF NATURAL HISTORY	HiSeq X Ten	SINGLE	PCR	GENOMIC	ILLUMINA	SAMEA6244422	Strigops habroptila	ERP118582	PRJEB35522	2021-04-28	3969.0	61.0
ERR3678787	WGS	SWEDISH MUSEUM OF NATURAL HISTORY	HiSeq X Ten	SINGLE	PCR	GENOMIC	ILLUMINA	SAMEA6244422	Strigops habroptila	ERP118582	PRJEB35522	2021-04-28	4625.0	61.0
ERR3678788	WGS	SWEDISH MUSEUM OF NATURAL HISTORY	HiSeq X Ten	SINGLE	PCR	GENOMIC	ILLUMINA	SAMEA6244422	Strigops habroptila	ERP118582	PRJEB35522	2021-04-28	4256.0	61.0
ERR3678789	WGS	SWEDISH MUSEUM OF NATURAL HISTORY	HiSeq X Ten	SINGLE	PCR	GENOMIC	ILLUMINA	SAMEA6244422	Strigops habroptila	ERP118582	PRJEB35522	2021-04-28	3794.0	61.0
ERR3678790	WGS	SWEDISH MUSEUM OF NATURAL HISTORY	HiSeq X Ten	SINGLE	PCR	GENOMIC	ILLUMINA	SAMEA6244422	Strigops habroptila	ERP118582	PRJEB35522	2021-04-28	2645.0	61.0
ERR3678791	WGS	SWEDISH MUSEUM OF NATURAL HISTORY	HiSeq X Ten	SINGLE	PCR	GENOMIC	ILLUMINA	SAMEA6244422	Strigops habroptila	ERP118582	PRJEB35522	2021-04-28	1085.0	61.0
ERR3678792	WGS	SWEDISH MUSEUM OF NATURAL HISTORY	HiSeq X Ten	SINGLE	PCR	GENOMIC	ILLUMINA	SAMEA6244422	Strigops habroptila	ERP118582	PRJEB35522	2021-04-28	1065.0	61.0
ERR3678793	WGS	SWEDISH MUSEUM OF NATURAL HISTORY	HiSeq X Ten	SINGLE	PCR	GENOMIC	ILLUMINA	SAMEA6244422	Strigops habroptila	ERP118582	PRJEB35522	2021-04-28	1231.0	61.0
ERR3678794	WGS	SWEDISH MUSEUM OF NATURAL HISTORY	HiSeq X Ten	SINGLE	PCR	GENOMIC	ILLUMINA	SAMEA6244423	Strigops habroptila	ERP118582	PRJEB35522	2021-04-28	1070.0	60.0
ERR3678795	WGS	SWEDISH MUSEUM OF NATURAL HISTORY	HiSeq X Ten	SINGLE	PCR	GENOMIC	ILLUMINA	SAMEA6244423	Strigops habroptila	ERP118582	PRJEB35522	2021-04-28	1069.0	60.0
ERR3678796	WGS	SWEDISH MUSEUM OF NATURAL HISTORY	HiSeq X Ten	SINGLE	PCR	GENOMIC	ILLUMINA	SAMEA6244423	Strigops habroptila	ERP118582	PRJEB35522	2021-04-28	898.0	60.0
ERR3678797	WGS	SWEDISH MUSEUM OF NATURAL HISTORY	HiSeq X Ten	SINGLE	PCR	GENOMIC	ILLUMINA	SAMEA6244423	Strigops habroptila	ERP118582	PRJEB35522	2021-04-28	4120.0	60.0
ERR3678798	WGS	SWEDISH MUSEUM OF NATURAL HISTORY	HiSeq X Ten	SINGLE	PCR	GENOMIC	ILLUMINA	SAMEA6244423	Strigops habroptila	ERP118582	PRJEB35522	2021-04-28	4373.0	60.0
ERR3678799	WGS	SWEDISH MUSEUM OF NATURAL HISTORY	HiSeq X Ten	SINGLE	PCR	GENOMIC	ILLUMINA	SAMEA6244423	Strigops habroptila	ERP118582	PRJEB35522	2021-04-28	3713.0	60.0
ERR3678800	WGS	SWEDISH MUSEUM OF NATURAL HISTORY	HiSeq X Ten	SINGLE	PCR	GENOMIC	ILLUMINA	SAMEA6244423	Strigops habroptila	ERP118582	PRJEB35522	2021-04-28	3740.0	60.0
ERR3678801	WGS	SWEDISH MUSEUM OF NATURAL HISTORY	HiSeq X Ten	SINGLE	PCR	GENOMIC	ILLUMINA	SAMEA6244423	Strigops habroptila	ERP118582	PRJEB35522	2021-04-28	3764.0	60.0
ERR3678802	WGS	SWEDISH MUSEUM OF NATURAL HISTORY	HiSeq X Ten	SINGLE	PCR	GENOMIC	ILLUMINA	SAMEA6244423	Strigops habroptila	ERP118582	PRJEB35522	2021-04-28	3105.0	60.0
ERR3678803	WGS	SWEDISH MUSEUM OF NATURAL HISTORY	HiSeq X Ten	SINGLE	PCR	GENOMIC	ILLUMINA	SAMEA6244423	Strigops habroptila	ERP118582	PRJEB35522	2021-04-28	1158.0	60.0
ERR3678804	WGS	SWEDISH MUSEUM OF NATURAL HISTORY	HiSeq X Ten	SINGLE	PCR	GENOMIC	ILLUMINA	SAMEA6244423	Strigops habroptila	ERP118582	PRJEB35522	2021-04-28	1242.0	61.0
ERR3678805	WGS	SWEDISH MUSEUM OF NATURAL HISTORY	HiSeq X Ten	SINGLE	PCR	GENOMIC	ILLUMINA	SAMEA6244423	Strigops habroptila	ERP118582	PRJEB35522	2021-04-28	1052.0	61.0
ERR3678806	WGS	SWEDISH MUSEUM OF NATURAL HISTORY	HiSeq X Ten	SINGLE	PCR	GENOMIC	ILLUMINA	SAMEA6244417	Strigops habroptila	ERP118582	PRJEB35522	2021-04-28	5900.0	63.0
ERR3678807	WGS	SWEDISH MUSEUM OF NATURAL HISTORY	HiSeq X Ten	SINGLE	PCR	GENOMIC	ILLUMINA	SAMEA6244417	Strigops habroptila	ERP118582	PRJEB35522	2021-04-28	4756.0	63.0
ERR3678808	WGS	SWEDISH MUSEUM OF NATURAL HISTORY	HiSeq X Ten	SINGLE	PCR	GENOMIC	ILLUMINA	SAMEA6244417	Strigops habroptila	ERP118582	PRJEB35522	2021-04-28	3686.0	63.0
ERR3678809	WGS	SWEDISH MUSEUM OF NATURAL HISTORY	HiSeq X Ten	SINGLE	PCR	GENOMIC	ILLUMINA	SAMEA6244417	Strigops habroptila	ERP118582	PRJEB35522	2021-04-28	5624.0	63.0
ERR3678810	WGS	SWEDISH MUSEUM OF NATURAL HISTORY	HiSeq X Ten	SINGLE	PCR	GENOMIC	ILLUMINA	SAMEA6244417	Strigops habroptila	ERP118582	PRJEB35522	2021-04-28	4305.0	63.0
ERR3678811	WGS	SWEDISH MUSEUM OF NATURAL HISTORY	HiSeq X Ten	SINGLE	PCR	GENOMIC	ILLUMINA	SAMEA6244417	Strigops habroptila	ERP118582	PRJEB35522	2021-04-28	4506.0	63.0
ERR3678812	WGS	SWEDISH MUSEUM OF NATURAL HISTORY	HiSeq X Ten	SINGLE	PCR	GENOMIC	ILLUMINA	SAMEA6244418	Strigops habroptila	ERP118582	PRJEB35522	2021-04-28	5044.0	76.0
ERR3678813	WGS	SWEDISH MUSEUM OF NATURAL HISTORY	HiSeq X Ten	SINGLE	PCR	GENOMIC	ILLUMINA	SAMEA6244418	Strigops habroptila	ERP118582	PRJEB35522	2021-04-28	6374.0	76.0
ERR3678814	WGS	SWEDISH MUSEUM OF NATURAL HISTORY	HiSeq X Ten	SINGLE	PCR	GENOMIC	ILLUMINA	SAMEA6244418	Strigops habroptila	ERP118582	PRJEB35522	2021-04-28	3989.0	76.0
ERR3678815	WGS	SWEDISH MUSEUM OF NATURAL HISTORY	HiSeq X Ten	SINGLE	PCR	GENOMIC	ILLUMINA	SAMEA6244418	Strigops habroptila	ERP118582	PRJEB35522	2021-04-28	4575.0	75.0
ERR3678816	WGS	SWEDISH MUSEUM OF NATURAL HISTORY	HiSeq X Ten	SINGLE	PCR	GENOMIC	ILLUMINA	SAMEA6244418	Strigops habroptila	ERP118582	PRJEB35522	2021-04-28	4971.0	75.0
ERR3678817	WGS	SWEDISH MUSEUM OF NATURAL HISTORY	HiSeq X Ten	SINGLE	PCR	GENOMIC	ILLUMINA	SAMEA6244418	Strigops habroptila	ERP118582	PRJEB35522	2021-04-28	5327.0	75.0
ERR3678818	WGS	SWEDISH MUSEUM OF NATURAL HISTORY	HiSeq X Ten	SINGLE	PCR	GENOMIC	ILLUMINA	SAMEA6244419	Strigops habroptila	ERP118582	PRJEB35522	2021-04-28	1251.0	59.0
ERR3678819	WGS	SWEDISH MUSEUM OF NATURAL HISTORY	HiSeq X Ten	SINGLE	PCR	GENOMIC	ILLUMINA	SAMEA6244419	Strigops habroptila	ERP118582	PRJEB35522	2021-04-28	1283.0	59.0
ERR3678820	WGS	SWEDISH MUSEUM OF NATURAL HISTORY	HiSeq X Ten	SINGLE	PCR	GENOMIC	ILLUMINA	SAMEA6244419	Strigops habroptila	ERP118582	PRJEB35522	2021-04-28	1032.0	59.0
ERR3678821	WGS	SWEDISH MUSEUM OF NATURAL HISTORY	HiSeq X Ten	SINGLE	PCR	GENOMIC	ILLUMINA	SAMEA6244419	Strigops habroptila	ERP118582	PRJEB35522	2021-04-28	3561.0	58.0
ERR3678822	WGS	SWEDISH MUSEUM OF NATURAL HISTORY	HiSeq X Ten	SINGLE	PCR	GENOMIC	ILLUMINA	SAMEA6244419	Strigops habroptila	ERP118582	PRJEB35522	2021-04-28	3670.0	58.0
ERR3678823	WGS	SWEDISH MUSEUM OF NATURAL HISTORY	HiSeq X Ten	SINGLE	PCR	GENOMIC	ILLUMINA	SAMEA6244419	Strigops habroptila	ERP118582	PRJEB35522	2021-04-28	3668.0	58.0
ERR3678824	WGS	SWEDISH MUSEUM OF NATURAL HISTORY	HiSeq X Ten	SINGLE	PCR	GENOMIC	ILLUMINA	SAMEA6244419	Strigops habroptila	ERP118582	PRJEB35522	2021-04-28	4039.0	58.0
ERR3678825	WGS	SWEDISH MUSEUM OF NATURAL HISTORY	HiSeq X Ten	SINGLE	PCR	GENOMIC	ILLUMINA	SAMEA6244419	Strigops habroptila	ERP118582	PRJEB35522	2021-04-28	4180.0	58.0
ERR3678826	WGS	SWEDISH MUSEUM OF NATURAL HISTORY	HiSeq X Ten	SINGLE	PCR	GENOMIC	ILLUMINA	SAMEA6244419	Strigops habroptila	ERP118582	PRJEB35522	2021-04-28	3328.0	58.0
ERR3678827	WGS	SWEDISH MUSEUM OF NATURAL HISTORY	HiSeq X Ten	SINGLE	PCR	GENOMIC	ILLUMINA	SAMEA6244419	Strigops habroptila	ERP118582	PRJEB35522	2021-04-28	1101.0	59.0
ERR3678828	WGS	SWEDISH MUSEUM OF NATURAL HISTORY	HiSeq X Ten	SINGLE	PCR	GENOMIC	ILLUMINA	SAMEA6244419	Strigops habroptila	ERP118582	PRJEB35522	2021-04-28	1133.0	59.0
ERR3678829	WGS	SWEDISH MUSEUM OF NATURAL HISTORY	HiSeq X Ten	SINGLE	PCR	GENOMIC	ILLUMINA	SAMEA6244419	Strigops habroptila	ERP118582	PRJEB35522	2021-04-28	1132.0	59.0
SRR13483687	WGS	AMNH	HiSeq X Ten	PAIRED	Hybrid Selection	GENOMIC	ILLUMINA	SAMN17062586	Strigops habroptila	SRP302372	PRJNA692616	2023-03-27	491.0	185.0
SRR25655761	WGS	G10K	Sequel II	SINGLE	size fractionation	GENOMIC	PACBIO_SMRT	SAMN09948751	Strigops habroptila	SRP455372	PRJNA1005977	2023-08-16	866.0	8367.0
SRR25655762	WGS	G10K	Sequel II	SINGLE	size fractionation	GENOMIC	PACBIO_SMRT	SAMN09948751	Strigops habroptila	SRP455372	PRJNA1005977	2023-08-16	664.0	8719.0
SRR25655763	WGS	G10K	Sequel II	SINGLE	size fractionation	GENOMIC	PACBIO_SMRT	SAMN09948751	Strigops habroptila	SRP455372	PRJNA1005977	2023-08-16	588.0	8677.0
SRR25655764	WGS	G10K	Sequel II	SINGLE	size fractionation	GENOMIC	PACBIO_SMRT	SAMN09948751	Strigops habroptila	SRP455372	PRJNA1005977	2023-08-16	682.0	8709.0
SRR25655765	WGS	G10K	Sequel II	SINGLE	size fractionation	GENOMIC	PACBIO_SMRT	SAMN09948751	Strigops habroptila	SRP455372	PRJNA1005977	2023-08-16	596.0	8644.0
SRR25655766	WGS	G10K	Sequel II	SINGLE	size fractionation	GENOMIC	PACBIO_SMRT	SAMN09948751	Strigops habroptila	SRP455372	PRJNA1005977	2023-08-16	691.0	8488.0
SRR25655767	WGS	G10K	Sequel II	SINGLE	size fractionation	GENOMIC	PACBIO_SMRT	SAMN09948751	Strigops habroptila	SRP455372	PRJNA1005977	2023-08-16	647.0	8808.0
SRR25655768	WGS	G10K	Sequel II	SINGLE	size fractionation	GENOMIC	PACBIO_SMRT	SAMN09948751	Strigops habroptila	SRP455372	PRJNA1005977	2023-08-16	653.0	8360.0
SRR25655769	WGS	G10K	Sequel II	SINGLE	size fractionation	GENOMIC	PACBIO_SMRT	SAMN09948751	Strigops habroptila	SRP455372	PRJNA1005977	2023-08-16	552.0	8748.0
SRR25655770	WGS	G10K	Sequel II	SINGLE	size fractionation	GENOMIC	PACBIO_SMRT	SAMN09948751	Strigops habroptila	SRP455372	PRJNA1005977	2023-08-16	699.0	8753.0
SRR25655771	WGS	G10K	Sequel II	SINGLE	size fractionation	GENOMIC	PACBIO_SMRT	SAMN09948751	Strigops habroptila	SRP455372	PRJNA1005977	2023-08-16	1027.0	7925.0
SRR25655772	WGS	G10K	Sequel II	SINGLE	size fractionation	GENOMIC	PACBIO_SMRT	SAMN09948751	Strigops habroptila	SRP455372	PRJNA1005977	2023-08-16	670.0	8754.0
SRR25655773	WGS	G10K	Sequel II	SINGLE	size fractionation	GENOMIC	PACBIO_SMRT	SAMN09948751	Strigops habroptila	SRP455372	PRJNA1005977	2023-08-16	755.0	8715.0
SRR25655774	WGS	G10K	Sequel II	SINGLE	size fractionation	GENOMIC	PACBIO_SMRT	SAMN09948751	Strigops habroptila	SRP455372	PRJNA1005977	2023-08-16	711.0	8998.0
SRR25655775	WGS	G10K	Sequel II	SINGLE	size fractionation	GENOMIC	PACBIO_SMRT	SAMN09948751	Strigops habroptila	SRP455372	PRJNA1005977	2023-08-16	684.0	8452.0
SRR25655776	WGS	G10K	Sequel II	SINGLE	size fractionation	GENOMIC	PACBIO_SMRT	SAMN09948751	Strigops habroptila	SRP455372	PRJNA1005977	2023-08-16	698.0	9062.0
SRR25655777	WGS	G10K	Sequel II	SINGLE	size fractionation	GENOMIC	PACBIO_SMRT	SAMN09948751	Strigops habroptila	SRP455372	PRJNA1005977	2023-08-16	705.0	8348.0
SRR25655778	WGS	G10K	Sequel II	SINGLE	size fractionation	GENOMIC	PACBIO_SMRT	SAMN09948751	Strigops habroptila	SRP455372	PRJNA1005977	2023-08-16	692.0	9400.0
SRR25655779	WGS	G10K	Sequel II	SINGLE	size fractionation	GENOMIC	PACBIO_SMRT	SAMN09948751	Strigops habroptila	SRP455372	PRJNA1005977	2023-08-16	1079.0	9411.0
SRR25655780	WGS	G10K	Sequel II	SINGLE	size fractionation	GENOMIC	PACBIO_SMRT	SAMN09948751	Strigops habroptila	SRP455372	PRJNA1005977	2023-08-16	673.0	9772.0
SRR25655781	WGS	G10K	Sequel II	SINGLE	size fractionation	GENOMIC	PACBIO_SMRT	SAMN09948751	Strigops habroptila	SRP455372	PRJNA1005977	2023-08-16	735.0	9744.0
SRR25655782	WGS	G10K	Sequel II	SINGLE	size fractionation	GENOMIC	PACBIO_SMRT	SAMN09948751	Strigops habroptila	SRP455372	PRJNA1005977	2023-08-16	965.0	7997.0
SRR25655783	WGS	G10K	Sequel II	SINGLE	size fractionation	GENOMIC	PACBIO_SMRT	SAMN09948751	Strigops habroptila	SRP455372	PRJNA1005977	2023-08-16	490.0	9541.0
SRR25655784	WGS	G10K	Sequel II	SINGLE	size fractionation	GENOMIC	PACBIO_SMRT	SAMN09948751	Strigops habroptila	SRP455372	PRJNA1005977	2023-08-16	906.0	7949.0
SRR25655785	WGS	G10K	Sequel II	SINGLE	size fractionation	GENOMIC	PACBIO_SMRT	SAMN09948751	Strigops habroptila	SRP455372	PRJNA1005977	2023-08-16	816.0	7375.0
SRR25655786	WGS	G10K	Sequel II	SINGLE	size fractionation	GENOMIC	PACBIO_SMRT	SAMN09948751	Strigops habroptila	SRP455372	PRJNA1005977	2023-08-16	993.0	7507.0
SRR25655787	WGS	G10K	Sequel II	SINGLE	size fractionation	GENOMIC	PACBIO_SMRT	SAMN09948751	Strigops habroptila	SRP455372	PRJNA1005977	2023-08-16	996.0	8118.0
SRR25655788	WGS	G10K	Sequel II	SINGLE	size fractionation	GENOMIC	PACBIO_SMRT	SAMN09948751	Strigops habroptila	SRP455372	PRJNA1005977	2023-08-16	570.0	7653.0
SRR25655789	WGS	G10K	Sequel II	SINGLE	size fractionation	GENOMIC	PACBIO_SMRT	SAMN09948751	Strigops habroptila	SRP455372	PRJNA1005977	2023-08-16	872.0	7592.0
SRR25655790	WGS	G10K	Sequel II	SINGLE	size fractionation	GENOMIC	PACBIO_SMRT	SAMN09948751	Strigops habroptila	SRP455372	PRJNA1005977	2023-08-16	969.0	7655.0
SRR25655791	WGS	G10K	Sequel II	SINGLE	size fractionation	GENOMIC	PACBIO_SMRT	SAMN09948751	Strigops habroptila	SRP455372	PRJNA1005977	2023-08-16	968.0	8031.0
SRR25655792	WGS	G10K	Sequel II	SINGLE	size fractionation	GENOMIC	PACBIO_SMRT	SAMN09948751	Strigops habroptila	SRP455372	PRJNA1005977	2023-08-16	901.0	8186.0
SRR25655793	WGS	G10K	Sequel II	SINGLE	size fractionation	GENOMIC	PACBIO_SMRT	SAMN09948751	Strigops habroptila	SRP455372	PRJNA1005977	2023-08-16	860.0	7593.0
SRR25655794	WGS	G10K	Sequel II	SINGLE	size fractionation	GENOMIC	PACBIO_SMRT	SAMN09948751	Strigops habroptila	SRP455372	PRJNA1005977	2023-08-16	1239.0	9223.0
SRR25655795	WGS	G10K	Sequel II	SINGLE	size fractionation	GENOMIC	PACBIO_SMRT	SAMN09948751	Strigops habroptila	SRP455372	PRJNA1005977	2023-08-16	951.0	7581.0
SRR25655796	WGS	G10K	Sequel II	SINGLE	size fractionation	GENOMIC	PACBIO_SMRT	SAMN09948751	Strigops habroptila	SRP455372	PRJNA1005977	2023-08-16	899.0	7814.0
SRR25655797	WGS	G10K	Sequel II	SINGLE	size fractionation	GENOMIC	PACBIO_SMRT	SAMN09948751	Strigops habroptila	SRP455372	PRJNA1005977	2023-08-16	729.0	8054.0
SRR25655798	WGS	G10K	Sequel II	SINGLE	size fractionation	GENOMIC	PACBIO_SMRT	SAMN09948751	Strigops habroptila	SRP455372	PRJNA1005977	2023-08-16	912.0	7765.0
SRR25655799	WGS	G10K	Sequel II	SINGLE	size fractionation	GENOMIC	PACBIO_SMRT	SAMN09948751	Strigops habroptila	SRP455372	PRJNA1005977	2023-08-16	934.0	7616.0
SRR25655800	WGS	G10K	Sequel II	SINGLE	size fractionation	GENOMIC	PACBIO_SMRT	SAMN09948751	Strigops habroptila	SRP455372	PRJNA1005977	2023-08-16	941.0	8049.0
SRR25655801	WGS	G10K	Sequel II	SINGLE	size fractionation	GENOMIC	PACBIO_SMRT	SAMN09948751	Strigops habroptila	SRP455372	PRJNA1005977	2023-08-16	908.0	7797.0
SRR25655802	WGS	G10K	Sequel II	SINGLE	size fractionation	GENOMIC	PACBIO_SMRT	SAMN09948751	Strigops habroptila	SRP455372	PRJNA1005977	2023-08-16	1182.0	8467.0
SRR25655803	WGS	G10K	Sequel II	SINGLE	size fractionation	GENOMIC	PACBIO_SMRT	SAMN09948751	Strigops habroptila	SRP455372	PRJNA1005977	2023-08-16	891.0	8308.0
SRR25655804	WGS	G10K	Sequel II	SINGLE	size fractionation	GENOMIC	PACBIO_SMRT	SAMN09948751	Strigops habroptila	SRP455372	PRJNA1005977	2023-08-16	954.0	8074.0
SRR25655805	Hi-C	G10K	Illumina NovaSeq 6000	PAIRED	Restriction Digest	GENOMIC	ILLUMINA	SAMN09948751	Strigops habroptila	SRP455372	PRJNA1005977	2023-08-16	115742.0	300.0
SRR25655806	WGS	G10K	Sequel II	SINGLE	size fractionation	GENOMIC	PACBIO_SMRT	SAMN09948751	Strigops habroptila	SRP455372	PRJNA1005977	2023-08-16	962.0	8353.0
SRR25655807	WGS	G10K	Sequel II	SINGLE	size fractionation	GENOMIC	PACBIO_SMRT	SAMN09948751	Strigops habroptila	SRP455372	PRJNA1005977	2023-08-16	935.0	7940.0
SRR25655808	WGS	G10K	Sequel II	SINGLE	size fractionation	GENOMIC	PACBIO_SMRT	SAMN09948751	Strigops habroptila	SRP455372	PRJNA1005977	2023-08-16	932.0	8081.0
SRR25655809	WGS	G10K	Sequel II	SINGLE	size fractionation	GENOMIC	PACBIO_SMRT	SAMN09948751	Strigops habroptila	SRP455372	PRJNA1005977	2023-08-16	1009.0	7793.0
SRR25655810	WGS	G10K	Sequel II	SINGLE	size fractionation	GENOMIC	PACBIO_SMRT	SAMN09948751	Strigops habroptila	SRP455372	PRJNA1005977	2023-08-16	884.0	7976.0
SRR25655811	WGS	G10K	Sequel II	SINGLE	size fractionation	GENOMIC	PACBIO_SMRT	SAMN09948751	Strigops habroptila	SRP455372	PRJNA1005977	2023-08-16	1025.0	8294.0
SRR25655812	WGS	G10K	Sequel II	SINGLE	size fractionation	GENOMIC	PACBIO_SMRT	SAMN09948751	Strigops habroptila	SRP455372	PRJNA1005977	2023-08-16	934.0	7859.0
SRR25655813	WGS	G10K	Sequel II	SINGLE	size fractionation	GENOMIC	PACBIO_SMRT	SAMN09948751	Strigops habroptila	SRP455372	PRJNA1005977	2023-08-16	939.0	7725.0
SRR25655814	WGS	G10K	Sequel II	SINGLE	size fractionation	GENOMIC	PACBIO_SMRT	SAMN09948751	Strigops habroptila	SRP455372	PRJNA1005977	2023-08-16	940.0	7991.0
SRR25655815	WGS	G10K	Sequel II	SINGLE	size fractionation	GENOMIC	PACBIO_SMRT	SAMN09948751	Strigops habroptila	SRP455372	PRJNA1005977	2023-08-16	1019.0	8322.0
SRR25655816	WGS	G10K	Illumina NovaSeq 6000	PAIRED	RANDOM	GENOMIC	ILLUMINA	SAMN09948751	Strigops habroptila	SRP455372	PRJNA1005977	2023-08-16	29806.0	300.0
SRR25655817	WGS	G10K	Sequel II	SINGLE	size fractionation	GENOMIC	PACBIO_SMRT	SAMN09948751	Strigops habroptila	SRP455372	PRJNA1005977	2023-08-16	976.0	8150.0
SRR25655818	WGS	G10K	Sequel II	SINGLE	size fractionation	GENOMIC	PACBIO_SMRT	SAMN09948751	Strigops habroptila	SRP455372	PRJNA1005977	2023-08-16	932.0	7884.0
SRR25655819	WGS	G10K	Sequel II	SINGLE	size fractionation	GENOMIC	PACBIO_SMRT	SAMN09948751	Strigops habroptila	SRP455372	PRJNA1005977	2023-08-16	940.0	7857.0
SRR25655820	WGS	G10K	Sequel II	SINGLE	size fractionation	GENOMIC	PACBIO_SMRT	SAMN09948751	Strigops habroptila	SRP455372	PRJNA1005977	2023-08-16	1025.0	8250.0
SRR25655821	WGS	G10K	Sequel II	SINGLE	size fractionation	GENOMIC	PACBIO_SMRT	SAMN09948751	Strigops habroptila	SRP455372	PRJNA1005977	2023-08-16	952.0	8096.0
SRR25655822	WGS	G10K	Sequel II	SINGLE	size fractionation	GENOMIC	PACBIO_SMRT	SAMN09948751	Strigops habroptila	SRP455372	PRJNA1005977	2023-08-16	941.0	8020.0
SRR25655823	WGS	G10K	Sequel II	SINGLE	size fractionation	GENOMIC	PACBIO_SMRT	SAMN09948751	Strigops habroptila	SRP455372	PRJNA1005977	2023-08-16	1023.0	7798.0
SRR25655824	WGS	G10K	Sequel II	SINGLE	size fractionation	GENOMIC	PACBIO_SMRT	SAMN09948751	Strigops habroptila	SRP455372	PRJNA1005977	2023-08-16	1.0	256.0
SRR25655825	WGS	G10K	Sequel II	SINGLE	size fractionation	GENOMIC	PACBIO_SMRT	SAMN09948751	Strigops habroptila	SRP455372	PRJNA1005977	2023-08-16	392.0	8187.0
SRR25655826	WGS	G10K	Sequel II	SINGLE	size fractionation	GENOMIC	PACBIO_SMRT	SAMN09948751	Strigops habroptila	SRP455372	PRJNA1005977	2023-08-16	780.0	7988.0
SRR25655827	WGS	G10K	Sequel II	SINGLE	size fractionation	GENOMIC	PACBIO_SMRT	SAMN09948751	Strigops habroptila	SRP455372	PRJNA1005977	2023-08-16	1081.0	8669.0
SRR25655828	WGS	G10K	Sequel II	SINGLE	size fractionation	GENOMIC	PACBIO_SMRT	SAMN09948751	Strigops habroptila	SRP455372	PRJNA1005977	2023-08-16	941.0	8788.0
SRR25655829	WGS	G10K	Sequel II	SINGLE	size fractionation	GENOMIC	PACBIO_SMRT	SAMN09948751	Strigops habroptila	SRP455372	PRJNA1005977	2023-08-16	895.0	8593.0
SRR25655830	WGS	G10K	Sequel II	SINGLE	size fractionation	GENOMIC	PACBIO_SMRT	SAMN09948751	Strigops habroptila	SRP455372	PRJNA1005977	2023-08-16	834.0	8386.0
SRR25655831	WGS	G10K	Sequel II	SINGLE	size fractionation	GENOMIC	PACBIO_SMRT	SAMN09948751	Strigops habroptila	SRP455372	PRJNA1005977	2023-08-16	929.0	8628.0
SRR25655832	WGS	G10K	Sequel II	SINGLE	size fractionation	GENOMIC	PACBIO_SMRT	SAMN09948751	Strigops habroptila	SRP455372	PRJNA1005977	2023-08-16	964.0	8826.0
SRR25655833	WGS	G10K	Sequel II	SINGLE	size fractionation	GENOMIC	PACBIO_SMRT	SAMN09948751	Strigops habroptila	SRP455372	PRJNA1005977	2023-08-16	911.0	8686.0
SRR25655834	WGS	G10K	Sequel II	SINGLE	size fractionation	GENOMIC	PACBIO_SMRT	SAMN09948751	Strigops habroptila	SRP455372	PRJNA1005977	2023-08-16	729.0	7983.0
SRR25655835	WGS	G10K	Sequel II	SINGLE	size fractionation	GENOMIC	PACBIO_SMRT	SAMN09948751	Strigops habroptila	SRP455372	PRJNA1005977	2023-08-16	963.0	8788.0
SRR25655836	WGS	G10K	Sequel II	SINGLE	size fractionation	GENOMIC	PACBIO_SMRT	SAMN09948751	Strigops habroptila	SRP455372	PRJNA1005977	2023-08-16	886.0	8714.0
SRR25655837	WGS	G10K	Sequel II	SINGLE	size fractionation	GENOMIC	PACBIO_SMRT	SAMN09948751	Strigops habroptila	SRP455372	PRJNA1005977	2023-08-16	344.0	6480.0
SRR25655838	WGS	G10K	Sequel II	SINGLE	size fractionation	GENOMIC	PACBIO_SMRT	SAMN09948751	Strigops habroptila	SRP455372	PRJNA1005977	2023-08-16	1034.0	8258.0
SRR25655839	WGS	G10K	Sequel II	SINGLE	size fractionation	GENOMIC	PACBIO_SMRT	SAMN09948751	Strigops habroptila	SRP455372	PRJNA1005977	2023-08-16	647.0	7772.0
SRR25655840	WGS	G10K	Sequel II	SINGLE	size fractionation	GENOMIC	PACBIO_SMRT	SAMN09948751	Strigops habroptila	SRP455372	PRJNA1005977	2023-08-16	1000.0	8402.0
SRR25655841	WGS	G10K	Sequel II	SINGLE	size fractionation	GENOMIC	PACBIO_SMRT	SAMN09948751	Strigops habroptila	SRP455372	PRJNA1005977	2023-08-16	508.0	7250.0
SRR25655842	WGS	G10K	Sequel II	SINGLE	size fractionation	GENOMIC	PACBIO_SMRT	SAMN09948751	Strigops habroptila	SRP455372	PRJNA1005977	2023-08-16	853.0	8394.0
SRR25655843	WGS	G10K	Sequel II	SINGLE	size fractionation	GENOMIC	PACBIO_SMRT	SAMN09948751	Strigops habroptila	SRP455372	PRJNA1005977	2023-08-16	1093.0	8818.0
SRR25655844	WGS	G10K	Sequel II	SINGLE	size fractionation	GENOMIC	PACBIO_SMRT	SAMN09948751	Strigops habroptila	SRP455372	PRJNA1005977	2023-08-16	861.0	8589.0
SRR25655845	WGS	G10K	Sequel II	SINGLE	size fractionation	GENOMIC	PACBIO_SMRT	SAMN09948751	Strigops habroptila	SRP455372	PRJNA1005977	2023-08-16	880.0	8576.0
SRR25655846	WGS	G10K	Sequel II	SINGLE	size fractionation	GENOMIC	PACBIO_SMRT	SAMN09948751	Strigops habroptila	SRP455372	PRJNA1005977	2023-08-16	1063.0	9144.0
SRR25655847	WGS	G10K	Sequel II	SINGLE	size fractionation	GENOMIC	PACBIO_SMRT	SAMN09948751	Strigops habroptila	SRP455372	PRJNA1005977	2023-08-16	858.0	8053.0
SRR25655848	WGS	G10K	Sequel II	SINGLE	size fractionation	GENOMIC	PACBIO_SMRT	SAMN09948751	Strigops habroptila	SRP455372	PRJNA1005977	2023-08-16	483.0	8929.0
SRR25655849	WGS	G10K	Sequel II	SINGLE	size fractionation	GENOMIC	PACBIO_SMRT	SAMN09948751	Strigops habroptila	SRP455372	PRJNA1005977	2023-08-16	520.0	8935.0
SRR25655850	WGS	G10K	Sequel II	SINGLE	size fractionation	GENOMIC	PACBIO_SMRT	SAMN09948751	Strigops habroptila	SRP455372	PRJNA1005977	2023-08-16	1.0	1573.0
SRR25655851	WGS	G10K	Sequel II	SINGLE	size fractionation	GENOMIC	PACBIO_SMRT	SAMN09948751	Strigops habroptila	SRP455372	PRJNA1005977	2023-08-16	544.0	8579.0
SRR25655852	WGS	G10K	Sequel II	SINGLE	size fractionation	GENOMIC	PACBIO_SMRT	SAMN09948751	Strigops habroptila	SRP455372	PRJNA1005977	2023-08-16	843.0	8386.0
SRR25655853	WGS	G10K	Sequel II	SINGLE	size fractionation	GENOMIC	PACBIO_SMRT	SAMN09948751	Strigops habroptila	SRP455372	PRJNA1005977	2023-08-16	934.0	8995.0
SRR25655854	WGS	G10K	Sequel II	SINGLE	size fractionation	GENOMIC	PACBIO_SMRT	SAMN09948751	Strigops habroptila	SRP455372	PRJNA1005977	2023-08-16	874.0	9363.0
SRR25655855	WGS	G10K	Sequel II	SINGLE	size fractionation	GENOMIC	PACBIO_SMRT	SAMN09948751	Strigops habroptila	SRP455372	PRJNA1005977	2023-08-16	866.0	9496.0
SRR25655856	WGS	G10K	Sequel II	SINGLE	size fractionation	GENOMIC	PACBIO_SMRT	SAMN09948751	Strigops habroptila	SRP455372	PRJNA1005977	2023-08-16	891.0	9633.0
SRR25655857	WGS	G10K	Sequel II	SINGLE	size fractionation	GENOMIC	PACBIO_SMRT	SAMN09948751	Strigops habroptila	SRP455372	PRJNA1005977	2023-08-16	1201.0	8798.0
SRR25655858	WGS	G10K	Sequel II	SINGLE	size fractionation	GENOMIC	PACBIO_SMRT	SAMN09948751	Strigops habroptila	SRP455372	PRJNA1005977	2023-08-16	870.0	9574.0
SRR25655859	WGS	G10K	Sequel II	SINGLE	size fractionation	GENOMIC	PACBIO_SMRT	SAMN09948751	Strigops habroptila	SRP455372	PRJNA1005977	2023-08-16	1066.0	10400.0
SRR25655860	WGS	G10K	Sequel II	SINGLE	size fractionation	GENOMIC	PACBIO_SMRT	SAMN09948751	Strigops habroptila	SRP455372	PRJNA1005977	2023-08-16	444.0	7770.0
SRR25655861	WGS	G10K	Sequel II	SINGLE	size fractionation	GENOMIC	PACBIO_SMRT	SAMN09948751	Strigops habroptila	SRP455372	PRJNA1005977	2023-08-16	1247.0	10253.0
SRR25655862	WGS	G10K	Sequel II	SINGLE	size fractionation	GENOMIC	PACBIO_SMRT	SAMN09948751	Strigops habroptila	SRP455372	PRJNA1005977	2023-08-16	584.0	7951.0
SRR25655863	WGS	G10K	Sequel II	SINGLE	size fractionation	GENOMIC	PACBIO_SMRT	SAMN09948751	Strigops habroptila	SRP455372	PRJNA1005977	2023-08-16	1180.0	9948.0
SRR25655864	WGS	G10K	Sequel II	SINGLE	size fractionation	GENOMIC	PACBIO_SMRT	SAMN09948751	Strigops habroptila	SRP455372	PRJNA1005977	2023-08-16	305.0	7149.0
SRR25655865	WGS	G10K	Sequel II	SINGLE	size fractionation	GENOMIC	PACBIO_SMRT	SAMN09948751	Strigops habroptila	SRP455372	PRJNA1005977	2023-08-16	562.0	7921.0
SRR25655866	WGS	G10K	Sequel II	SINGLE	size fractionation	GENOMIC	PACBIO_SMRT	SAMN09948751	Strigops habroptila	SRP455372	PRJNA1005977	2023-08-16	900.0	6939.0
SRR25655867	WGS	G10K	Sequel II	SINGLE	size fractionation	GENOMIC	PACBIO_SMRT	SAMN09948751	Strigops habroptila	SRP455372	PRJNA1005977	2023-08-16	829.0	7530.0
SRR25655868	WGS	G10K	Sequel II	SINGLE	size fractionation	GENOMIC	PACBIO_SMRT	SAMN09948751	Strigops habroptila	SRP455372	PRJNA1005977	2023-08-16	1024.0	9571.0
SRR25655869	WGS	G10K	Sequel II	SINGLE	size fractionation	GENOMIC	PACBIO_SMRT	SAMN09948751	Strigops habroptila	SRP455372	PRJNA1005977	2023-08-16	980.0	7717.0
SRR25655870	WGS	G10K	Sequel II	SINGLE	size fractionation	GENOMIC	PACBIO_SMRT	SAMN09948751	Strigops habroptila	SRP455372	PRJNA1005977	2023-08-16	950.0	7916.0
SRR25655871	WGS	G10K	Sequel II	SINGLE	size fractionation	GENOMIC	PACBIO_SMRT	SAMN09948751	Strigops habroptila	SRP455372	PRJNA1005977	2023-08-16	864.0	8110.0
SRR25655872	WGS	G10K	Sequel II	SINGLE	size fractionation	GENOMIC	PACBIO_SMRT	SAMN09948751	Strigops habroptila	SRP455372	PRJNA1005977	2023-08-16	831.0	7756.0
SRR25655873	WGS	G10K	Sequel II	SINGLE	size fractionation	GENOMIC	PACBIO_SMRT	SAMN09948751	Strigops habroptila	SRP455372	PRJNA1005977	2023-08-16	956.0	7438.0
SRR25655874	WGS	G10K	Sequel II	SINGLE	size fractionation	GENOMIC	PACBIO_SMRT	SAMN09948751	Strigops habroptila	SRP455372	PRJNA1005977	2023-08-16	925.0	7951.0
SRR25655875	WGS	G10K	Sequel II	SINGLE	size fractionation	GENOMIC	PACBIO_SMRT	SAMN09948751	Strigops habroptila	SRP455372	PRJNA1005977	2023-08-16	840.0	7633.0
SRR25655876	WGS	G10K	Sequel II	SINGLE	size fractionation	GENOMIC	PACBIO_SMRT	SAMN09948751	Strigops habroptila	SRP455372	PRJNA1005977	2023-08-16	862.0	7730.0
SRR25655877	WGS	G10K	Sequel II	SINGLE	size fractionation	GENOMIC	PACBIO_SMRT	SAMN09948751	Strigops habroptila	SRP455372	PRJNA1005977	2023-08-16	938.0	7577.0
SRR25655878	WGS	G10K	Sequel II	SINGLE	size fractionation	GENOMIC	PACBIO_SMRT	SAMN09948751	Strigops habroptila	SRP455372	PRJNA1005977	2023-08-16	888.0	7826.0
SRR25655879	WGS	G10K	Sequel II	SINGLE	size fractionation	GENOMIC	PACBIO_SMRT	SAMN09948751	Strigops habroptila	SRP455372	PRJNA1005977	2023-08-16	754.0	9263.0
SRR25655880	WGS	G10K	Sequel II	SINGLE	size fractionation	GENOMIC	PACBIO_SMRT	SAMN09948751	Strigops habroptila	SRP455372	PRJNA1005977	2023-08-16	876.0	8683.0
SRR25655881	WGS	G10K	Sequel II	SINGLE	size fractionation	GENOMIC	PACBIO_SMRT	SAMN09948751	Strigops habroptila	SRP455372	PRJNA1005977	2023-08-16	960.0	8038.0
SRR25655882	WGS	G10K	Illumina NovaSeq 6000	PAIRED	RANDOM	GENOMIC	ILLUMINA	SAMN09948751	Strigops habroptila	SRP455372	PRJNA1005977	2023-08-16	30961.0	300.0
SRR25655883	WGS	G10K	Illumina NovaSeq 6000	PAIRED	RANDOM	GENOMIC	ILLUMINA	SAMN09948751	Strigops habroptila	SRP455372	PRJNA1005977	2023-08-16	31672.0	300.0
SRR13483684	WGS	AMNH	HiSeq X Ten	PAIRED	Hybrid Selection	GENOMIC	ILLUMINA	SAMN17062588	Tanygnathus lucionensis	SRP302372	PRJNA692616	2023-03-27	100.0	201.0
SRR13483683	WGS	AMNH	HiSeq X Ten	PAIRED	Hybrid Selection	GENOMIC	ILLUMINA	SAMN17062589	Tanygnathus megalorynchos	SRP302372	PRJNA692616	2023-03-27	182.0	194.0
SRR13483682	WGS	AMNH	HiSeq X Ten	PAIRED	Hybrid Selection	GENOMIC	ILLUMINA	SAMN17062590	Tanygnathus sumatranus	SRP302372	PRJNA692616	2023-03-27	623.0	195.0
SRR16762198	WGS	IRIDIAN GENOMES	HiSeq X Ten	PAIRED	RANDOM	GENOMIC	ILLUMINA	SAMN18520332	Thectocercus acuticaudatus	SRP344387	PRJNA479498	2021-11-05	27545.0	300.0
SRR13483686	WGS	AMNH	HiSeq X Ten	PAIRED	Hybrid Selection	GENOMIC	ILLUMINA	SAMN17062325	Thectocercus acuticaudatus acuticaudatus	SRP302372	PRJNA692616	2023-03-27	206.0	191.0
SRR13483898	WGS	AMNH	HiSeq X Ten	PAIRED	Hybrid Selection	GENOMIC	ILLUMINA	SAMN17062296	Thectocercus acuticaudatus acuticaudatus	SRP302372	PRJNA692616	2023-03-27	300.0	201.0
SRR13483685	WGS	AMNH	HiSeq X Ten	PAIRED	Hybrid Selection	GENOMIC	ILLUMINA	SAMN17062587	Touit batavicus	SRP302372	PRJNA692616	2023-03-27	198.0	201.0
SRR28399897	WGS	IRIDIAN GENOMES	HiSeq X Ten	PAIRED	RANDOM	GENOMIC	ILLUMINA	SAMN40555773	Touit batavicus	SRP496729	PRJNA703686	2024-03-20	27140.0	300.0
SRR13483681	WGS	AMNH	HiSeq X Ten	PAIRED	Hybrid Selection	GENOMIC	ILLUMINA	SAMN17062591	Touit costaricensis	SRP302372	PRJNA692616	2023-03-27	88.0	181.0
SRR30336913	WGS	IRIDIAN GENOMES	Illumina NovaSeq 6000	PAIRED	RANDOM	GENOMIC	ILLUMINA	SAMN41767763	Touit costaricensis	SRP527990	PRJNA491352	2024-08-22	25034.0	300.0
SRR13483680	WGS	AMNH	HiSeq X Ten	PAIRED	Hybrid Selection	GENOMIC	ILLUMINA	SAMN17062592	Touit dilectissimus	SRP302372	PRJNA692616	2023-03-27	184.0	193.0
SRR13483679	WGS	AMNH	HiSeq X Ten	PAIRED	Hybrid Selection	GENOMIC	ILLUMINA	SAMN17062593	Touit huetii	SRP302372	PRJNA692616	2023-03-27	277.0	192.0
SRR28399108	WGS	IRIDIAN GENOMES	HiSeq X Ten	PAIRED	RANDOM	GENOMIC	ILLUMINA	SAMN40554930	Touit huetii	SRP496701	PRJNA556186	2024-03-20	28585.0	300.0
SRR13483654	WGS	AMNH	HiSeq X Ten	PAIRED	Hybrid Selection	GENOMIC	ILLUMINA	SAMN17062615	Touit melanonotus	SRP302372	PRJNA692616	2023-03-27	87.0	199.0
SRR32182237	Targeted-Capture	MUSEU DE ZOOLOGIA DA UNIVERSIDADE DE SAO PAULO	Illumina HiSeq 2500	PAIRED	PCR	GENOMIC	ILLUMINA	SAMN46493257	Touit melanonotus	SRP560808	PRJNA1217499	2026-03-20	812.0	302.0
SRR32182238	Targeted-Capture	MUSEU DE ZOOLOGIA DA UNIVERSIDADE DE SAO PAULO	Illumina HiSeq 2500	PAIRED	PCR	GENOMIC	ILLUMINA	SAMN46493256	Touit melanonotus	SRP560808	PRJNA1217499	2026-03-20	465.0	302.0
SRR32182239	Targeted-Capture	MUSEU DE ZOOLOGIA DA UNIVERSIDADE DE SAO PAULO	Illumina HiSeq 2500	PAIRED	PCR	GENOMIC	ILLUMINA	SAMN46493255	Touit melanonotus	SRP560808	PRJNA1217499	2026-03-20	994.0	302.0
SRR32182240	Targeted-Capture	MUSEU DE ZOOLOGIA DA UNIVERSIDADE DE SAO PAULO	Illumina HiSeq 2500	PAIRED	PCR	GENOMIC	ILLUMINA	SAMN46493254	Touit melanonotus	SRP560808	PRJNA1217499	2026-03-20	868.0	302.0
SRR32182241	Targeted-Capture	MUSEU DE ZOOLOGIA DA UNIVERSIDADE DE SAO PAULO	Illumina HiSeq 2500	PAIRED	PCR	GENOMIC	ILLUMINA	SAMN46493253	Touit melanonotus	SRP560808	PRJNA1217499	2026-03-20	1058.0	302.0
SRR32182242	Targeted-Capture	MUSEU DE ZOOLOGIA DA UNIVERSIDADE DE SAO PAULO	Illumina HiSeq 2500	PAIRED	PCR	GENOMIC	ILLUMINA	SAMN46493252	Touit melanonotus	SRP560808	PRJNA1217499	2026-03-20	1242.0	302.0
SRR32182243	Targeted-Capture	MUSEU DE ZOOLOGIA DA UNIVERSIDADE DE SAO PAULO	Illumina HiSeq 2500	PAIRED	PCR	GENOMIC	ILLUMINA	SAMN46493251	Touit melanonotus	SRP560808	PRJNA1217499	2026-03-20	1116.0	302.0
SRR32182244	Targeted-Capture	MUSEU DE ZOOLOGIA DA UNIVERSIDADE DE SAO PAULO	Illumina HiSeq 2500	PAIRED	PCR	GENOMIC	ILLUMINA	SAMN46493272	Touit melanonotus	SRP560808	PRJNA1217499	2026-03-20	1507.0	302.0
SRR32182245	Targeted-Capture	MUSEU DE ZOOLOGIA DA UNIVERSIDADE DE SAO PAULO	Illumina HiSeq 2500	PAIRED	PCR	GENOMIC	ILLUMINA	SAMN46493271	Touit melanonotus	SRP560808	PRJNA1217499	2026-03-20	1302.0	302.0
SRR32182246	Targeted-Capture	MUSEU DE ZOOLOGIA DA UNIVERSIDADE DE SAO PAULO	Illumina HiSeq 2500	PAIRED	PCR	GENOMIC	ILLUMINA	SAMN46493270	Touit melanonotus	SRP560808	PRJNA1217499	2026-03-20	1305.0	302.0
SRR32182247	Targeted-Capture	MUSEU DE ZOOLOGIA DA UNIVERSIDADE DE SAO PAULO	Illumina HiSeq 2500	PAIRED	PCR	GENOMIC	ILLUMINA	SAMN46493269	Touit melanonotus	SRP560808	PRJNA1217499	2026-03-20	1153.0	302.0
SRR32182248	Targeted-Capture	MUSEU DE ZOOLOGIA DA UNIVERSIDADE DE SAO PAULO	Illumina HiSeq 2500	PAIRED	PCR	GENOMIC	ILLUMINA	SAMN46493268	Touit melanonotus	SRP560808	PRJNA1217499	2026-03-20	1290.0	302.0
SRR32182249	Targeted-Capture	MUSEU DE ZOOLOGIA DA UNIVERSIDADE DE SAO PAULO	Illumina HiSeq 2500	PAIRED	PCR	GENOMIC	ILLUMINA	SAMN46493250	Touit melanonotus	SRP560808	PRJNA1217499	2026-03-20	1068.0	302.0
SRR32182250	Targeted-Capture	MUSEU DE ZOOLOGIA DA UNIVERSIDADE DE SAO PAULO	Illumina HiSeq 2500	PAIRED	PCR	GENOMIC	ILLUMINA	SAMN46493267	Touit melanonotus	SRP560808	PRJNA1217499	2026-03-20	1366.0	302.0
SRR32182251	Targeted-Capture	MUSEU DE ZOOLOGIA DA UNIVERSIDADE DE SAO PAULO	Illumina HiSeq 2500	PAIRED	PCR	GENOMIC	ILLUMINA	SAMN46493266	Touit melanonotus	SRP560808	PRJNA1217499	2026-03-20	1170.0	302.0
SRR32182252	Targeted-Capture	MUSEU DE ZOOLOGIA DA UNIVERSIDADE DE SAO PAULO	Illumina HiSeq 2500	PAIRED	PCR	GENOMIC	ILLUMINA	SAMN46493265	Touit melanonotus	SRP560808	PRJNA1217499	2026-03-20	1394.0	302.0
SRR32182253	Targeted-Capture	MUSEU DE ZOOLOGIA DA UNIVERSIDADE DE SAO PAULO	Illumina HiSeq 2500	PAIRED	PCR	GENOMIC	ILLUMINA	SAMN46493264	Touit melanonotus	SRP560808	PRJNA1217499	2026-03-20	827.0	302.0
SRR32182254	Targeted-Capture	MUSEU DE ZOOLOGIA DA UNIVERSIDADE DE SAO PAULO	Illumina HiSeq 2500	PAIRED	PCR	GENOMIC	ILLUMINA	SAMN46493263	Touit melanonotus	SRP560808	PRJNA1217499	2026-03-20	1002.0	302.0
SRR32182255	Targeted-Capture	MUSEU DE ZOOLOGIA DA UNIVERSIDADE DE SAO PAULO	Illumina HiSeq 2500	PAIRED	PCR	GENOMIC	ILLUMINA	SAMN46493262	Touit melanonotus	SRP560808	PRJNA1217499	2026-03-20	846.0	302.0
SRR32182256	Targeted-Capture	MUSEU DE ZOOLOGIA DA UNIVERSIDADE DE SAO PAULO	Illumina HiSeq 2500	PAIRED	PCR	GENOMIC	ILLUMINA	SAMN46493261	Touit melanonotus	SRP560808	PRJNA1217499	2026-03-20	1103.0	302.0
SRR32182257	Targeted-Capture	MUSEU DE ZOOLOGIA DA UNIVERSIDADE DE SAO PAULO	Illumina HiSeq 2500	PAIRED	PCR	GENOMIC	ILLUMINA	SAMN46493260	Touit melanonotus	SRP560808	PRJNA1217499	2026-03-20	1057.0	302.0
SRR32182258	Targeted-Capture	MUSEU DE ZOOLOGIA DA UNIVERSIDADE DE SAO PAULO	Illumina HiSeq 2500	PAIRED	PCR	GENOMIC	ILLUMINA	SAMN46493259	Touit melanonotus	SRP560808	PRJNA1217499	2026-03-20	343.0	302.0
SRR32182259	Targeted-Capture	MUSEU DE ZOOLOGIA DA UNIVERSIDADE DE SAO PAULO	Illumina HiSeq 2500	PAIRED	PCR	GENOMIC	ILLUMINA	SAMN46493258	Touit melanonotus	SRP560808	PRJNA1217499	2026-03-20	595.0	302.0
SRR32182260	Targeted-Capture	MUSEU DE ZOOLOGIA DA UNIVERSIDADE DE SAO PAULO	Illumina HiSeq 2500	PAIRED	PCR	GENOMIC	ILLUMINA	SAMN46493249	Touit melanonotus	SRP560808	PRJNA1217499	2026-03-20	797.0	302.0
SRR32182261	Targeted-Capture	MUSEU DE ZOOLOGIA DA UNIVERSIDADE DE SAO PAULO	Illumina HiSeq 2500	PAIRED	PCR	GENOMIC	ILLUMINA	SAMN46493248	Touit melanonotus	SRP560808	PRJNA1217499	2026-03-20	1008.0	302.0
SRR13483678	WGS	AMNH	HiSeq X Ten	PAIRED	Hybrid Selection	GENOMIC	ILLUMINA	SAMN17062594	Touit purpuratus	SRP302372	PRJNA692616	2023-03-27	293.0	191.0
SRR28399621	WGS	IRIDIAN GENOMES	HiSeq X Ten	PAIRED	RANDOM	GENOMIC	ILLUMINA	SAMN40555791	Touit purpuratus	SRP496719	PRJNA703687	2024-03-20	32885.0	300.0
SRR13483647	WGS	AMNH	HiSeq X Ten	PAIRED	Hybrid Selection	GENOMIC	ILLUMINA	SAMN17062330	Touit surdus	SRP302372	PRJNA692616	2023-03-27	146.0	190.0
SRR13483846	WGS	AMNH	HiSeq X Ten	PAIRED	Hybrid Selection	GENOMIC	ILLUMINA	SAMN17062441	Touit surdus	SRP302372	PRJNA692616	2023-03-27	840.0	216.0
SRR8591200	WGS	AMNH	Illumina HiSeq 3000	PAIRED	Hybrid Selection	GENOMIC	ILLUMINA	SAMN10331363	Trichoglossus capistratus capistratus	SRP186257	PRJNA498485	2019-02-19	374.0	187.0
SRR8591197	WGS	AMNH	Illumina HiSeq 3000	PAIRED	Hybrid Selection	GENOMIC	ILLUMINA	SAMN10331364	Trichoglossus capistratus fortis	SRP186257	PRJNA498485	2019-02-19	392.0	189.0
SRR8591198	WGS	AMNH	Illumina HiSeq 3000	PAIRED	Hybrid Selection	GENOMIC	ILLUMINA	SAMN10331364	Trichoglossus capistratus fortis	SRP186257	PRJNA498485	2019-02-19	1181.0	194.0
SRR8591199	WGS	AMNH	Illumina HiSeq 3000	PAIRED	Hybrid Selection	GENOMIC	ILLUMINA	SAMN10331364	Trichoglossus capistratus fortis	SRP186257	PRJNA498485	2019-02-19	392.0	189.0
SRR8591196	WGS	AMNH	Illumina HiSeq 3000	PAIRED	Hybrid Selection	GENOMIC	ILLUMINA	SAMN10331365	Trichoglossus chlorolepidotus	SRP186257	PRJNA498485	2019-02-28	339.0	188.0
SRR32083748	WGS	IRIDIAN GENOMES	Illumina NovaSeq 6000	PAIRED	RANDOM	GENOMIC	ILLUMINA	SAMN18613290	Trichoglossus chlorolepidotus	SRP559198	PRJNA703641	2025-01-22	38811.0	300.0
SRR8591205	WGS	AMNH	Illumina HiSeq 3000	PAIRED	Hybrid Selection	GENOMIC	ILLUMINA	SAMN10331366	Trichoglossus euteles	SRP186257	PRJNA498485	2019-03-01	389.0	185.0
SRR21034938	WGS	IRIDIAN GENOMES	HiSeq X Ten	PAIRED	RANDOM	GENOMIC	ILLUMINA	SAMN18613291	Trichoglossus euteles	SRP391976	PRJNA703642	2022-08-13	25924.0	300.0
SRR8591172	WGS	AMNH	Illumina HiSeq 3000	PAIRED	Hybrid Selection	GENOMIC	ILLUMINA	SAMN10331370	Trichoglossus forsteni forsteni	SRP186257	PRJNA498485	2019-02-19	192.0	190.0
SRR8591173	WGS	AMNH	Illumina HiSeq 3000	PAIRED	Hybrid Selection	GENOMIC	ILLUMINA	SAMN10331370	Trichoglossus forsteni forsteni	SRP186257	PRJNA498485	2019-02-19	589.0	186.0
SRR8591174	WGS	AMNH	Illumina HiSeq 3000	PAIRED	Hybrid Selection	GENOMIC	ILLUMINA	SAMN10331370	Trichoglossus forsteni forsteni	SRP186257	PRJNA498485	2019-02-19	192.0	190.0
SRR8591175	WGS	AMNH	Illumina HiSeq 3000	PAIRED	Hybrid Selection	GENOMIC	ILLUMINA	SAMN10331371	Trichoglossus forsteni mitchellii	SRP186257	PRJNA498485	2019-02-19	709.0	187.0
SRR8591168	WGS	AMNH	Illumina HiSeq 3000	PAIRED	Hybrid Selection	GENOMIC	ILLUMINA	SAMN10331372	Trichoglossus forsteni stresemanni	SRP186257	PRJNA498485	2019-02-19	326.0	189.0
SRR8591176	WGS	AMNH	Illumina HiSeq 3000	PAIRED	Hybrid Selection	GENOMIC	ILLUMINA	SAMN10331372	Trichoglossus forsteni stresemanni	SRP186257	PRJNA498485	2019-02-19	326.0	189.0
SRR8591177	WGS	AMNH	Illumina HiSeq 3000	PAIRED	Hybrid Selection	GENOMIC	ILLUMINA	SAMN10331372	Trichoglossus forsteni stresemanni	SRP186257	PRJNA498485	2019-02-19	129.0	187.0
SRR8591030	WGS	AMNH	Illumina HiSeq 3000	PAIRED	Hybrid Selection	GENOMIC	ILLUMINA	SAMN10608414	Trichoglossus haematodus	SRP186257	PRJNA498485	2019-02-19	2091.0	251.0
SRR8591031	WGS	AMNH	Illumina HiSeq 3000	PAIRED	Hybrid Selection	GENOMIC	ILLUMINA	SAMN10608415	Trichoglossus haematodus	SRP186257	PRJNA498485	2019-02-19	1237.0	242.0
SRR25340742	WGS	IRIDIAN GENOMES	HiSeq X Ten	PAIRED	RANDOM	GENOMIC	ILLUMINA	SAMN32398568	Trichoglossus haematodus	SRP450366	PRJNA703645	2023-07-19	26314.0	300.0
SRR8591169	WGS	AMNH	Illumina HiSeq 3000	PAIRED	Hybrid Selection	GENOMIC	ILLUMINA	SAMN10331373	Trichoglossus haematodus caeruleiceps	SRP186257	PRJNA498485	2019-02-19	116.0	191.0
SRR8591018	WGS	AMNH	Illumina HiSeq 3000	PAIRED	Hybrid Selection	GENOMIC	ILLUMINA	SAMN10331374	Trichoglossus haematodus deplanchii	SRP186257	PRJNA498485	2019-02-19	115.0	188.0
SRR8591017	WGS	AMNH	Illumina HiSeq 3000	PAIRED	Hybrid Selection	GENOMIC	ILLUMINA	SAMN10331375	Trichoglossus haematodus djampeanus	SRP186257	PRJNA498485	2019-02-19	355.0	190.0
SRR8591019	WGS	AMNH	Illumina HiSeq 3000	PAIRED	Hybrid Selection	GENOMIC	ILLUMINA	SAMN10331375	Trichoglossus haematodus djampeanus	SRP186257	PRJNA498485	2019-02-19	355.0	190.0
SRR8591020	WGS	AMNH	Illumina HiSeq 3000	PAIRED	Hybrid Selection	GENOMIC	ILLUMINA	SAMN10331375	Trichoglossus haematodus djampeanus	SRP186257	PRJNA498485	2019-02-19	3.0	169.0
SRR8591021	WGS	AMNH	Illumina HiSeq 3000	PAIRED	Hybrid Selection	GENOMIC	ILLUMINA	SAMN10331376	Trichoglossus haematodus flavicans	SRP186257	PRJNA498485	2019-02-19	676.0	189.0
SRR8591022	WGS	AMNH	Illumina HiSeq 3000	PAIRED	Hybrid Selection	GENOMIC	ILLUMINA	SAMN10331376	Trichoglossus haematodus flavicans	SRP186257	PRJNA498485	2019-02-19	25.0	184.0
SRR8591024	WGS	AMNH	Illumina HiSeq 3000	PAIRED	Hybrid Selection	GENOMIC	ILLUMINA	SAMN10331376	Trichoglossus haematodus flavicans	SRP186257	PRJNA498485	2019-02-19	25.0	184.0
SRR8591023	WGS	AMNH	Illumina HiSeq 3000	PAIRED	Hybrid Selection	GENOMIC	ILLUMINA	SAMN10331377	Trichoglossus haematodus flavotectus	SRP186257	PRJNA498485	2019-02-19	290.0	190.0
SRR8591025	WGS	AMNH	Illumina HiSeq 3000	PAIRED	Hybrid Selection	GENOMIC	ILLUMINA	SAMN10331377	Trichoglossus haematodus flavotectus	SRP186257	PRJNA498485	2019-02-19	290.0	190.0
SRR8591026	WGS	AMNH	Illumina HiSeq 3000	PAIRED	Hybrid Selection	GENOMIC	ILLUMINA	SAMN10331377	Trichoglossus haematodus flavotectus	SRP186257	PRJNA498485	2019-02-19	511.0	188.0
SRR8591210	WGS	AMNH	Illumina HiSeq 3000	PAIRED	Hybrid Selection	GENOMIC	ILLUMINA	SAMN10331378	Trichoglossus haematodus haematodus	SRP186257	PRJNA498485	2019-02-19	416.0	186.0
SRR8591211	WGS	AMNH	Illumina HiSeq 3000	PAIRED	Hybrid Selection	GENOMIC	ILLUMINA	SAMN10331379	Trichoglossus haematodus haematodus	SRP186257	PRJNA498485	2019-02-19	461.0	195.0
SRR8591208	WGS	AMNH	Illumina HiSeq 3000	PAIRED	Hybrid Selection	GENOMIC	ILLUMINA	SAMN10331380	Trichoglossus haematodus masena	SRP186257	PRJNA498485	2019-02-28	484.0	187.0
SRR8591209	WGS	AMNH	Illumina HiSeq 3000	PAIRED	Hybrid Selection	GENOMIC	ILLUMINA	SAMN10331381	Trichoglossus haematodus massena	SRP186257	PRJNA498485	2019-02-19	188.0	185.0
SRR8591214	WGS	AMNH	Illumina HiSeq 3000	PAIRED	Hybrid Selection	GENOMIC	ILLUMINA	SAMN10331382	Trichoglossus haematodus massena	SRP186257	PRJNA498485	2019-02-28	530.0	188.0
SRR8591215	WGS	AMNH	Illumina HiSeq 3000	PAIRED	Hybrid Selection	GENOMIC	ILLUMINA	SAMN10331383	Trichoglossus haematodus micropteryx	SRP186257	PRJNA498485	2019-02-19	273.0	191.0
SRR8591216	WGS	AMNH	Illumina HiSeq 3000	PAIRED	Hybrid Selection	GENOMIC	ILLUMINA	SAMN10331386	Trichoglossus haematodus nesophilus	SRP186257	PRJNA498485	2019-02-19	301.0	186.0
SRR8591217	WGS	AMNH	Illumina HiSeq 3000	PAIRED	Hybrid Selection	GENOMIC	ILLUMINA	SAMN10331387	Trichoglossus haematodus nigrogularis	SRP186257	PRJNA498485	2019-02-19	193.0	185.0
SRR8591097	WGS	AMNH	Illumina HiSeq 3000	PAIRED	Hybrid Selection	GENOMIC	ILLUMINA	SAMN10331391	Trichoglossus johnstoniae	SRP186257	PRJNA498485	2019-02-19	252.0	195.0
SRR8591096	WGS	AMNH	Illumina HiSeq 3000	PAIRED	Hybrid Selection	GENOMIC	ILLUMINA	SAMN10331392	Trichoglossus johnstoniae	SRP186257	PRJNA498485	2019-02-28	234.0	187.0
SRR23710437	WGS	IRIDIAN GENOMES	HiSeq X Ten	PAIRED	RANDOM	GENOMIC	ILLUMINA	SAMN33596943	Trichoglossus johnstoniae	SRP425845	PRJNA703647	2023-03-06	16706.0	300.0
SRR8591212	WGS	AMNH	Illumina HiSeq 3000	PAIRED	Hybrid Selection	GENOMIC	ILLUMINA	SAMN10331384	Trichoglossus moluccanus	SRP186257	PRJNA498485	2019-02-19	386.0	186.0
SRR8591213	WGS	AMNH	Illumina HiSeq 3000	PAIRED	Hybrid Selection	GENOMIC	ILLUMINA	SAMN10331385	Trichoglossus moluccanus	SRP186257	PRJNA498485	2019-02-19	609.0	188.0
SRR11775227	RNA-Seq	THE UNIVERSITY OF SYDNEY	Illumina HiSeq 2500	PAIRED	RANDOM	METATRANSCRIPTOMIC	ILLUMINA	SAMN14895082	Trichoglossus moluccanus	SRP261227	PRJNA631876	2020-05-12	6217.0	250.0
SRR11775228	RNA-Seq	THE UNIVERSITY OF SYDNEY	Illumina HiSeq 2500	PAIRED	RANDOM	METATRANSCRIPTOMIC	ILLUMINA	SAMN14895081	Trichoglossus moluccanus	SRP261227	PRJNA631876	2020-05-12	4798.0	200.0
SRR11775229	RNA-Seq	THE UNIVERSITY OF SYDNEY	Illumina HiSeq 2500	PAIRED	RANDOM	METATRANSCRIPTOMIC	ILLUMINA	SAMN14895080	Trichoglossus moluccanus	SRP261227	PRJNA631876	2020-05-12	5101.0	200.0
SRR11775230	RNA-Seq	THE UNIVERSITY OF SYDNEY	Illumina HiSeq 2500	PAIRED	RANDOM	METATRANSCRIPTOMIC	ILLUMINA	SAMN14895079	Trichoglossus moluccanus	SRP261227	PRJNA631876	2020-05-12	5311.0	200.0
SRR10852887	RNA-Seq	MAX PLANCK INSTITUTE FOR ORNITHOLOGY-SEEWIESEN	Illumina HiSeq 2500	PAIRED	RANDOM	TRANSCRIPTOMIC	ILLUMINA	SAMN13755369	Trichoglossus moluccanus	SRP240625	PRJNA599522	2020-08-13	6055.0	100.0
SRR25477156	WGS	IRIDIAN GENOMES	HiSeq X Ten	PAIRED	RANDOM	GENOMIC	ILLUMINA	SAMN36785621	Trichoglossus moluccanus	SRP452568	PRJNA703648	2023-08-01	20926.0	300.0
SRR27193156	RNA-Seq	MAX PLANCK INSTITUTE	Illumina NovaSeq 6000	PAIRED	PCR	TRANSCRIPTOMIC	ILLUMINA	SAMN38796347	Trichoglossus moluccanus	SRP477658	PRJNA1051684	2024-07-26	5813.0	202.0
SRR27193157	RNA-Seq	MAX PLANCK INSTITUTE	Illumina NovaSeq 6000	PAIRED	PCR	TRANSCRIPTOMIC	ILLUMINA	SAMN38796346	Trichoglossus moluccanus	SRP477658	PRJNA1051684	2024-07-26	5625.0	202.0
SRR27193158	RNA-Seq	MAX PLANCK INSTITUTE	Illumina NovaSeq 6000	PAIRED	PCR	TRANSCRIPTOMIC	ILLUMINA	SAMN38796345	Trichoglossus moluccanus	SRP477658	PRJNA1051684	2024-07-26	5598.0	202.0
SRR27193159	RNA-Seq	MAX PLANCK INSTITUTE	Illumina NovaSeq 6000	PAIRED	PCR	TRANSCRIPTOMIC	ILLUMINA	SAMN38796344	Trichoglossus moluccanus	SRP477658	PRJNA1051684	2024-07-26	6328.0	202.0
SRR27193160	RNA-Seq	MAX PLANCK INSTITUTE	Illumina NovaSeq 6000	PAIRED	PCR	TRANSCRIPTOMIC	ILLUMINA	SAMN38796343	Trichoglossus moluccanus	SRP477658	PRJNA1051684	2024-07-26	5873.0	202.0
SRR27193161	RNA-Seq	MAX PLANCK INSTITUTE	Illumina NovaSeq 6000	PAIRED	PCR	TRANSCRIPTOMIC	ILLUMINA	SAMN38796342	Trichoglossus moluccanus	SRP477658	PRJNA1051684	2024-07-26	5620.0	202.0
SRR27193162	RNA-Seq	MAX PLANCK INSTITUTE	Illumina NovaSeq 6000	PAIRED	PCR	TRANSCRIPTOMIC	ILLUMINA	SAMN38796341	Trichoglossus moluccanus	SRP477658	PRJNA1051684	2024-07-26	5710.0	202.0
SRR27193166	RNA-Seq	MAX PLANCK INSTITUTE	Illumina NovaSeq 6000	PAIRED	PCR	TRANSCRIPTOMIC	ILLUMINA	SAMN38796358	Trichoglossus moluccanus	SRP477658	PRJNA1051684	2024-07-26	7528.0	202.0
SRR27193167	RNA-Seq	MAX PLANCK INSTITUTE	Illumina NovaSeq 6000	PAIRED	PCR	TRANSCRIPTOMIC	ILLUMINA	SAMN38796340	Trichoglossus moluccanus	SRP477658	PRJNA1051684	2024-07-26	4938.0	202.0
SRR27193168	RNA-Seq	MAX PLANCK INSTITUTE	Illumina NovaSeq 6000	PAIRED	PCR	TRANSCRIPTOMIC	ILLUMINA	SAMN38796357	Trichoglossus moluccanus	SRP477658	PRJNA1051684	2024-07-26	9443.0	202.0
SRR27193169	RNA-Seq	MAX PLANCK INSTITUTE	Illumina NovaSeq 6000	PAIRED	PCR	TRANSCRIPTOMIC	ILLUMINA	SAMN38796356	Trichoglossus moluccanus	SRP477658	PRJNA1051684	2024-07-26	5201.0	202.0
SRR27193170	RNA-Seq	MAX PLANCK INSTITUTE	Illumina NovaSeq 6000	PAIRED	PCR	TRANSCRIPTOMIC	ILLUMINA	SAMN38796355	Trichoglossus moluccanus	SRP477658	PRJNA1051684	2024-07-26	6781.0	202.0
SRR27193171	RNA-Seq	MAX PLANCK INSTITUTE	Illumina NovaSeq 6000	PAIRED	PCR	TRANSCRIPTOMIC	ILLUMINA	SAMN38796354	Trichoglossus moluccanus	SRP477658	PRJNA1051684	2024-07-26	5746.0	202.0
SRR27193172	RNA-Seq	MAX PLANCK INSTITUTE	Illumina NovaSeq 6000	PAIRED	PCR	TRANSCRIPTOMIC	ILLUMINA	SAMN38796353	Trichoglossus moluccanus	SRP477658	PRJNA1051684	2024-07-26	5988.0	202.0
SRR27193173	RNA-Seq	MAX PLANCK INSTITUTE	Illumina NovaSeq 6000	PAIRED	PCR	TRANSCRIPTOMIC	ILLUMINA	SAMN38796352	Trichoglossus moluccanus	SRP477658	PRJNA1051684	2024-07-26	7230.0	202.0
SRR27193174	RNA-Seq	MAX PLANCK INSTITUTE	Illumina NovaSeq 6000	PAIRED	PCR	TRANSCRIPTOMIC	ILLUMINA	SAMN38796351	Trichoglossus moluccanus	SRP477658	PRJNA1051684	2024-07-26	7769.0	202.0
SRR27193175	RNA-Seq	MAX PLANCK INSTITUTE	Illumina NovaSeq 6000	PAIRED	PCR	TRANSCRIPTOMIC	ILLUMINA	SAMN38796350	Trichoglossus moluccanus	SRP477658	PRJNA1051684	2024-07-26	5332.0	202.0
SRR27193176	RNA-Seq	MAX PLANCK INSTITUTE	Illumina NovaSeq 6000	PAIRED	PCR	TRANSCRIPTOMIC	ILLUMINA	SAMN38796349	Trichoglossus moluccanus	SRP477658	PRJNA1051684	2024-07-26	5557.0	202.0
SRR27193177	RNA-Seq	MAX PLANCK INSTITUTE	Illumina NovaSeq 6000	PAIRED	PCR	TRANSCRIPTOMIC	ILLUMINA	SAMN38796348	Trichoglossus moluccanus	SRP477658	PRJNA1051684	2024-07-26	6481.0	202.0
SRR27193178	RNA-Seq	MAX PLANCK INSTITUTE	Illumina NovaSeq 6000	PAIRED	PCR	TRANSCRIPTOMIC	ILLUMINA	SAMN38796339	Trichoglossus moluccanus	SRP477658	PRJNA1051684	2024-07-26	5457.0	202.0
SRR27193179	RNA-Seq	MAX PLANCK INSTITUTE	Illumina NovaSeq 6000	PAIRED	PCR	TRANSCRIPTOMIC	ILLUMINA	SAMN38796338	Trichoglossus moluccanus	SRP477658	PRJNA1051684	2024-07-26	5727.0	202.0
SRR8591099	WGS	AMNH	Illumina HiSeq 3000	PAIRED	Hybrid Selection	GENOMIC	ILLUMINA	SAMN10331389	Trichoglossus rosenbergii	SRP186257	PRJNA498485	2019-02-19	371.0	186.0
SRR8591095	WGS	AMNH	Illumina HiSeq 3000	PAIRED	Hybrid Selection	GENOMIC	ILLUMINA	SAMN10331397	Trichoglossus rubiginosus	SRP186257	PRJNA498485	2019-02-19	558.0	183.0
SRR8591101	WGS	AMNH	Illumina HiSeq 3000	PAIRED	Hybrid Selection	GENOMIC	ILLUMINA	SAMN10331395	Trichoglossus rubiginosus	SRP186257	PRJNA498485	2019-02-19	428.0	192.0
SRR8591100	WGS	AMNH	Illumina HiSeq 3000	PAIRED	Hybrid Selection	GENOMIC	ILLUMINA	SAMN10331396	Trichoglossus rubiginosus	SRP186257	PRJNA498485	2019-02-28	596.0	188.0
SRR28965413	WGS	IRIDIAN GENOMES	HiSeq X Ten	PAIRED	RANDOM	GENOMIC	ILLUMINA	SAMN40504073	Trichoglossus rubiginosus	SRP425859	PRJNA480485	2024-05-08	59799.0	300.0
SRR29707332	WGS	IRIDIAN GENOMES	HiSeq X Ten	PAIRED	RANDOM	GENOMIC	ILLUMINA	SAMN40504073	Trichoglossus rubiginosus	SRP425859	PRJNA480485	2024-07-04	32391.0	300.0
SRR8591098	WGS	AMNH	Illumina HiSeq 3000	PAIRED	Hybrid Selection	GENOMIC	ILLUMINA	SAMN10331390	Trichoglossus rubritorquis	SRP186257	PRJNA498485	2019-02-28	372.0	187.0
SRR8591094	WGS	AMNH	Illumina HiSeq 3000	PAIRED	Hybrid Selection	GENOMIC	ILLUMINA	SAMN10331398	Trichoglossus weberi	SRP186257	PRJNA498485	2019-02-19	666.0	184.0
SRR13483676	WGS	AMNH	HiSeq X Ten	PAIRED	Hybrid Selection	GENOMIC	ILLUMINA	SAMN17062596	Triclaria malachitacea	SRP302372	PRJNA692616	2023-03-27	184.0	193.0
SRR32083715	WGS	IRIDIAN GENOMES	Illumina NovaSeq 6000	PAIRED	RANDOM	GENOMIC	ILLUMINA	SAMN18865392	Triclaria malachitacea	SRP559195	PRJNA703634	2025-01-22	33286.0	300.0
SRR8591068	WGS	AMNH	Illumina HiSeq 3000	PAIRED	Hybrid Selection	GENOMIC	ILLUMINA	SAMN10331399	Vini australis	SRP186257	PRJNA498485	2019-02-28	174.0	186.0
SRR8591069	WGS	AMNH	Illumina HiSeq 3000	PAIRED	Hybrid Selection	GENOMIC	ILLUMINA	SAMN10331400	Vini australis	SRP186257	PRJNA498485	2019-02-28	299.0	187.0
SRR8591064	WGS	AMNH	Illumina HiSeq 3000	PAIRED	Hybrid Selection	GENOMIC	ILLUMINA	SAMN10331401	Vini kuhlii	SRP186257	PRJNA498485	2019-02-19	229.0	187.0
SRR8591065	WGS	AMNH	Illumina HiSeq 3000	PAIRED	Hybrid Selection	GENOMIC	ILLUMINA	SAMN10331402	Vini kuhlii	SRP186257	PRJNA498485	2019-02-19	340.0	191.0
SRR8591070	WGS	AMNH	Illumina HiSeq 3000	PAIRED	Hybrid Selection	GENOMIC	ILLUMINA	SAMN10331401	Vini kuhlii	SRP186257	PRJNA498485	2019-02-19	229.0	187.0
SRR8591071	WGS	AMNH	Illumina HiSeq 3000	PAIRED	Hybrid Selection	GENOMIC	ILLUMINA	SAMN10331401	Vini kuhlii	SRP186257	PRJNA498485	2019-02-19	165.0	182.0
SRR8591066	WGS	AMNH	Illumina HiSeq 3000	PAIRED	Hybrid Selection	GENOMIC	ILLUMINA	SAMN10331403	Vini peruviana	SRP186257	PRJNA498485	2019-02-19	642.0	188.0
SRR8591067	WGS	AMNH	Illumina HiSeq 3000	PAIRED	Hybrid Selection	GENOMIC	ILLUMINA	SAMN10331404	Vini peruviana	SRP186257	PRJNA498485	2019-02-28	932.0	187.0
SRR8591062	WGS	AMNH	Illumina HiSeq 3000	PAIRED	Hybrid Selection	GENOMIC	ILLUMINA	SAMN10331405	Vini stepheni	SRP186257	PRJNA498485	2019-02-28	793.0	188.0
SRR8591063	WGS	AMNH	Illumina HiSeq 3000	PAIRED	Hybrid Selection	GENOMIC	ILLUMINA	SAMN10331406	Vini stepheni	SRP186257	PRJNA498485	2019-02-28	198.0	186.0
SRR8591127	WGS	AMNH	Illumina HiSeq 3000	PAIRED	Hybrid Selection	GENOMIC	ILLUMINA	SAMN10331408	Vini ultramarina	SRP186257	PRJNA498485	2019-02-19	576.0	188.0
SRR8591207	WGS	AMNH	Illumina HiSeq 3000	PAIRED	Hybrid Selection	GENOMIC	ILLUMINA	SAMN10331407	Vini ultramarina	SRP186257	PRJNA498485	2019-02-28	281.0	187.0
SRR13483895	WGS	AMNH	HiSeq X Ten	PAIRED	Hybrid Selection	GENOMIC	ILLUMINA	SAMN17062396	Zanda baudinii	SRP302372	PRJNA692616	2023-03-27	244.0	191.0
SRR13483913	WGS	AMNH	HiSeq X Ten	PAIRED	Hybrid Selection	GENOMIC	ILLUMINA	SAMN17062382	Zanda funerea	SRP302372	PRJNA692616	2023-03-27	284.0	201.0
SRR30336915	WGS	IRIDIAN GENOMES	HiSeq X Ten	PAIRED	RANDOM	GENOMIC	ILLUMINA	SAMN41767766	Zanda funerea	SRP527992	PRJNA718285	2024-08-22	30535.0	300.0
SRR13483893	WGS	AMNH	HiSeq X Ten	PAIRED	Hybrid Selection	GENOMIC	ILLUMINA	SAMN17062398	Zanda latirostris	SRP302372	PRJNA692616	2023-03-27	127.0	190.0
